Customer ID,Recency,Frequency,Monetary,Cancel_Count,Cluster,Segment,predicted_clv,Churned
12346,326,12,77556.46,14,0,Champions,25962.373049360693,1
12347,2,8,5633.32,0,0,Champions,3981.252161892995,0
12348,75,5,2019.4,0,2,At-Risk,1413.9540740444004,0
12349,19,4,4428.6900000000005,5,3,New/Occasional,2179.239818735798,0
12350,310,1,334.40000000000003,0,1,Lost/Inactive,,1
12351,375,1,300.93,0,1,Lost/Inactive,,1
12352,36,10,2849.84,10,0,Champions,2161.109557816563,0
12353,204,2,406.76,0,1,Lost/Inactive,108.75702582495184,1
12354,232,1,1079.4,0,1,Lost/Inactive,,1
12355,214,2,947.61,0,2,At-Risk,423.7759044827161,1
12356,23,6,6373.68,0,0,Champions,4313.958690025775,0
12357,33,3,18287.66,0,0,Champions,8378.24691817371,0
12358,2,5,3887.07,0,0,Champions,1243.0671821904837,0
12359,58,10,8935.94,10,0,Champions,3711.411701637979,0
12360,52,8,4252.89,1,0,Champions,2131.4235575644907,0
12361,287,4,511.25,0,2,At-Risk,212.3396225293569,1
12362,3,11,5356.2300000000005,8,0,Champions,2355.265633974724,0
12363,110,2,552.0,0,1,Lost/Inactive,475.77720454393335,1
12364,8,4,1313.1,0,3,New/Occasional,1633.5677444316304,0
12365,291,2,641.38,1,1,Lost/Inactive,,1
12366,634,1,500.24,0,1,Lost/Inactive,-6.471035454678373,1
12367,4,1,168.9,0,3,New/Occasional,,0
12368,628,1,917.7,0,1,Lost/Inactive,-6.516955680767672,1
12369,413,3,1791.15,0,2,At-Risk,762.5071408193469,1
12370,51,7,4320.31,0,2,At-Risk,1982.1053624116264,0
12371,45,5,4067.38,0,2,At-Risk,2062.407566413981,0
12372,72,3,1298.04,0,2,At-Risk,1145.6881181998529,0
12373,311,3,1127.65,0,2,At-Risk,405.6458145316408,1
12374,25,4,2989.2200000000003,0,3,New/Occasional,1154.9738585053403,0
12375,11,2,457.5,1,3,New/Occasional,853.6107677410813,0
12376,390,2,503.15,0,1,Lost/Inactive,46.06521521054439,1
12377,315,4,3426.32,0,2,At-Risk,1220.6259547932611,1
12378,130,2,5416.32,0,2,At-Risk,3834.718601201816,1
12379,82,4,1620.22,1,2,At-Risk,878.7982541129713,1
12380,22,11,9676.3,6,0,Champions,3411.186614168231,0
12381,5,5,1845.31,4,3,New/Occasional,1248.11489075009,0
12383,185,5,1850.56,1,2,At-Risk,1014.0017846374946,1
12384,29,2,585.27,3,3,New/Occasional,948.1286068798106,0
12385,379,1,1938.4,1,2,At-Risk,,1
12386,338,2,660.8000000000001,0,1,Lost/Inactive,113.06364753633264,1
12387,415,1,143.94,0,1,Lost/Inactive,,1
12388,16,8,3901.11,0,0,Champions,1979.992804702582,0
12389,403,3,1433.33,0,2,At-Risk,682.1955689894106,1
12390,80,1,549.84,0,1,Lost/Inactive,,1
12391,22,6,2773.42,6,0,Champions,1139.1342960146028,0
12392,591,1,234.75000000000003,0,1,Lost/Inactive,-6.87822500269337,1
12393,72,6,2399.45,5,2,At-Risk,1624.31567314959,0
12394,64,2,1272.48,0,3,New/Occasional,1874.1343427710697,0
12395,19,15,5067.27,3,0,Champions,2097.203059791771,0
12396,674,1,931.43,0,1,Lost/Inactive,-6.117637362831072,1
12397,36,2,2409.9,0,3,New/Occasional,3555.574400569509,0
12398,46,1,1635.66,0,3,New/Occasional,,0
12399,119,7,1962.3,0,2,At-Risk,922.7811619138932,1
12400,414,1,205.25,0,1,Lost/Inactive,,1
12401,303,1,84.3,0,1,Lost/Inactive,,1
12402,323,6,1256.9,1,2,At-Risk,447.9416233255313,1
12403,50,2,1019.36,1,3,New/Occasional,450.501877532413,0
12404,682,1,63.24,0,1,Lost/Inactive,-6.053148487918491,1
12405,149,1,1710.39,0,2,At-Risk,,1
12406,22,5,6390.36,4,0,Champions,2902.7954629078245,0
12407,50,5,1708.12,0,2,At-Risk,1775.4878923335273,0
12408,33,8,4340.77,11,0,Champions,2779.49327308094,0
12409,79,7,23419.29,8,0,Champions,9878.59100410275,1
12410,309,3,1013.71,2,2,At-Risk,637.4935647820627,1
12411,410,1,346.9,0,1,Lost/Inactive,,1
12412,75,6,2596.93,4,2,At-Risk,1225.0952475133445,0
12413,67,4,999.45,2,2,At-Risk,681.3062542727259,0
12414,217,6,952.41,9,2,At-Risk,410.6324351396791,1
12415,24,28,144458.37,62,0,Champions,82941.21935646686,0
12416,657,1,202.56,0,1,Lost/Inactive,-6.267901844768549,1
12417,3,20,6816.91,10,0,Champions,2848.792145901995,0
12418,113,4,2021.2,1,2,At-Risk,1011.0313811930116,1
12419,386,2,503.01,0,1,Lost/Inactive,115.78775921833758,1
12420,64,1,600.39,0,3,New/Occasional,,0
12421,16,6,1098.6,2,3,New/Occasional,695.387656589758,0
12422,96,17,5231.8,4,0,Champions,2292.789417737299,1
12423,1,10,2622.39,1,0,Champions,1596.5983559780816,0
12424,163,4,3340.03,5,2,At-Risk,2150.2220895366117,1
12425,78,2,1741.41,4,2,At-Risk,919.6848190134068,1
12426,195,2,1345.21,5,2,At-Risk,477.2220450065528,1
12427,22,3,1129.3,4,3,New/Occasional,564.3360770899463,0
12428,26,9,7956.46,6,0,Champions,3221.9307599632275,0
12429,9,8,7485.91,1,0,Champions,3856.4662376991,0
12430,43,1,256.4,0,3,New/Occasional,,0
12431,36,27,10857.97,7,0,Champions,4436.02242648419,0
12432,43,5,5059.32,0,2,At-Risk,3368.675257577814,0
12433,1,10,20581.26,1,0,Champions,13873.479901385976,0
12434,85,3,1103.43,4,2,At-Risk,835.314350375097,1
12435,80,6,13925.93,0,0,Champions,6209.353315590435,1
12436,100,1,509.01,0,1,Lost/Inactive,,1
12437,2,39,12683.4,19,0,Champions,5183.866829615174,0
12438,14,2,2906.85,0,3,New/Occasional,5955.732014231944,0
12439,683,2,1158.18,3,2,At-Risk,21.526847790411956,1
12440,462,2,859.2,3,1,Lost/Inactive,187.66905833047812,1
12441,367,1,347.1,0,1,Lost/Inactive,,1
12442,3,1,172.06,0,3,New/Occasional,,0
12443,732,1,485.31,0,1,Lost/Inactive,-5.679073001230779,1
12444,21,5,5005.46,0,0,Champions,5249.384663629394,0
12445,22,2,434.98,1,3,New/Occasional,173.5177338910654,0
12446,58,1,1002.31,0,3,New/Occasional,,0
12447,243,1,476.49,0,1,Lost/Inactive,,1
12448,44,1,449.45,0,3,New/Occasional,,0
12449,22,6,4835.89,0,0,Champions,3193.1415852556293,0
12450,156,5,688.2,3,2,At-Risk,384.6666669024556,1
12451,11,8,12669.88,3,0,Champions,6701.777467315084,0
12452,17,2,430.5700000000001,1,3,New/Occasional,,0
12453,134,1,707.09,0,1,Lost/Inactive,,1
12454,56,5,16679.78,32,0,Champions,9751.371766806504,0
12455,73,10,5879.95,0,0,Champions,1953.42611979796,0
12456,44,3,3181.04,4,2,At-Risk,3247.5025417624224,0
12457,66,8,2995.91,8,2,At-Risk,1735.8520569016146,0
12458,71,4,1777.49,0,2,At-Risk,1063.123047875115,0
12459,605,1,454.36,0,1,Lost/Inactive,-6.736898042404881,1
12460,456,1,326.65,0,1,Lost/Inactive,,1
12461,94,2,826.88,0,2,At-Risk,509.9900718901768,1
12462,19,2,1189.59,10,3,New/Occasional,716.310590429992,0
12463,53,4,1344.78,5,2,At-Risk,1349.5116822449895,0
12464,10,8,1212.05,0,3,New/Occasional,1008.6846718235504,0
12465,17,2,742.19,4,3,New/Occasional,788.6319286177312,0
12466,682,1,56.73,0,1,Lost/Inactive,-6.053148487918491,1
12467,423,1,132.8,9,1,Lost/Inactive,,1
12468,188,5,3670.74,13,2,At-Risk,1678.4170381218016,1
12469,523,2,3070.54,0,2,At-Risk,371.6269760996489,1
12470,690,1,211.95,0,1,Lost/Inactive,-5.997829224297223,1
12471,2,79,39963.79,160,0,Champions,16594.805161680437,0
12472,32,19,17880.59,138,0,Champions,7329.136711903076,0
12473,29,5,3938.55,11,0,Champions,5317.306468766804,0
12474,17,31,12424.45,54,0,Champions,5773.993289368766,0
12475,54,2,1149.64,0,3,New/Occasional,932.2302954770778,0
12476,16,23,14115.41,48,0,Champions,7956.135283509468,0
12477,23,9,20276.37,8,0,Champions,9746.181787454205,0
12478,4,1,680.99,0,3,New/Occasional,,0
12479,11,1,527.2,4,3,New/Occasional,,0
12480,28,7,5464.85,3,0,Champions,3309.3975575889235,0
12481,23,15,12361.39,4,0,Champions,4979.143311065436,0
12482,576,29,23691.4,3,0,Champions,87.32996891446155,1
12483,17,19,5120.58,9,0,Champions,2275.834741044023,0
12484,33,12,6370.15,9,0,Champions,2787.9821204932173,0
12485,529,1,708.1,0,1,Lost/Inactive,,1
12486,432,1,1037.28,0,1,Lost/Inactive,,1
12487,731,1,285.3,1,1,Lost/Inactive,-5.693143596510228,1
12488,10,3,1298.66,0,3,New/Occasional,2462.451575531177,0
12489,336,1,334.93,0,1,Lost/Inactive,,1
12490,5,21,9823.64,1,0,Champions,4001.788818219404,0
12491,39,1,460.4,0,3,New/Occasional,,0
12492,63,3,715.21,0,3,New/Occasional,264.5109030665224,0
12493,166,2,433.74,1,1,Lost/Inactive,364.8199026073013,1
12494,16,9,1872.87,11,0,Champions,877.623430907855,0
12495,641,1,357.4,2,1,Lost/Inactive,-6.407827313905342,1
12496,620,2,54.09,0,1,Lost/Inactive,-6.59180403899118,1
12497,82,3,6248.5,1,2,At-Risk,3318.9053163767444,1
12498,21,3,403.7000000000001,0,3,New/Occasional,772.6785180551676,0
12499,560,1,393.72,0,1,Lost/Inactive,-7.213382267708189,1
12500,23,19,5955.21,10,0,Champions,2642.264601933457,0
12501,337,1,2169.39,11,2,At-Risk,,1
12502,96,5,3723.87,0,2,At-Risk,3200.304023077062,1
12503,584,1,1126.0,1,1,Lost/Inactive,-6.951144165835234,1
12504,18,4,779.05,6,3,New/Occasional,415.6126194540555,0
12505,409,1,955.2,5,1,Lost/Inactive,,1
12506,233,1,73.5,0,1,Lost/Inactive,,1
12507,134,4,1844.06,1,2,At-Risk,836.0588803175431,1
12508,26,2,398.27,0,3,New/Occasional,770.9779585384712,0
12509,284,1,176.5,0,1,Lost/Inactive,,1
12510,143,9,5178.02,9,2,At-Risk,2160.149318442251,1
12511,429,1,3084.02,4,2,At-Risk,,1
12512,66,2,138.03,0,1,Lost/Inactive,,0
12513,113,1,612.29,1,1,Lost/Inactive,,1
12514,267,2,1597.76,0,2,At-Risk,825.851438910036,1
12515,353,1,383.7,0,1,Lost/Inactive,,1
12516,78,4,2648.62,0,2,At-Risk,1242.4524498012925,1
12517,28,5,2502.84,2,3,New/Occasional,2840.7397921507923,0
12518,1,5,2056.89,0,3,New/Occasional,3928.893695988373,0
12519,64,2,726.54,2,3,New/Occasional,387.3716211071729,0
12520,79,5,2634.26,3,2,At-Risk,1888.0178268365269,1
12521,143,1,599.68,0,1,Lost/Inactive,,1
12522,39,2,192.72,0,3,New/Occasional,519.3228902036674,0
12523,19,23,4372.15,15,0,Champions,1871.360747743467,0
12524,9,17,11126.11,2,0,Champions,5076.055781032446,0
12525,498,3,973.73,17,2,At-Risk,162.52857417287922,1
12526,1,3,1316.66,0,3,New/Occasional,2333.108548977441,0
12527,82,5,735.51,0,2,At-Risk,291.75250872209267,1
12528,9,6,1933.48,3,3,New/Occasional,1476.2804451395689,0
12529,528,1,316.48,2,1,Lost/Inactive,,1
12530,60,9,3759.26,4,0,Champions,1760.7673967208348,0
12531,15,2,1933.2,6,3,New/Occasional,106.24997201228628,0
12532,30,1,349.83000000000004,0,3,New/Occasional,,0
12533,628,2,1367.89,18,2,At-Risk,186.7695866739188,1
12534,131,1,1089.18,0,1,Lost/Inactive,,1
12535,92,2,716.35,0,3,New/Occasional,785.6893233869637,1
12536,43,3,12601.830000000002,12,2,At-Risk,37705.41314084461,0
12537,409,1,732.94,0,1,Lost/Inactive,,1
12538,29,2,640.45,0,3,New/Occasional,507.4684135449136,0
12539,22,7,11214.75,1,0,Champions,3013.3033197565514,0
12540,20,33,22254.49,4,0,Champions,9415.965881611111,0
12541,30,3,981.18,0,3,New/Occasional,906.1632306870472,0
12542,484,2,481.88,6,1,Lost/Inactive,74.62463950193647,1
12543,448,1,980.25,0,1,Lost/Inactive,,1
12544,36,1,372.7,1,3,New/Occasional,,0
12545,75,2,1000.39,0,3,New/Occasional,685.2848918942477,0
12546,47,2,1161.5,1,3,New/Occasional,1618.483716911495,0
12547,198,3,383.58,0,1,Lost/Inactive,166.18743360536106,1
12548,166,1,95.2,0,1,Lost/Inactive,,1
12549,576,6,1575.68,0,2,At-Risk,52.043435829434,1
12550,79,1,964.83,0,3,New/Occasional,,1
12551,358,1,168.0,0,1,Lost/Inactive,,1
12552,39,2,437.82,0,3,New/Occasional,660.8960832765832,0
12553,8,12,4608.75,6,0,Champions,2986.5595298683284,0
12554,449,1,468.5,0,1,Lost/Inactive,,1
12555,682,1,129.23,0,1,Lost/Inactive,-6.053148487918491,1
12556,50,2,603.71,0,3,New/Occasional,799.9850303226234,0
12557,16,8,18716.14,0,0,Champions,7938.7173781443,0
12558,8,1,269.96,11,3,New/Occasional,,0
12559,311,2,561.71,1,1,Lost/Inactive,61.03155261844251,1
12560,5,3,2134.01,6,3,New/Occasional,1887.69940417484,0
12561,303,1,238.85,0,1,Lost/Inactive,,1
12562,8,9,4966.92,0,0,Champions,3333.5571148376616,0
12563,409,1,249.24,0,1,Lost/Inactive,,1
12564,261,1,456.9,0,1,Lost/Inactive,,1
12565,289,1,145.92000000000002,1,1,Lost/Inactive,,1
12566,86,1,351.65,1,1,Lost/Inactive,,1
12567,23,15,13709.86,19,0,Champions,6400.798593635962,0
12568,645,1,70.0,0,1,Lost/Inactive,-6.372261544901054,1
12569,2,32,4124.6900000000005,3,0,Champions,4094.21256526624,0
12570,682,1,77.52,0,1,Lost/Inactive,-6.053148487918491,1
12571,40,2,519.61,0,3,New/Occasional,869.4545550155885,0
12572,9,2,1020.42,2,3,New/Occasional,2536.378192938762,0
12573,227,5,717.41,0,2,At-Risk,369.7602577144321,1
12574,316,1,218.45,0,1,Lost/Inactive,,1
12575,457,2,622.82,0,1,Lost/Inactive,166.9524544548475,1
12576,36,8,2142.7200000000003,5,0,Champions,1111.4177223429751,0
12577,35,8,1653.75,1,2,At-Risk,724.2222294222835,0
12578,21,4,4642.45,9,3,New/Occasional,3021.2029679339034,0
12579,78,1,440.42,2,1,Lost/Inactive,,1
12580,247,2,1052.9,0,2,At-Risk,372.2650148180738,1
12581,40,1,197.71,0,3,New/Occasional,,0
12582,239,4,1980.4,0,2,At-Risk,702.6552730398369,1
12583,3,27,14447.44,5,0,Champions,5901.782958973919,0
12584,4,9,2338.15,30,0,Champions,1990.9489440763996,0
12585,234,2,2040.1,10,2,At-Risk,952.827992395698,1
12586,17,4,2062.67,2,3,New/Occasional,885.5884522754837,0
12587,8,1,144.0,0,3,New/Occasional,,0
12588,39,4,958.78,2,3,New/Occasional,449.1162221907279,0
12589,29,8,4695.66,32,0,Champions,2118.530856718736,0
12590,211,2,9864.26,4,2,At-Risk,,1
12591,317,3,1352.15,0,2,At-Risk,427.7525186430294,1
12592,92,5,2582.66,3,2,At-Risk,350.1999410661675,1
12593,109,3,418.1,0,1,Lost/Inactive,285.28300216886674,1
12594,38,15,5090.110000000001,3,0,Champions,2458.700052840458,0
12595,505,1,299.02,0,1,Lost/Inactive,,1
12596,51,2,618.27,0,3,New/Occasional,686.0547225465403,0
12597,19,4,3811.22,8,3,New/Occasional,4159.724896408629,0
12598,10,11,4534.09,5,0,Champions,1995.9356840813505,0
12599,29,13,2296.72,0,0,Champions,997.5832052266094,0
12600,29,21,5043.92,8,0,Champions,2076.597496231899,0
12601,190,6,681.26,1,2,At-Risk,405.4830173298392,1
12602,59,1,153.12,0,1,Lost/Inactive,,0
12603,22,1,739.1999999999999,0,3,New/Occasional,,0
12604,79,2,254.18,0,1,Lost/Inactive,143.42786639247888,1
12605,376,4,1232.95,6,2,At-Risk,273.0040065052675,1
12606,682,1,21.0,0,1,Lost/Inactive,-6.053148487918491,1
12607,60,1,1579.51,101,3,New/Occasional,,0
12608,405,1,415.79,0,1,Lost/Inactive,,1
12609,78,9,3435.86,1,2,At-Risk,1447.2366826792804,1
12610,23,5,2099.54,5,3,New/Occasional,2376.5206167372558,0
12611,52,1,1193.32,0,3,New/Occasional,,0
12612,74,1,704.04,2,3,New/Occasional,,0
12613,57,10,6835.07,20,0,Champions,2577.522761623074,0
12614,278,1,315.6,0,1,Lost/Inactive,,1
12615,2,8,5740.9800000000005,8,0,Champions,2499.542097763224,0
12616,95,3,1131.1,5,2,At-Risk,725.6471978866339,1
12617,29,1,355.53000000000003,0,3,New/Occasional,,0
12618,22,1,177.31,0,3,New/Occasional,,0
12619,16,10,3781.38,5,0,Champions,2119.77031144166,0
12620,15,3,1339.41,0,3,New/Occasional,1350.505905079826,0
12621,2,35,24775.81,16,0,Champions,11489.334027184905,0
12622,232,1,180.1,0,1,Lost/Inactive,,1
12623,276,7,3747.84,2,2,At-Risk,932.939769604044,1
12624,106,2,641.13,0,1,Lost/Inactive,779.5108723415495,1
12625,212,4,5164.88,5,2,At-Risk,2556.646122612009,1
12626,23,9,6620.4800000000005,13,0,Champions,5156.89271168037,0
12627,11,7,4478.53,0,0,Champions,6767.627836510471,0
12628,4,3,786.46,2,3,New/Occasional,1632.2644729496528,0
12629,386,2,1558.22,0,2,At-Risk,570.0395357933608,1
12630,10,2,1270.88,0,3,New/Occasional,3165.427056583444,0
12631,57,6,3481.57,3,2,At-Risk,1448.6005215055536,0
12632,521,2,804.88,3,1,Lost/Inactive,179.08481150422412,1
12633,59,7,5678.16,7,0,Champions,2205.9308756618807,0
12634,536,2,490.0,0,1,Lost/Inactive,41.94949751317367,1
12635,90,4,2930.41,0,2,At-Risk,1760.3705959789831,1
12636,739,1,141.0,0,1,Lost/Inactive,-5.6372766162016354,1
12637,67,12,8340.31,4,0,Champions,4485.556111031426,0
12638,33,2,921.49,0,3,New/Occasional,591.3070913673699,0
12639,239,3,1312.37,0,2,At-Risk,684.159723274259,1
12640,24,3,1174.58,0,3,New/Occasional,1290.367085273169,0
12641,115,1,185.9,0,1,Lost/Inactive,,1
12642,25,3,1013.26,0,3,New/Occasional,1729.2459851209749,0
12643,128,12,8350.42,4,0,Champions,3151.5287087481684,1
12644,130,4,1918.49,12,2,At-Risk,688.1453451628557,1
12645,34,8,3539.3,3,0,Champions,1607.5006248706718,0
12646,5,2,1346.97,0,3,New/Occasional,3265.8958947210226,0
12647,22,36,17924.35,18,0,Champions,7465.344374722246,0
12648,155,4,1112.0,1,2,At-Risk,493.74422902804633,1
12649,107,8,2294.65,6,2,At-Risk,978.8241021656224,1
12650,3,1,314.44,0,3,New/Occasional,,0
12651,335,4,377.75,2,1,Lost/Inactive,134.76992272985905,1
12652,331,2,1017.03,3,2,At-Risk,834.1752883303678,1
12653,149,3,4160.83,0,2,At-Risk,1708.5314742577018,1
12654,11,5,601.98,0,3,New/Occasional,513.7785823023464,0
12655,424,1,261.35,0,1,Lost/Inactive,,1
12656,17,8,6407.83,6,0,Champions,3242.18162481622,0
12657,11,4,1643.18,9,3,New/Occasional,3307.0391393443206,0
12658,19,1,686.05,0,3,New/Occasional,,0
12659,30,1,91.68,0,3,New/Occasional,,0
12660,11,1,245.1,0,3,New/Occasional,,0
12661,436,1,162.0,0,1,Lost/Inactive,,1
12662,1,20,6988.02,5,0,Champions,3340.1032672638657,0
12663,625,2,239.4,1,1,Lost/Inactive,28.3471943707896,1
12664,8,11,6070.04,1,0,Champions,2524.59843605361,0
12665,325,3,313.6,4,1,Lost/Inactive,86.38050929540758,1
12666,394,1,1248.42,2,1,Lost/Inactive,,1
12667,58,1,620.13,0,3,New/Occasional,,0
12668,12,10,11444.68,7,0,Champions,4756.967079324891,0
12669,151,3,2744.03,1,2,At-Risk,2086.352912130996,1
12670,10,7,3760.29,2,0,Champions,1834.37969556476,0
12671,606,1,2622.481,0,2,At-Risk,-6.727025962516712,1
12672,330,2,437.05,3,1,Lost/Inactive,186.7299077942039,1
12673,5,3,1230.02,0,3,New/Occasional,618.9620934165551,0
12674,39,4,1970.6,8,3,New/Occasional,2118.201840465266,0
12675,554,2,958.5,2,1,Lost/Inactive,5.519771797439914,1
12676,25,11,2843.09,1,0,Champions,1525.8200692332694,0
12677,555,2,395.1,2,1,Lost/Inactive,103.94867791831987,1
12678,42,21,34281.18,5,0,Champions,14651.017041089184,0
12679,59,4,1113.02,8,2,At-Risk,384.6359164869973,0
12680,1,4,880.81,0,3,New/Occasional,1346.6908783068725,0
12681,15,45,30868.28,29,0,Champions,12878.41835319588,0
12682,4,52,24033.91,3,0,Champions,10025.02249525584,0
12683,4,21,12696.78,20,0,Champions,5531.7159732949,0
12684,8,7,2283.63,0,0,Champions,2428.625244203443,0
12685,28,6,2863.08,0,0,Champions,5491.0278634916,0
12686,372,1,178.28,0,1,Lost/Inactive,,1
12687,481,2,2138.91,0,2,At-Risk,,1
12688,114,1,4873.81,0,2,At-Risk,,1
12689,26,2,1247.61,0,3,New/Occasional,2304.5929385403924,0
12690,206,1,389.01,0,1,Lost/Inactive,,1
12691,28,7,1170.4,0,3,New/Occasional,807.0334068506938,0
12692,637,1,110.95,0,1,Lost/Inactive,-6.434764164192352,1
12693,127,7,1703.02,4,2,At-Risk,703.1760833303805,1
12694,70,3,1843.35,1,2,At-Risk,832.8228215671732,0
12695,7,7,1407.12,0,3,New/Occasional,476.2342511724055,0
12696,435,2,851.91,1,1,Lost/Inactive,343.18847961766386,1
12697,29,3,957.59,2,3,New/Occasional,1123.7745803178827,0
12698,590,1,339.75,0,1,Lost/Inactive,-6.888547871033615,1
12699,418,1,638.11,0,1,Lost/Inactive,,1
12700,8,4,4939.99,2,0,Champions,5778.808031305334,0
12701,80,6,2446.41,0,2,At-Risk,1047.7373172007262,1
12702,20,1,219.0,0,3,New/Occasional,,0
12703,71,4,1006.53,10,2,At-Risk,254.8459906284862,0
12704,7,8,2340.84,2,0,Champions,3225.9480522359245,0
12705,15,14,11762.1,27,0,Champions,6119.655920161183,0
12707,292,1,603.42,0,1,Lost/Inactive,,1
12708,30,18,5314.1,26,0,Champions,2275.454329387257,0
12709,15,34,31093.34,88,0,Champions,12748.764902195684,0
12710,97,3,1149.02,2,2,At-Risk,713.8084636476264,1
12711,612,2,1339.05,0,2,At-Risk,296.3774246593989,1
12712,29,21,7193.66,18,0,Champions,3000.6755500556005,0
12713,1,1,848.55,0,3,New/Occasional,,0
12714,9,12,14093.71,0,0,Champions,6020.845643055785,0
12715,106,1,353.86,0,1,Lost/Inactive,,1
12716,4,2,1053.49,0,3,New/Occasional,1165.19776034518,0
12717,151,3,1308.91,1,2,At-Risk,724.1741492235213,1
12718,71,1,238.25,0,1,Lost/Inactive,,0
12719,5,2,644.95,3,3,New/Occasional,1691.5320686558257,0
12720,3,30,8260.67,24,0,Champions,4436.66095143027,0
12721,32,8,4013.08,15,0,Champions,2257.1235395429485,0
12722,85,4,997.63,4,2,At-Risk,1240.8797356300772,1
12723,4,5,725.07,0,3,New/Occasional,1524.5339118555812,0
12724,5,7,2317.52,0,0,Champions,1103.986201058424,0
12725,371,4,2694.56,0,2,At-Risk,799.5819308093513,1
12726,28,11,4014.6,0,0,Champions,1902.199717992334,0
12727,11,10,5679.53,2,0,Champions,2518.744464828681,0
12728,71,5,1070.17,0,2,At-Risk,738.6063327027192,0
12729,114,1,453.01,0,1,Lost/Inactive,,1
12730,522,1,829.25,0,1,Lost/Inactive,,1
12731,24,17,25775.71,3,0,Champions,11936.287944854012,0
12732,180,1,236.26,0,1,Lost/Inactive,,1
12733,234,4,2424.87,5,2,At-Risk,696.0287573088357,1
12734,353,3,639.65,0,2,At-Risk,214.3913468638881,1
12735,315,2,779.5699999999999,0,1,Lost/Inactive,379.485089304154,1
12736,333,1,234.0,0,1,Lost/Inactive,,1
12737,499,2,3710.5,0,2,At-Risk,,1
12738,372,1,310.7,0,1,Lost/Inactive,,1
12739,78,4,2726.73,0,2,At-Risk,1164.0966722034375,1
12740,64,1,427.6,0,3,New/Occasional,,0
12741,529,2,406.07,0,1,Lost/Inactive,49.3346169895752,1
12742,626,1,1201.52,1,1,Lost/Inactive,-6.544823077016814,1
12743,134,2,546.43,0,1,Lost/Inactive,,1
12744,52,11,25317.06,7,0,Champions,13587.707014752728,0
12745,487,3,925.41,0,2,At-Risk,319.0624722713667,1
12746,541,1,254.55,3,1,Lost/Inactive,,1
12747,2,26,9276.54,8,0,Champions,3861.766601890043,0
12748,1,336,56599.39,77,0,Champions,23734.583930030305,0
12749,4,9,6897.36,60,0,Champions,3920.0095406082087,0
12750,129,1,275.88,0,1,Lost/Inactive,,1
12751,445,1,268.27,0,1,Lost/Inactive,,1
12752,81,1,4366.78,0,2,At-Risk,,1
12753,23,6,21429.39,33,0,Champions,16095.554776711777,0
12754,236,3,3010.74,2,2,At-Risk,2697.3950443311587,1
12755,281,11,9030.66,53,2,At-Risk,2950.6763666698216,1
12756,87,1,112.08,0,1,Lost/Inactive,,1
12757,16,13,7857.1,6,0,Champions,8827.753604913396,0
12758,117,7,9903.24,4,2,At-Risk,3469.145293023133,1
12759,52,8,5020.74,0,0,Champions,2096.2598786967083,0
12760,456,1,347.8,0,1,Lost/Inactive,,1
12761,458,2,782.95,0,1,Lost/Inactive,11.218178510189537,1
12762,8,2,1898.52,0,3,New/Occasional,9538.78241502061,0
12763,138,2,814.16,0,2,At-Risk,237.23134512216052,1
12764,317,1,1693.88,0,2,At-Risk,,1
12765,472,6,1404.58,0,2,At-Risk,107.7861478280205,1
12766,4,9,10068.28,4,0,Champions,7147.578223329282,0
12767,376,1,949.82,0,1,Lost/Inactive,,1
12768,451,1,168.69,10,1,Lost/Inactive,,1
12769,239,1,1143.6,0,1,Lost/Inactive,,1
12770,211,2,3246.45,9,2,At-Risk,1464.38243574581,1
12771,486,1,282.3,1,1,Lost/Inactive,,1
12772,60,1,892.47,0,3,New/Occasional,,0
12773,564,1,124.25,6,1,Lost/Inactive,-7.1683050696231305,1
12774,536,1,98.7,0,1,Lost/Inactive,,1
12775,17,7,1686.12,1,3,New/Occasional,1207.5321384738072,0
12776,668,1,55.5,0,1,Lost/Inactive,-6.175206600227606,1
12777,458,1,519.45,0,1,Lost/Inactive,,1
12778,20,9,1775.68,1,0,Champions,771.267675870413,0
12779,38,14,6722.27,18,0,Champions,2811.2298924432844,0
12780,599,1,337.4,0,1,Lost/Inactive,-6.806825339944818,1
12781,64,2,826.74,5,3,New/Occasional,481.6163963619396,0
12782,5,11,4618.24,14,0,Champions,2677.4569591686427,0
12783,2,6,2225.91,2,0,Champions,5330.63778975774,0
12784,9,3,1804.75,0,3,New/Occasional,457.9950195406756,0
12785,364,3,1100.4,2,2,At-Risk,391.96961693631226,1
12786,610,1,728.5000000000001,0,1,Lost/Inactive,-6.697583176459356,1
12787,10,4,862.1800000000001,1,3,New/Occasional,413.34524530908016,0
12788,463,4,444.9,0,1,Lost/Inactive,35.39830987563896,1
12789,65,3,273.35,0,3,New/Occasional,116.08116822336986,0
12790,192,2,591.85,3,1,Lost/Inactive,388.8010203135125,1
12791,374,6,1056.11,2,2,At-Risk,359.41800414893106,1
12792,257,2,827.01,1,1,Lost/Inactive,376.44162556790434,1
12793,335,3,1017.33,0,2,At-Risk,378.9285046048237,1
12794,53,2,860.41,0,3,New/Occasional,1908.864394323844,0
12795,19,1,430.48,0,3,New/Occasional,,0
12796,628,1,381.0,0,1,Lost/Inactive,-6.516955680767672,1
12797,366,2,806.11,6,1,Lost/Inactive,393.4711986373982,1
12798,10,4,8510.93,0,0,Champions,6072.750502309936,0
12799,529,1,219.35,0,1,Lost/Inactive,,1
12800,470,3,584.25,0,1,Lost/Inactive,117.92471011407144,1
12801,501,1,1071.82,1,1,Lost/Inactive,,1
12802,187,7,2416.42,2,2,At-Risk,920.2748187534517,1
12803,393,1,1092.81,0,1,Lost/Inactive,,1
12804,466,2,327.02,0,1,Lost/Inactive,73.8222323262086,1
12805,382,4,1434.95,0,2,At-Risk,545.5761578227421,1
12806,435,4,2878.96,0,2,At-Risk,500.13139030751785,1
12807,383,1,330.35,2,1,Lost/Inactive,,1
12808,37,5,906.1,0,3,New/Occasional,544.9655204302484,0
12809,178,3,1755.94,8,2,At-Risk,722.8998431635455,1
12810,535,2,534.99,0,1,Lost/Inactive,207.62172409585835,1
12811,261,5,1033.9,0,2,At-Risk,430.8418145110032,1
12812,45,1,229.64,0,3,New/Occasional,,0
12813,502,3,1687.8,0,2,At-Risk,608.9882794337112,1
12814,102,1,125.92,0,1,Lost/Inactive,,1
12815,148,2,1063.46,0,2,At-Risk,866.6931042927224,1
12816,96,2,572.2,0,3,New/Occasional,595.8325047720502,1
12817,281,3,690.98,0,2,At-Risk,381.8571274555829,1
12818,262,1,1542.08,2,2,At-Risk,,1
12819,458,1,540.52,0,1,Lost/Inactive,,1
12820,3,11,2689.52,3,0,Champions,1151.7861665812984,0
12821,214,2,220.8,0,1,Lost/Inactive,83.12681264307075,1
12822,71,2,948.88,1,3,New/Occasional,921.1783203902204,0
12823,75,18,6501.5,0,0,Champions,2860.4133099930496,0
12824,60,1,397.12,0,3,New/Occasional,,0
12825,521,2,518.63,0,1,Lost/Inactive,169.10331154611407,1
12826,3,12,2955.75,5,0,Champions,1143.048423709237,0
12827,6,3,430.15,0,3,New/Occasional,911.3191433685616,0
12828,3,6,1018.71,0,3,New/Occasional,1562.7202097354186,0
12829,337,3,385.3,1,1,Lost/Inactive,188.5714099654729,1
12830,38,6,6814.64,1,0,Champions,7619.617242304297,0
12831,262,3,451.11,0,1,Lost/Inactive,222.05329403541305,1
12832,32,2,383.03,0,3,New/Occasional,429.3758979002197,0
12833,145,1,417.38,0,1,Lost/Inactive,,1
12834,283,1,312.38,0,1,Lost/Inactive,,1
12835,428,41,6043.31,10,0,Champions,1.155823886328807e-06,1
12836,59,15,6585.62,4,0,Champions,2711.5478359474137,0
12837,173,2,688.41,0,1,Lost/Inactive,128.18307243378885,1
12838,34,10,3398.48,4,0,Champions,1753.2066482897246,0
12839,3,26,10071.73,10,0,Champions,4221.856773517167,0
12840,144,7,4041.97,5,2,At-Risk,1947.5661298955467,1
12841,5,40,7540.68,20,0,Champions,4210.015907758005,0
12842,70,4,1917.99,0,2,At-Risk,802.5231866543473,0
12843,66,30,6588.41,9,0,Champions,2792.9089645729355,0
12844,29,4,648.6,0,3,New/Occasional,340.3715699175991,0
12845,267,4,354.09000000000003,0,1,Lost/Inactive,83.4305646267523,1
12846,682,1,15.58,0,1,Lost/Inactive,-6.053148487918491,1
12847,22,2,1636.9,0,3,New/Occasional,1187.1454034459011,0
12848,676,1,208.0,0,1,Lost/Inactive,-6.1095009696104245,1
12849,31,6,3090.56,0,0,Champions,1545.6945261671067,0
12850,446,1,330.0,0,1,Lost/Inactive,,1
12851,97,2,284.13,0,1,Lost/Inactive,154.16874444327146,1
12852,295,1,311.55,3,1,Lost/Inactive,,1
12853,135,11,3907.5,9,2,At-Risk,1759.0639542559477,1
12854,79,7,2994.02,10,2,At-Risk,1173.3908979417065,1
12855,373,4,650.94,0,2,At-Risk,89.65988823036375,1
12856,8,6,2179.93,3,3,New/Occasional,5314.614363145775,0
12857,211,6,3688.0,1,2,At-Risk,1715.2442192558026,1
12858,383,1,177.92,1,1,Lost/Inactive,,1
12859,459,1,575.1,0,1,Lost/Inactive,,1
12860,693,1,55.47,0,1,Lost/Inactive,-5.966671205579468,1
12861,620,1,68.25,0,1,Lost/Inactive,-6.601281572091574,1
12862,426,2,1008.32,0,2,At-Risk,325.19289730653344,1
12863,52,6,2792.55,1,2,At-Risk,1275.87408186865,0
12864,138,2,299.57,0,1,Lost/Inactive,156.30608302262965,1
12865,26,4,3323.4700000000003,1,3,New/Occasional,1782.970470367996,0
12866,283,3,1227.35,0,2,At-Risk,640.7102631627536,1
12867,26,13,7913.29,13,0,Champions,3447.784890055216,0
12868,186,8,2247.06,0,2,At-Risk,1145.74307260203,1
12869,682,1,337.67,0,1,Lost/Inactive,-6.061134912759288,1
12870,375,3,1676.95,4,2,At-Risk,837.9031056454947,1
12871,84,3,744.02,0,2,At-Risk,352.42706923855565,1
12872,327,12,3685.49,2,2,At-Risk,488.9909001233594,1
12873,282,3,2027.3,0,2,At-Risk,908.231128367257,1
12874,385,2,948.42,1,2,At-Risk,358.65058145307273,1
12875,143,5,1356.9900000000002,0,2,At-Risk,545.2887832540475,1
12876,58,4,4081.79,1,2,At-Risk,2059.425169724984,0
12877,4,20,2955.17,0,0,Champions,1229.3270398447764,0
12878,236,2,854.99,2,2,At-Risk,665.4543959113291,1
12879,45,3,573.22,2,3,New/Occasional,1244.7255890884408,0
12880,382,2,640.13,0,1,Lost/Inactive,237.2249788524913,1
12881,276,1,298.0,0,1,Lost/Inactive,,1
12882,9,2,1463.04,0,3,New/Occasional,6043.016160166612,0
12883,25,4,703.47,0,3,New/Occasional,1599.4867967111704,0
12884,88,1,309.05,0,1,Lost/Inactive,,1
12885,63,3,1175.22,1,2,At-Risk,1612.9406556887334,0
12886,68,2,1378.4,4,3,New/Occasional,1258.6325107544528,0
12887,384,1,222.4,0,1,Lost/Inactive,,1
12888,214,2,354.12,2,1,Lost/Inactive,117.47348122074776,1
12889,381,4,385.46,2,1,Lost/Inactive,105.15053154897674,1
12890,24,2,717.27,0,3,New/Occasional,520.7467849804206,0
12891,186,11,840.5,1,2,At-Risk,370.1660729586239,1
12892,397,1,263.38,0,1,Lost/Inactive,,1
12893,31,1,188.14,0,3,New/Occasional,,0
12894,575,1,157.35,0,1,Lost/Inactive,-7.047209492487372,1
12895,42,2,372.8,2,3,New/Occasional,414.6715153756828,0
12897,205,4,514.25,0,2,At-Risk,271.95476059194385,1
12898,464,2,310.96,0,1,Lost/Inactive,101.45067416955357,1
12899,414,1,366.4,0,1,Lost/Inactive,,1
12900,422,1,340.33000000000004,0,1,Lost/Inactive,,1
12901,9,28,17654.54,9,0,Champions,17799.159916040073,0
12902,265,1,138.68,0,1,Lost/Inactive,,1
12903,429,1,833.5300000000001,0,1,Lost/Inactive,,1
12904,18,2,509.58,0,3,New/Occasional,685.610131965332,0
12905,577,2,1018.42,1,1,Lost/Inactive,201.45340766160135,1
12906,12,5,2919.81,0,3,New/Occasional,4140.869419199671,0
12907,396,2,508.91,4,1,Lost/Inactive,137.27288282038205,1
12908,176,5,1776.0,2,2,At-Risk,814.3927493085538,1
12909,40,8,3103.19,10,0,Champions,1485.3142465378587,0
12910,23,13,5796.52,1,0,Champions,2534.0672566587705,0
12911,552,1,1680.47,0,1,Lost/Inactive,,1
12912,3,5,1662.3,0,3,New/Occasional,5050.916619555547,0
12913,5,13,6700.86,0,0,Champions,2743.0472034437644,0
12914,401,1,223.98,0,1,Lost/Inactive,,1
12915,149,4,1174.75,8,2,At-Risk,614.0222881303428,1
12916,139,7,4654.02,2,2,At-Risk,2115.840332779076,1
12917,128,6,4359.2,3,2,At-Risk,1398.4845590138802,1
12918,626,1,10953.5,2,2,At-Risk,-6.535507409848763,1
12919,8,6,1335.19,2,3,New/Occasional,1855.2833700119936,0
12920,17,4,488.09,0,3,New/Occasional,210.61020448353787,0
12921,9,74,35921.04,78,0,Champions,15123.813645666993,0
12922,161,1,405.38,0,1,Lost/Inactive,,1
12923,64,3,789.87,0,3,New/Occasional,268.1545686813613,0
12924,88,12,2469.4,2,2,At-Risk,1017.311470267656,1
12925,5,3,729.33,0,3,New/Occasional,500.5801401420299,0
12926,411,4,1548.46,0,2,At-Risk,502.36017984175487,1
12927,395,1,197.31,0,1,Lost/Inactive,,1
12928,35,12,4304.89,0,0,Champions,2238.976610503416,0
12929,312,1,117.85,1,1,Lost/Inactive,,1
12930,78,2,415.8,2,3,New/Occasional,479.3362284794353,1
12931,22,57,92347.34,64,0,Champions,38705.175434230274,0
12932,539,8,1698.56,0,2,At-Risk,10.216138967676924,1
12933,24,8,1687.03,4,0,Champions,732.2060063015849,0
12934,737,1,181.65,0,1,Lost/Inactive,-5.651140024486398,1
12935,2,15,4243.86,6,0,Champions,2001.2904521251387,0
12936,17,4,1063.9,1,3,New/Occasional,861.288995161544,0
12937,15,9,3097.61,0,0,Champions,1346.4511576920208,0
12938,26,1,114.14,0,3,New/Occasional,,0
12939,64,20,25264.8,0,0,Champions,11374.639291217827,0
12940,55,2,913.54,4,3,New/Occasional,2055.545000109384,0
12941,724,1,377.49,0,1,Lost/Inactive,-5.735778079307384,1
12942,131,3,942.65,0,2,At-Risk,447.4637365844733,1
12943,558,2,496.5,2,1,Lost/Inactive,72.2835589412948,1
12944,36,2,604.51,0,3,New/Occasional,467.2578704821841,0
12945,288,2,900.11,0,2,At-Risk,366.3707813172319,1
12946,437,1,324.45,0,1,Lost/Inactive,,1
12947,144,6,1908.03,6,2,At-Risk,1059.3663232192844,1
12948,16,9,2317.43,2,0,Champions,1005.8504229442062,0
12949,31,22,15526.7,10,0,Champions,6035.358211870707,0
12950,2,3,1843.0,0,3,New/Occasional,7929.35735490663,0
12951,9,15,3213.7200000000003,7,0,Champions,1413.9972372610273,0
12952,6,4,1387.79,1,3,New/Occasional,2130.686370950314,0
12953,10,2,828.8100000000001,0,3,New/Occasional,350.96829965497494,0
12954,639,1,162.45,0,1,Lost/Inactive,-6.425760000677869,1
12955,1,11,4757.16,3,0,Champions,4637.605634101648,0
12956,306,4,521.89,0,2,At-Risk,233.77176401781225,1
12957,10,13,8706.97,10,0,Champions,3465.247790368453,0
12958,400,2,539.49,0,1,Lost/Inactive,280.32530576707643,1
12959,484,1,150.95,1,1,Lost/Inactive,,1
12960,414,4,1322.0700000000002,0,2,At-Risk,389.2512770956087,1
12961,379,1,211.99,0,1,Lost/Inactive,,1
12962,7,2,266.39,0,3,New/Occasional,338.4896575374809,0
12963,8,12,3601.59,7,0,Champions,1784.2322298958147,0
12964,437,1,132.24,0,1,Lost/Inactive,,1
12965,89,1,771.91,0,1,Lost/Inactive,,1
12966,10,1,160.18,0,3,New/Occasional,,0
12967,358,3,4306.92,14,2,At-Risk,1017.778990411034,1
12968,112,1,135.95,0,1,Lost/Inactive,,1
12969,603,1,122.45,0,1,Lost/Inactive,-6.766689536921489,1
12970,7,10,1524.97,0,0,Champions,637.0266129142416,0
12971,4,116,15972.79,4,0,Champions,6818.174070439575,0
12972,414,4,1161.2,8,2,At-Risk,296.7654618562031,1
12973,414,1,385.55,0,1,Lost/Inactive,,1
12974,198,2,408.95,0,1,Lost/Inactive,137.43884228523922,1
12975,437,6,2100.09,6,2,At-Risk,556.5186558553144,1
12976,212,8,3156.38,0,2,At-Risk,1347.2879519333935,1
12977,156,4,517.63,0,2,At-Risk,233.5888865127833,1
12978,385,5,2502.82,1,2,At-Risk,621.1855398676214,1
12979,729,1,517.7,1,1,Lost/Inactive,-5.700205148018591,1
12980,158,21,16245.78,7,0,Champions,5517.747061449886,1
12981,30,2,372.22,0,3,New/Occasional,568.3773816248022,0
12982,243,8,2744.81,36,2,At-Risk,936.1429257716868,1
12983,598,1,490.08,0,1,Lost/Inactive,-6.806825339944818,1
12984,19,1,97.5,0,3,New/Occasional,,0
12985,1,2,1239.38,2,3,New/Occasional,3166.5229626692853,0
12986,429,10,2729.84,40,2,At-Risk,368.9039222457481,1
12987,74,5,1312.21,2,2,At-Risk,547.4336638250595,0
12988,292,1,535.32,0,1,Lost/Inactive,,1
12989,3,33,13551.75,8,0,Champions,5711.021579781236,0
12990,31,7,955.5,0,3,New/Occasional,465.3625178456809,0
12991,23,3,764.82,0,3,New/Occasional,522.9708079940671,0
12992,725,1,93.35,0,1,Lost/Inactive,-5.728627915032002,1
12993,23,8,1259.63,6,3,New/Occasional,571.793120460781,0
12994,4,3,974.42,12,3,New/Occasional,878.6312848268659,0
12995,85,1,211.32,2,1,Lost/Inactive,,1
12996,376,1,355.5,0,1,Lost/Inactive,,1
12997,22,8,2110.91,14,0,Champions,1160.1106085823378,0
12998,493,3,920.08,3,2,At-Risk,257.1953309920218,1
12999,196,3,455.88,0,1,Lost/Inactive,150.755903973466,1
13000,107,4,1032.5,3,2,At-Risk,286.27690203452374,1
13001,4,33,24172.1,5,0,Champions,9994.893065425793,0
13002,318,3,414.13,0,1,Lost/Inactive,159.7297706873509,1
13003,106,3,149.05,0,1,Lost/Inactive,146.2068892474866,1
13004,12,36,11650.85,42,0,Champions,4930.23581106646,0
13005,174,4,999.68,4,2,At-Risk,592.3268307031717,1
13006,56,1,81.57,0,1,Lost/Inactive,,0
13007,580,1,175.25,0,1,Lost/Inactive,-7.004186743823171,1
13008,323,3,612.13,4,2,At-Risk,235.14672957804945,1
13009,673,1,234.0,0,1,Lost/Inactive,-6.1339755448511575,1
13010,374,2,330.12,0,1,Lost/Inactive,115.96345507409583,1
13011,372,1,101.1,0,1,Lost/Inactive,,1
13012,9,11,2972.83,21,0,Champions,1425.4743311868133,0
13013,1,29,12625.77,3,0,Champions,5191.678679190147,0
13014,11,11,5381.08,17,0,Champions,2513.842218730007,0
13015,53,11,6586.42,10,0,Champions,3203.6155842541,0
13016,73,3,789.89,0,3,New/Occasional,1091.2391505810629,0
13017,7,1,204.0,0,3,New/Occasional,,0
13018,16,35,9763.16,3,0,Champions,4342.815564363643,0
13019,379,6,1229.95,2,2,At-Risk,344.7935971410876,1
13020,563,2,618.96,3,1,Lost/Inactive,83.11892953096118,1
13021,4,17,4887.24,9,0,Champions,2056.350134379604,0
13022,430,1,65.3,0,1,Lost/Inactive,,1
13023,64,3,1449.03,0,2,At-Risk,545.5487778007104,0
13024,471,2,555.87,3,1,Lost/Inactive,192.3702221926698,1
13025,732,1,323.39,0,1,Lost/Inactive,-5.686099569348275,1
13026,1,9,1733.08,4,0,Champions,652.1987191475505,0
13027,114,19,17335.2,4,0,Champions,7430.354844979736,1
13028,23,2,661.3199999999999,2,3,New/Occasional,1641.6601416404856,0
13029,31,5,1927.3,0,3,New/Occasional,1076.4449254781057,0
13030,11,2,1227.22,0,3,New/Occasional,532.8972227655072,0
13031,407,5,3419.27,0,2,At-Risk,537.4689811522863,1
13032,52,9,2843.55,7,0,Champions,1685.6109482452396,0
13033,357,2,220.55,0,1,Lost/Inactive,157.4927868745599,1
13034,55,3,922.68,0,3,New/Occasional,810.338096059116,0
13035,74,3,1364.2,3,2,At-Risk,864.6401045702087,0
13036,685,1,307.1,0,1,Lost/Inactive,-6.037238807555553,1
13037,138,12,3914.95,9,2,At-Risk,1577.504762952875,1
13038,80,3,908.46,0,2,At-Risk,663.9254622832211,1
13039,584,4,1010.73,0,2,At-Risk,128.7688037653696,1
13040,9,2,676.99,0,3,New/Occasional,2296.18000657788,0
13041,451,4,799.13,0,2,At-Risk,156.07297078226424,1
13042,598,3,1556.54,1,2,At-Risk,248.49980283903597,1
13043,273,1,516.42,1,1,Lost/Inactive,,1
13044,291,11,4853.9,2,2,At-Risk,1217.3088169859652,1
13045,99,3,808.9200000000001,0,2,At-Risk,408.2066117918015,1
13046,31,3,949.25,0,3,New/Occasional,568.9260592259833,0
13047,32,24,8795.16,44,0,Champions,3760.021120299133,0
13048,14,9,4084.21,5,0,Champions,1820.7557300040885,0
13049,64,4,1408.24,2,2,At-Risk,1044.1093362106649,0
13050,15,35,12344.53,38,0,Champions,5220.560067254729,0
13051,579,2,155.8,0,1,Lost/Inactive,29.97805518063641,1
13052,212,7,3168.53,0,2,At-Risk,1326.0033921906618,1
13053,622,1,127.65,0,1,Lost/Inactive,-6.582353775911303,1
13055,78,4,2321.11,4,2,At-Risk,1140.7994079593525,1
13056,551,1,209.48,0,1,Lost/Inactive,,1
13057,530,3,722.09,2,2,At-Risk,110.37508226631786,1
13058,25,3,271.40000000000003,0,3,New/Occasional,485.2768823492066,0
13059,250,10,2303.17,3,2,At-Risk,690.009975976367,1
13060,254,1,307.53000000000003,0,1,Lost/Inactive,,1
13061,72,1,248.61,0,1,Lost/Inactive,,0
13062,191,1,346.98,0,1,Lost/Inactive,,1
13063,481,1,188.4,0,1,Lost/Inactive,,1
13064,13,6,1680.74,0,3,New/Occasional,853.4903060004902,0
13065,373,5,1260.91,1,2,At-Risk,345.47798427772386,1
13066,24,2,470.8,1,3,New/Occasional,1918.0010135164653,0
13067,82,3,508.51,0,3,New/Occasional,236.1163472595929,1
13068,10,2,344.0,0,3,New/Occasional,291.9044995843873,0
13069,1,38,9683.13,47,0,Champions,5021.324893329647,0
13070,192,4,751.7,2,2,At-Risk,311.09182188966,1
13071,612,1,129.22,0,1,Lost/Inactive,-6.668397908526397,1
13072,267,1,177.15,0,1,Lost/Inactive,,1
13073,411,2,418.08,0,1,Lost/Inactive,66.76807942752833,1
13074,511,4,1378.74,1,2,At-Risk,319.305482392446,1
13075,130,1,919.61,0,1,Lost/Inactive,,1
13076,458,1,135.4,0,1,Lost/Inactive,,1
13077,1,11,3064.67,7,0,Champions,1310.3000007666592,0
13078,3,57,29532.45,54,0,Champions,12247.102953102798,0
13079,4,6,419.18,0,3,New/Occasional,179.5830731421511,0
13080,179,4,280.73,1,1,Lost/Inactive,130.05015502174558,1
13081,12,28,59205.15,72,0,Champions,24745.156663884005,0
13082,126,21,7335.75,5,0,Champions,3077.033886103692,1
13083,4,3,395.43,0,3,New/Occasional,294.85490701407633,0
13084,492,1,122.4,2,1,Lost/Inactive,,1
13085,158,8,2433.28,8,2,At-Risk,874.5699533640995,1
13086,383,1,439.33,0,1,Lost/Inactive,,1
13087,726,1,313.64,0,1,Lost/Inactive,-5.721495606554126,1
13088,417,1,236.11,0,1,Lost/Inactive,,1
13089,3,203,116737.86,75,0,Champions,48959.16410984059,0
13090,9,24,14103.09,8,0,Champions,8522.463042934949,0
13091,28,3,2321.82,77,3,New/Occasional,272.0499732324208,0
13092,71,12,2140.28,10,2,At-Risk,823.7421937490375,0
13093,276,55,54943.65,61,0,Champions,0.2827046251271372,1
13094,21,13,2433.1200000000003,6,0,Champions,1683.138165148781,0
13095,71,1,74.39999999999999,0,1,Lost/Inactive,,0
13096,394,1,419.7000000000001,0,1,Lost/Inactive,,1
13097,33,28,13389.22,25,0,Champions,5535.839284595863,0
13098,1,28,28882.44,33,0,Champions,25430.21288115402,0
13099,99,1,207.36,0,1,Lost/Inactive,,1
13101,234,4,695.4,0,2,At-Risk,287.1026345033823,1
13102,1,37,11696.92,10,0,Champions,5849.260186331895,0
13103,40,3,709.64,0,3,New/Occasional,431.05966188548246,0
13104,3,9,1709.1,0,0,Champions,828.317705313211,0
13105,436,1,72.0,0,1,Lost/Inactive,,1
13106,133,2,603.46,1,1,Lost/Inactive,98.4599106935077,1
13107,44,9,5253.07,11,0,Champions,2309.8340198672377,0
13108,373,2,1098.52,0,2,At-Risk,533.255817652835,1
13109,60,3,1134.03,4,3,New/Occasional,599.3755850880461,0
13110,31,12,2957.4700000000003,2,0,Champions,1167.4121566520096,0
13111,719,1,321.88000000000005,0,1,Lost/Inactive,-5.779057828981912,1
13112,541,1,20.6,3,1,Lost/Inactive,,1
13113,1,37,18625.73,105,0,Champions,9042.29854688038,0
13114,731,1,234.38,0,1,Lost/Inactive,-5.693143596510228,1
13115,12,10,5494.7,17,0,Champions,2599.508632620129,0
13116,138,1,501.14,1,1,Lost/Inactive,,1
13117,22,18,2643.81,1,0,Champions,1280.7629301471263,0
13118,20,9,2415.41,4,0,Champions,1617.5690053436697,0
13119,669,1,134.9,0,1,Lost/Inactive,-6.166915963527098,1
13120,239,1,30.6,0,1,Lost/Inactive,,1
13121,269,1,283.73,3,1,Lost/Inactive,,1
13122,94,2,922.39,0,2,At-Risk,42.46250568550638,1
13123,473,2,506.75,0,1,Lost/Inactive,83.16846674772198,1
13124,90,4,4782.45,0,2,At-Risk,3559.610608947128,1
13125,524,1,158.57,0,1,Lost/Inactive,,1
13126,5,13,3998.25,9,0,Champions,1783.0250326100286,0
13127,78,1,259.17,0,1,Lost/Inactive,,1
13128,631,1,263.5,0,1,Lost/Inactive,-6.48932540237404,1
13129,452,2,233.25,0,1,Lost/Inactive,78.00076206355091,1
13130,94,1,64.0,0,1,Lost/Inactive,,1
13131,23,7,3313.77,2,0,Champions,1409.3805869879975,0
13132,262,1,77.3,0,1,Lost/Inactive,,1
13133,274,3,200.45,0,1,Lost/Inactive,86.76233666423848,1
13134,86,6,2475.23,7,2,At-Risk,1738.4314796754045,1
13135,197,2,3371.45,0,2,At-Risk,3204.0080725663192,1
13136,56,13,6274.56,30,0,Champions,2636.6615755984167,0
13137,11,16,7712.7,1,0,Champions,4265.265679979142,0
13138,22,7,1467.24,1,3,New/Occasional,947.2980158548638,0
13139,16,8,8202.98,4,0,Champions,3810.85559166538,0
13140,108,5,1215.68,0,2,At-Risk,682.1573208949142,1
13141,85,17,7668.58,6,0,Champions,3214.47738982032,1
13142,19,1,307.09000000000003,0,3,New/Occasional,,0
13143,585,1,405.1,1,1,Lost/Inactive,-6.951144165835234,1
13144,333,2,135.35,0,1,Lost/Inactive,103.11232065933866,1
13145,40,7,1423.52,1,2,At-Risk,753.3148466337806,0
13146,26,1,228.91,0,3,New/Occasional,,0
13147,10,4,712.8,0,3,New/Occasional,1516.663584847697,0
13148,29,26,8621.81,48,0,Champions,3641.177880049481,0
13149,14,4,1676.06,0,3,New/Occasional,1548.8985736001443,0
13150,484,3,449.97,1,1,Lost/Inactive,170.3948460304489,1
13151,296,3,2580.74,6,2,At-Risk,972.0497231551336,1
13152,417,7,2146.38,3,2,At-Risk,307.2286745206659,1
13153,6,1,486.22,0,3,New/Occasional,,0
13154,399,3,1624.84,4,2,At-Risk,662.994646139042,1
13155,33,6,1750.18,0,3,New/Occasional,1053.5346897987793,0
13156,385,3,1586.54,0,2,At-Risk,432.9430076519978,1
13157,49,9,5687.36,2,0,Champions,2888.060682321155,0
13158,95,5,1508.18,0,2,At-Risk,1038.1240129557048,1
13159,9,4,1437.85,1,3,New/Occasional,2281.402896088829,0
13160,22,1,91.8,0,3,New/Occasional,,0
13161,313,2,478.88,0,1,Lost/Inactive,105.90497436568648,1
13162,122,16,9275.49,5,0,Champions,3639.889181639724,1
13163,610,1,17.65,2,1,Lost/Inactive,-6.68782630848241,1
13164,569,2,372.2,2,1,Lost/Inactive,46.94115598771615,1
13165,46,3,1451.16,0,3,New/Occasional,999.488719811702,0
13166,283,2,884.18,1,2,At-Risk,434.9178730965192,1
13167,19,5,1125.15,0,3,New/Occasional,697.5524090465215,0
13168,36,5,1875.31,2,3,New/Occasional,870.8747500970178,0
13169,64,3,840.08,0,3,New/Occasional,533.7830853615931,0
13170,27,1,116.01,0,3,New/Occasional,,0
13171,22,3,468.41,2,3,New/Occasional,425.0808832903757,0
13172,400,1,69.6,0,1,Lost/Inactive,,1
13173,4,11,2639.35,2,0,Champions,1074.4428267381518,0
13174,16,12,9494.84,0,0,Champions,4004.688479697331,0
13175,582,2,831.45,5,1,Lost/Inactive,257.8548503734142,1
13176,46,1,492.84,0,3,New/Occasional,,0
13177,65,2,512.2,0,3,New/Occasional,350.4874083895782,0
13178,26,21,14059.19,9,0,Champions,5930.941180970161,0
13179,619,1,572.3100000000001,0,1,Lost/Inactive,-6.610786493744076,1
13180,607,1,86.10000000000001,0,1,Lost/Inactive,-6.717182876703723,1
13181,381,1,359.69,0,1,Lost/Inactive,,1
13182,45,1,121.18,0,1,Lost/Inactive,,0
13183,8,15,7036.18,5,0,Champions,3307.399775123438,0
13184,15,10,1701.29,2,0,Champions,1534.63399037845,0
13185,268,1,71.4,0,1,Lost/Inactive,,1
13186,40,3,1575.89,5,3,New/Occasional,1390.7466409918654,0
13187,337,4,367.01,1,1,Lost/Inactive,187.97024841963253,1
13188,11,1,114.6,0,3,New/Occasional,,0
13189,19,2,260.68,0,3,New/Occasional,457.9516514786102,0
13190,544,3,570.66,1,1,Lost/Inactive,160.46969945739036,1
13191,658,1,164.69,0,1,Lost/Inactive,-6.250841061776483,1
13192,95,6,2558.58,3,2,At-Risk,972.3828901240364,1
13193,61,1,117.88,0,1,Lost/Inactive,,0
13194,136,2,472.78,0,1,Lost/Inactive,77.78348998208898,1
13195,414,1,172.38,0,1,Lost/Inactive,,1
13196,11,7,3068.84,2,0,Champions,1632.9431066754669,0
13197,610,1,373.0100000000001,0,1,Lost/Inactive,-6.697583176459356,1
13198,10,8,4974.2300000000005,8,0,Champions,3093.20035967867,0
13199,4,67,16432.89,2,0,Champions,6936.293531351691,0
13200,19,4,870.09,0,3,New/Occasional,1205.8055908820022,0
13201,502,4,1240.61,0,2,At-Risk,208.78745280060997,1
13202,394,7,1580.3,1,2,At-Risk,335.2361107465936,1
13203,10,10,2648.25,1,0,Champions,1070.4386340215983,0
13204,731,1,966.66,0,1,Lost/Inactive,-5.686099569348275,1
13205,443,1,2803.2,0,2,At-Risk,,1
13206,400,13,8377.32,3,2,At-Risk,198.7024985716739,1
13207,15,4,535.86,0,3,New/Occasional,203.74536106294943,0
13208,59,9,1988.5,1,2,At-Risk,882.9996796260691,0
13209,30,13,8509.51,8,0,Champions,3974.4869289167823,0
13210,94,1,353.48,0,1,Lost/Inactive,,1
13211,10,10,2729.32,3,0,Champions,1151.791633545594,0
13212,20,3,788.08,1,3,New/Occasional,2348.2844153984256,0
13213,57,11,3851.52,5,0,Champions,2031.241947155749,0
13214,418,7,3264.23,0,2,At-Risk,212.2239418797928,1
13215,402,1,81.6,0,1,Lost/Inactive,,1
13216,268,1,333.74,0,1,Lost/Inactive,,1
13217,122,4,666.48,3,2,At-Risk,311.86150348217853,1
13218,127,1,62.64,0,1,Lost/Inactive,,1
13219,618,1,76.23,0,1,Lost/Inactive,-6.610786493744076,1
13220,78,5,1336.09,0,2,At-Risk,510.762251798027,1
13221,240,2,847.41,0,2,At-Risk,421.27343788022006,1
13222,577,1,88.5,0,1,Lost/Inactive,-7.025632002897385,1
13223,200,6,969.12,0,2,At-Risk,382.2954715788568,1
13224,60,2,2155.95,1,2,At-Risk,2543.2748215102906,0
13225,3,16,16260.07,2,0,Champions,6675.154229959116,0
13226,273,2,312.46,0,1,Lost/Inactive,120.15585137320348,1
13227,202,1,257.7,0,1,Lost/Inactive,,1
13228,81,1,358.0,0,1,Lost/Inactive,,1
13229,226,1,160.95,0,1,Lost/Inactive,,1
13230,4,30,6360.78,1,0,Champions,3009.095640135244,0
13232,13,7,1357.6,0,3,New/Occasional,1516.4073499761228,0
13233,74,4,1176.46,0,2,At-Risk,494.0818604333937,0
13234,673,2,356.95,0,1,Lost/Inactive,37.772388579524254,1
13235,212,1,1031.07,1,1,Lost/Inactive,,1
13236,25,2,744.85,3,3,New/Occasional,1077.1745675430805,0
13237,388,1,643.0,0,1,Lost/Inactive,,1
13238,17,6,1006.63,1,3,New/Occasional,528.2492796080372,0
13239,262,5,1594.69,1,2,At-Risk,765.4807824700974,1
13240,96,8,1738.52,1,2,At-Risk,828.2108775447191,1
13241,412,1,115.58,0,1,Lost/Inactive,,1
13242,112,7,699.4,0,2,At-Risk,305.6288829332334,1
13243,203,5,1278.04,0,2,At-Risk,643.0449882092408,1
13244,93,1,121.74,0,1,Lost/Inactive,,1
13245,51,2,989.22,0,3,New/Occasional,532.2015308836558,0
13246,18,11,3387.43,6,0,Champions,1974.7027703712097,0
13247,18,4,501.12,0,3,New/Occasional,561.4947308236825,0
13248,125,2,465.68,0,1,Lost/Inactive,171.5368750997903,1
13249,92,9,1608.9299999999998,0,2,At-Risk,745.4171844219395,1
13250,461,2,256.04,1,1,Lost/Inactive,64.23762450485896,1
13251,402,1,252.68,0,1,Lost/Inactive,,1
13252,394,2,399.3,3,1,Lost/Inactive,41.25168112405154,1
13253,157,4,2951.11,0,2,At-Risk,1071.417064520651,1
13254,376,1,51.41,0,1,Lost/Inactive,,1
13255,9,3,904.46,1,3,New/Occasional,512.7529928944907,0
13257,436,1,149.75,2,1,Lost/Inactive,,1
13258,12,5,1035.18,0,3,New/Occasional,776.0225963880811,0
13259,62,9,1433.38,0,2,At-Risk,635.008292222643,0
13260,61,1,557.62,0,3,New/Occasional,,0
13261,269,2,944.1,0,2,At-Risk,102.62378688920026,1
13262,263,3,573.45,0,2,At-Risk,226.35303727794965,1
13263,1,39,8704.69,0,0,Champions,5942.294529677005,0
13264,443,1,722.5600000000001,0,1,Lost/Inactive,,1
13265,53,5,2107.66,0,2,At-Risk,2096.71752826393,0
13266,11,19,6135.04,20,0,Champions,2596.01639607712,0
13267,3,36,9758.26,27,0,Champions,4098.179887668887,0
13268,18,11,3214.69,7,0,Champions,2787.1161169150323,0
13269,1,28,8891.7,4,0,Champions,3777.1744323820094,0
13270,366,1,1180.0,0,1,Lost/Inactive,,1
13271,37,1,217.38,5,3,New/Occasional,,0
13272,31,2,276.56,0,3,New/Occasional,531.2383545957657,0
13273,113,1,138.98,0,1,Lost/Inactive,,1
13274,409,1,360.85,0,1,Lost/Inactive,,1
13275,384,2,241.66,0,1,Lost/Inactive,48.38026240599656,1
13276,64,5,1939.26,2,2,At-Risk,872.4979482951685,0
13277,16,7,523.3,0,3,New/Occasional,325.6336838180379,0
13278,41,4,1435.85,1,3,New/Occasional,715.0938192225036,0
13279,78,1,137.75,2,1,Lost/Inactive,,1
13280,122,7,2322.63,1,2,At-Risk,992.4427910614436,1
13281,439,1,350.85,4,1,Lost/Inactive,,1
13282,18,4,1313.19,3,3,New/Occasional,1017.905031595064,0
13283,60,4,373.36,0,3,New/Occasional,149.16808349720532,0
13284,331,1,201.19,1,1,Lost/Inactive,,1
13285,23,6,3364.59,0,0,Champions,1701.9445624726477,0
13286,600,1,734.91,0,1,Lost/Inactive,-6.786697882846865,1
13287,603,3,781.59,21,2,At-Risk,119.09143312232524,1
13288,443,5,927.61,2,2,At-Risk,155.91606503433178,1
13289,724,1,307.95,0,1,Lost/Inactive,-5.742946166673313,1
13290,438,1,208.63,2,1,Lost/Inactive,,1
13291,156,11,3320.84,0,2,At-Risk,1470.3514482603136,1
13292,39,5,994.51,1,3,New/Occasional,532.2823191322833,0
13293,392,6,1192.94,1,2,At-Risk,286.82582587705366,1
13294,190,3,1689.53,0,2,At-Risk,562.0196802612674,1
13295,360,4,1101.97,9,2,At-Risk,393.57977774871335,1
13296,137,6,792.51,0,2,At-Risk,396.1009463997127,1
13297,8,7,4368.62,1,0,Champions,2371.8556034720395,0
13298,1,1,360.0,0,3,New/Occasional,,0
13299,268,3,1218.7,4,2,At-Risk,622.0089270688177,1
13300,169,3,1285.51,3,2,At-Risk,693.8641510378621,1
13301,104,4,618.09,0,2,At-Risk,506.8832654760217,1
13302,155,2,159.2,0,1,Lost/Inactive,67.43074833504456,1
13303,400,1,61.72,0,1,Lost/Inactive,,1
13304,351,4,1217.99,9,2,At-Risk,450.27400521287854,1
13305,4,16,3754.71,0,0,Champions,1673.7095563456585,0
13306,430,1,53.65,0,1,Lost/Inactive,,1
13307,120,3,273.34,0,1,Lost/Inactive,34.674502010079486,1
13308,23,4,1670.37,3,3,New/Occasional,890.1382887124092,0
13309,7,6,1706.37,0,3,New/Occasional,1235.0017434731565,0
13310,28,5,1541.2,5,3,New/Occasional,1105.8757556548824,0
13311,4,2,598.57,0,3,New/Occasional,317.5609840250701,0
13312,451,1,124.75,0,1,Lost/Inactive,,1
13313,22,12,3445.32,4,0,Champions,1380.0095497056254,0
13314,2,3,775.94,13,3,New/Occasional,938.5421818617796,0
13315,689,1,310.26000000000005,0,1,Lost/Inactive,-5.997829224297223,1
13316,37,10,13191.57,2,0,Champions,5763.343480041225,0
13317,66,19,6486.091,37,0,Champions,2694.4100313022486,0
13318,1,3,640.76,0,3,New/Occasional,1542.7840442200452,0
13319,5,58,22082.5,43,0,Champions,9197.381445317342,0
13320,78,6,2228.1,5,2,At-Risk,1402.2502835945286,1
13321,72,2,567.36,0,3,New/Occasional,1094.7289628136816,0
13322,17,1,199.48,0,3,New/Occasional,,0
13323,3,5,787.85,0,3,New/Occasional,1778.8038130579585,0
13324,36,18,10513.47,7,0,Champions,5781.892017465412,0
13325,82,1,675.3,0,3,New/Occasional,,1
13326,432,1,281.76,0,1,Lost/Inactive,,1
13327,39,20,9879.48,4,0,Champions,3976.637794716007,0
13328,316,1,1308.48,0,1,Lost/Inactive,,1
13329,32,8,5112.97,7,0,Champions,2316.3801746587446,0
13330,93,6,2806.18,0,2,At-Risk,1158.6320711841254,1
13331,402,1,262.4,0,1,Lost/Inactive,,1
13332,14,1,350.90000000000003,0,3,New/Occasional,,0
13333,411,3,1015.74,0,2,At-Risk,451.87073489084094,1
13334,82,5,6263.75,1,2,At-Risk,2816.917890630789,1
13336,77,1,795.12,0,3,New/Occasional,,1
13337,546,1,1575.26,3,1,Lost/Inactive,,1
13338,158,4,2445.62,18,2,At-Risk,915.2795120807036,1
13339,201,1,860.12,0,1,Lost/Inactive,,1
13340,45,12,22100.56,0,0,Champions,8171.962249548915,0
13341,261,1,775.85,0,1,Lost/Inactive,,1
13343,178,1,353.43,3,1,Lost/Inactive,,1
13344,68,3,2543.7200000000003,0,2,At-Risk,1552.584871652943,0
13345,288,1,389.5,2,1,Lost/Inactive,,1
13346,463,6,299.4,0,2,At-Risk,34.10572978309359,1
13347,70,1,341.36,0,1,Lost/Inactive,,0
13348,64,1,233.76,0,1,Lost/Inactive,,0
13349,11,1,247.32,0,3,New/Occasional,,0
13350,16,2,979.12,3,3,New/Occasional,1393.5975066903802,0
13351,66,1,373.94,0,1,Lost/Inactive,,0
13352,60,1,397.98,3,3,New/Occasional,,0
13354,71,1,743.53,0,3,New/Occasional,,0
13355,122,1,674.7,0,1,Lost/Inactive,,1
13356,80,1,768.24,0,3,New/Occasional,,1
13357,257,5,3838.36,0,2,At-Risk,1290.0267807438534,1
13358,269,1,439.03,0,1,Lost/Inactive,,1
13359,64,2,1043.31,5,3,New/Occasional,573.3286392769978,0
13360,432,4,1553.65,7,2,At-Risk,350.97973238574804,1
13361,472,2,1450.5,0,2,At-Risk,402.3469348421944,1
13362,9,7,5394.07,6,0,Champions,3537.485718911031,0
13363,18,3,1723.86,0,3,New/Occasional,985.0946900413784,0
13364,71,1,134.96,10,1,Lost/Inactive,,0
13365,34,2,2225.37,6,3,New/Occasional,3267.1581391395007,0
13366,50,1,56.16,0,1,Lost/Inactive,,0
13367,432,1,510.2,0,1,Lost/Inactive,,1
13368,257,4,1121.5,1,2,At-Risk,457.4569370902801,1
13369,366,1,616.5600000000001,5,1,Lost/Inactive,,1
13370,372,1,1509.74,10,1,Lost/Inactive,,1
13371,505,2,2297.66,3,2,At-Risk,641.0909539369121,1
13372,90,1,378.64,0,1,Lost/Inactive,,1
13373,61,6,7587.19,0,2,At-Risk,3312.490130143349,0
13374,415,2,422.8,0,1,Lost/Inactive,74.54334619376037,1
13375,89,2,1792.23,1,2,At-Risk,924.933278388565,1
13376,99,3,1019.76,0,2,At-Risk,959.3934726035892,1
13377,397,2,1552.88,3,2,At-Risk,536.4418078191121,1
13379,26,3,572.56,0,3,New/Occasional,1005.1034649240348,0
13380,433,1,62.4,0,1,Lost/Inactive,,1
13381,32,12,8224.37,5,0,Champions,3664.247515584616,0
13382,281,5,1387.58,0,2,At-Risk,529.2895234197285,1
13383,544,1,305.28000000000003,0,1,Lost/Inactive,,1
13384,31,11,6680.83,7,0,Champions,3660.700866166297,0
13385,330,1,534.57,0,1,Lost/Inactive,,1
13386,414,2,835.46,0,1,Lost/Inactive,285.39829111997875,1
13387,417,1,189.44,0,1,Lost/Inactive,,1
13388,131,3,1185.65,1,2,At-Risk,612.3727404196094,1
13389,11,3,797.96,0,3,New/Occasional,853.3791259601004,0
13390,75,1,544.08,0,1,Lost/Inactive,,0
13391,204,1,59.8,0,1,Lost/Inactive,,1
13392,677,1,91.14,0,1,Lost/Inactive,-6.0932931425729375,1
13393,584,4,1131.45,4,2,At-Risk,186.97586398349432,1
13394,2,19,6621.7,14,0,Champions,2754.6716657583647,0
13395,185,3,1180.23,0,2,At-Risk,604.6724633546457,1
13396,29,2,1360.99,4,3,New/Occasional,1551.2390057750558,0
13397,73,10,3191.87,4,2,At-Risk,1378.1314733885438,0
13398,192,2,670.34,0,1,Lost/Inactive,511.8275864918795,1
13399,464,3,275.4,0,1,Lost/Inactive,48.84996784651014,1
13400,583,1,310.83,1,1,Lost/Inactive,-6.972264133046616,1
13402,127,4,1535.13,0,2,At-Risk,823.3740344588789,1
13403,18,3,229.5,0,3,New/Occasional,92.49352369657063,0
13404,1,2,252.49,0,3,New/Occasional,84.81017005461457,0
13405,74,6,1213.811,3,2,At-Risk,523.3723042488335,0
13406,427,2,568.92,1,1,Lost/Inactive,301.61028369073927,1
13407,579,3,2244.7,7,2,At-Risk,188.69156497318411,1
13408,2,106,51733.462,34,0,Champions,21701.86385285904,0
13410,24,9,2201.96,3,0,Champions,981.223436859024,0
13411,107,1,213.55,0,1,Lost/Inactive,,1
13412,620,1,487.35,0,1,Lost/Inactive,-6.59180403899118,1
13413,640,6,429.44,2,2,At-Risk,11.478544505964896,1
13414,134,6,2494.14,2,2,At-Risk,1290.2347895961198,1
13415,473,4,800.67,12,2,At-Risk,148.44400164873682,1
13416,44,3,940.8,0,3,New/Occasional,420.4551868100418,0
13417,5,6,1669.49,5,3,New/Occasional,585.1449108702914,0
13418,12,31,12233.6,12,0,Champions,4985.4618781582185,0
13419,64,1,221.06,0,1,Lost/Inactive,,0
13420,150,2,159.85,2,1,Lost/Inactive,211.93243977605795,1
13421,40,8,4103.12,3,0,Champions,1746.5013209497656,0
13422,64,1,2626.3,1,3,New/Occasional,,0
13423,429,1,217.03,0,1,Lost/Inactive,,1
13424,450,1,572.77,1,1,Lost/Inactive,,1
13425,108,5,3403.63,3,2,At-Risk,1575.1903583652158,1
13426,1,22,8167.38,2,0,Champions,3318.167527698246,0
13427,19,6,1006.53,0,3,New/Occasional,450.5713204604516,0
13428,10,3,499.98,0,3,New/Occasional,236.901797006555,0
13429,11,4,1006.8,0,3,New/Occasional,2015.168822649524,0
13430,19,2,679.45,5,3,New/Occasional,1370.0516178098785,0
13431,67,8,3316.24,1,2,At-Risk,1573.3923594869011,0
13432,571,2,439.1,0,1,Lost/Inactive,113.2354505680354,1
13433,501,4,658.32,1,2,At-Risk,166.71398785088684,1
13434,74,5,1666.86,0,2,At-Risk,736.781828217085,0
13435,5,9,4475.2300000000005,2,0,Champions,2700.9675158309765,0
13436,2,1,196.89,0,3,New/Occasional,,0
13437,14,7,3408.06,0,0,Champions,2892.437691646067,0
13438,547,1,46.5,0,1,Lost/Inactive,,1
13439,255,3,986.61,0,2,At-Risk,511.8221903002756,1
13440,423,7,1295.25,11,2,At-Risk,12.88076251477531,1
13441,92,2,720.9,0,3,New/Occasional,363.497745788694,1
13442,667,3,419.87,0,1,Lost/Inactive,31.07005178136145,1
13443,449,6,1280.16,1,2,At-Risk,187.24151276864797,1
13444,374,2,631.68,0,1,Lost/Inactive,400.86991950421935,1
13445,626,1,241.9,0,1,Lost/Inactive,-6.535507409848763,1
13446,430,11,3881.89,22,2,At-Risk,23.137631367709417,1
13447,23,3,1129.14,3,3,New/Occasional,4068.077162963916,0
13448,17,13,9240.87,6,0,Champions,3762.526074071016,0
13449,24,1,291.88,0,3,New/Occasional,,0
13450,27,13,4120.04,1,0,Champions,2069.527387938737,0
13451,26,11,7190.92,2,0,Champions,3288.28210444064,0
13452,259,3,729.8,0,2,At-Risk,457.9294085289979,1
13453,166,3,781.69,2,2,At-Risk,341.6073961653846,1
13454,641,1,219.87,0,1,Lost/Inactive,-6.398898578579876,1
13455,25,6,2905.93,20,0,Champions,1275.035377305158,0
13456,18,6,1766.72,2,3,New/Occasional,2200.742976779584,0
13457,689,2,148.22,2,1,Lost/Inactive,10.90060836347348,1
13458,7,16,11959.27,12,0,Champions,8248.685864472907,0
13459,625,2,1160.41,0,2,At-Risk,185.35495763597856,1
13460,29,2,183.44,0,3,New/Occasional,403.2247447918428,0
13461,39,6,4160.0,4,0,Champions,2233.992162373234,0
13462,253,5,1153.85,1,2,At-Risk,471.34680111525375,1
13464,58,6,3097.64,1,2,At-Risk,1637.029820037386,0
13465,446,2,931.12,0,1,Lost/Inactive,216.6188309030114,1
13466,184,5,1013.35,4,2,At-Risk,445.9568538243302,1
13467,11,2,1083.71,0,3,New/Occasional,1795.836241259638,0
13468,2,72,13390.51,22,0,Champions,5539.3148638601615,0
13469,653,1,82.4,0,1,Lost/Inactive,-6.293668934684785,1
13470,99,2,165.0,0,1,Lost/Inactive,148.886034053203,1
13471,1,4,2531.58,0,3,New/Occasional,5919.964308295319,0
13472,464,2,592.24,0,1,Lost/Inactive,203.38398440938695,1
13473,61,8,2657.76,2,2,At-Risk,1086.756947044984,0
13474,236,3,663.79,0,2,At-Risk,232.4765114341248,1
13475,191,4,1431.78,0,2,At-Risk,1029.6141686857095,1
13476,179,5,2061.4700000000003,3,2,At-Risk,997.1995360146876,1
13477,38,11,2834.17,2,0,Champions,1172.8060963225253,0
13478,469,5,2215.78,6,2,At-Risk,624.9417912738189,1
13479,201,4,851.37,5,2,At-Risk,339.10279435547614,1
13480,417,2,627.82,0,1,Lost/Inactive,94.9442612310744,1
13481,46,11,3830.84,4,0,Champions,1615.723207466498,0
13482,232,2,336.09,0,1,Lost/Inactive,157.72966058651463,1
13483,66,1,140.34,0,1,Lost/Inactive,,0
13484,241,3,790.72,1,2,At-Risk,398.1655355225548,1
13485,233,11,3019.2200000000003,4,2,At-Risk,1177.6893585189962,1
13486,78,3,1122.41,0,2,At-Risk,1837.337995828299,1
13487,58,5,846.87,0,2,At-Risk,373.7689201153779,0
13488,17,23,15587.88,7,0,Champions,7117.57447179008,0
13489,105,4,449.52,0,2,At-Risk,422.59557288951777,1
13490,654,1,154.25,0,1,Lost/Inactive,-6.285056320179356,1
13491,52,27,4566.56,0,0,Champions,1867.8610322427053,0
13492,136,3,1269.84,0,2,At-Risk,1402.722664771503,1
13493,275,2,618.63,0,1,Lost/Inactive,415.75247661999066,1
13494,312,1,316.26000000000005,0,1,Lost/Inactive,,1
13495,8,10,5374.26,12,0,Champions,2252.4794681197145,0
13496,11,2,653.33,1,3,New/Occasional,226.12919712501,0
13497,283,6,1320.3300000000002,2,2,At-Risk,509.9412019878675,1
13498,730,1,327.38,0,1,Lost/Inactive,-5.693143596510228,1
13499,18,5,1159.11,3,3,New/Occasional,1195.9178844176226,0
13500,23,4,1466.3,2,3,New/Occasional,1059.1399989620722,0
13501,288,3,2885.11,2,2,At-Risk,1528.8890802631909,1
13502,17,5,780.5,1,3,New/Occasional,311.29568244572323,0
13503,71,6,1905.39,12,2,At-Risk,537.1076357613666,0
13504,64,1,295.93,0,1,Lost/Inactive,,0
13505,73,4,4393.63,12,2,At-Risk,4655.746157481236,0
13506,316,5,1639.2,5,2,At-Risk,473.50767512397374,1
13507,3,4,2479.16,0,3,New/Occasional,2475.0104399405886,0
13508,244,2,287.05,0,1,Lost/Inactive,93.74532660581852,1
13509,9,8,1114.72,0,3,New/Occasional,639.443275427242,0
13510,1,11,4558.29,13,0,Champions,1999.8949625882608,0
13511,677,1,282.76,1,1,Lost/Inactive,-6.101386258447039,1
13512,261,4,713.39,0,2,At-Risk,336.15659336628767,1
13513,127,3,824.59,2,2,At-Risk,340.0669312065517,1
13514,74,4,815.9000000000001,0,2,At-Risk,267.0705071465047,0
13515,73,6,1265.82,0,2,At-Risk,587.1152874986496,0
13516,21,4,1685.26,0,3,New/Occasional,1219.732923493167,0
13517,60,3,2128.42,2,2,At-Risk,1908.8706456692555,0
13518,86,1,659.44,0,1,Lost/Inactive,,1
13519,78,2,343.21,1,3,New/Occasional,150.59656977499736,1
13520,59,11,6909.4,7,0,Champions,2888.072875848362,0
13521,1,3,1093.65,0,3,New/Occasional,4959.115113203367,0
13522,30,1,125.8,0,3,New/Occasional,,0
13523,33,6,5101.52,5,0,Champions,3868.194447901421,0
13524,41,5,680.1800000000001,0,3,New/Occasional,726.0892656022742,0
13525,15,2,628.78,0,3,New/Occasional,681.623959876104,0
13526,738,2,1182.0,10,2,At-Risk,-5.6372766162016354,1
13527,34,12,4683.74,2,0,Champions,2142.0144550431305,0
13529,79,2,307.76,0,1,Lost/Inactive,281.05692318230075,1
13530,634,1,402.98,0,1,Lost/Inactive,-6.461929220289257,1
13531,205,6,1738.52,0,2,At-Risk,691.7277358208015,1
13532,34,1,210.31,0,3,New/Occasional,,0
13533,183,3,270.79,0,1,Lost/Inactive,197.06152589908763,1
13534,2,35,7720.900000000001,69,0,Champions,4443.703439217075,0
13535,403,1,89.5,0,1,Lost/Inactive,,1
13536,1,7,3448.29,0,0,Champions,7986.465424657706,0
13537,426,2,717.85,0,1,Lost/Inactive,162.70150205951708,1
13538,43,12,3112.73,0,0,Champions,1204.2183811832,0
13539,86,7,1569.36,2,2,At-Risk,708.1726227792185,1
13540,467,3,632.39,0,1,Lost/Inactive,171.88245168864148,1
13541,427,2,785.25,2,1,Lost/Inactive,336.04461189817965,1
13542,377,17,4006.17,3,2,At-Risk,12.001512727242392,1
13543,634,2,1439.61,0,2,At-Risk,280.6034944221854,1
13544,40,6,829.0,1,3,New/Occasional,360.35080442678566,0
13545,391,2,374.64,2,1,Lost/Inactive,195.3561781158607,1
13546,12,5,1092.14,0,3,New/Occasional,738.8454820418741,0
13547,408,1,175.53,0,1,Lost/Inactive,,1
13548,96,3,908.99,0,2,At-Risk,590.8710275403124,1
13549,26,8,1005.8,1,3,New/Occasional,754.7801154953677,0
13550,383,1,349.51,0,1,Lost/Inactive,,1
13551,319,2,244.2,0,1,Lost/Inactive,72.71517642911142,1
13552,66,22,6978.92,19,0,Champions,3040.881739336673,0
13553,675,1,517.8,0,1,Lost/Inactive,-6.117637362831072,1
13554,380,7,1638.28,11,2,At-Risk,45.60522945181737,1
13555,74,13,8999.19,6,0,Champions,3962.9795511052166,0
13556,429,2,200.82,0,1,Lost/Inactive,42.177015898772325,1
13557,28,13,3032.26,3,0,Champions,1244.4036969267638,0
13558,6,4,605.06,0,3,New/Occasional,1272.0714781635995,0
13559,513,2,990.0,0,1,Lost/Inactive,269.0666053788575,1
13560,7,1,174.37,0,3,New/Occasional,,0
13561,216,11,1820.72,0,2,At-Risk,708.2756817239919,1
13562,82,8,4838.18,0,2,At-Risk,1932.4854347896649,1
13563,84,2,777.53,0,3,New/Occasional,1268.1051500877886,1
13564,144,37,17249.55,47,0,Champions,5610.532873657284,1
13565,19,3,414.8,0,3,New/Occasional,240.1001199155162,0
13566,41,5,1708.12,0,2,At-Risk,807.4973611585214,0
13567,428,4,1083.69,1,2,At-Risk,302.6788376298658,1
13568,173,1,192.85,0,1,Lost/Inactive,,1
13569,17,4,893.78,0,3,New/Occasional,564.6087620620405,0
13570,243,1,239.49,0,1,Lost/Inactive,,1
13571,13,26,4546.54,0,0,Champions,1927.0542501508485,0
13572,206,1,1384.25,0,1,Lost/Inactive,,1
13573,50,6,916.47,0,2,At-Risk,477.2296278599874,0
13574,411,1,421.25,0,1,Lost/Inactive,,1
13575,23,5,732.07,0,3,New/Occasional,1059.4274978223084,0
13576,10,28,11551.74,11,0,Champions,4863.637296165565,0
13577,25,11,3489.28,6,0,Champions,1550.2604193193797,0
13578,409,1,147.66,0,1,Lost/Inactive,,1
13579,15,5,1539.04,2,3,New/Occasional,642.5858854226606,0
13580,406,1,107.75,0,1,Lost/Inactive,,1
13581,309,2,280.53000000000003,0,1,Lost/Inactive,117.61425253263364,1
13582,390,2,241.68,0,1,Lost/Inactive,124.97572644295737,1
13583,156,2,1445.031,0,2,At-Risk,632.8314172165645,1
13584,307,3,392.45,5,1,Lost/Inactive,231.2666766475775,1
13585,531,3,684.54,1,2,At-Risk,269.2207023885443,1
13586,541,1,131.53,0,1,Lost/Inactive,,1
13587,64,4,1673.5,3,2,At-Risk,713.4287180270327,0
13588,16,9,2478.95,6,0,Champions,2698.342191660517,0
13589,15,6,1120.74,0,3,New/Occasional,415.9305512315272,0
13590,11,18,6349.59,5,0,Champions,2620.438915669901,0
13591,65,7,2093.94,1,2,At-Risk,975.8680295611714,0
13592,36,4,247.96,0,3,New/Occasional,222.158727877513,0
13593,108,14,5523.6900000000005,2,0,Champions,2459.6507070258976,1
13594,53,2,533.32,2,3,New/Occasional,444.736485332992,0
13595,517,3,818.22,0,2,At-Risk,97.1739083881874,1
13596,6,2,697.04,0,3,New/Occasional,2238.060466865108,0
13597,400,2,396.71,2,1,Lost/Inactive,9.442682634483427,1
13598,47,5,789.59,1,3,New/Occasional,309.8748008158383,0
13599,1,33,10167.63,32,0,Champions,4121.756099223761,0
13600,312,2,518.42,0,1,Lost/Inactive,176.7852792880915,1
13601,45,4,1185.14,0,3,New/Occasional,677.4577827385226,0
13602,65,4,1025.17,0,2,At-Risk,578.5555505427903,0
13603,26,1,164.34,0,3,New/Occasional,,0
13604,659,1,717.62,2,1,Lost/Inactive,-6.250841061776483,1
13605,387,2,522.67,0,1,Lost/Inactive,273.31481074903724,1
13606,29,3,280.54,0,3,New/Occasional,265.30832608309714,0
13607,40,2,1078.31,1,3,New/Occasional,890.6076355508678,0
13608,541,1,236.2,0,1,Lost/Inactive,,1
13609,593,1,167.35,0,1,Lost/Inactive,-6.857672146575975,1
13610,12,14,2175.88,3,0,Champions,847.6335230383215,0
13611,89,10,3319.53,7,2,At-Risk,1343.4187040946974,1
13612,633,1,818.29,2,1,Lost/Inactive,-6.480167478704159,1
13613,453,5,1039.85,0,2,At-Risk,276.31635413202764,1
13614,24,6,2359.19,0,3,New/Occasional,1292.23290587596,0
13615,319,8,6272.53,9,2,At-Risk,1818.9674199754024,1
13616,568,2,288.1,0,1,Lost/Inactive,54.24418840336568,1
13617,40,8,1278.75,1,2,At-Risk,773.5180128211517,0
13618,174,1,177.34,0,1,Lost/Inactive,,1
13619,545,2,231.69,0,1,Lost/Inactive,70.08715544136315,1
13620,528,1,112.34,0,1,Lost/Inactive,,1
13621,117,1,213.85,0,1,Lost/Inactive,,1
13622,696,1,658.95,2,1,Lost/Inactive,-5.943514953680621,1
13623,31,10,2566.49,11,0,Champions,876.8057683076445,0
13624,388,1,462.08,2,1,Lost/Inactive,,1
13625,597,1,301.26,0,1,Lost/Inactive,-6.827072978046038,1
13626,253,2,707.04,2,1,Lost/Inactive,297.2248233479322,1
13627,59,7,2245.9,3,2,At-Risk,1039.3466834707724,0
13628,676,1,310.14,0,1,Lost/Inactive,-6.101386258447039,1
13629,23,19,13370.86,0,0,Champions,6070.394559955976,0
13630,5,7,2031.78,9,0,Champions,1868.3961279428552,0
13631,100,11,3070.42,1,2,At-Risk,3138.5738169245897,1
13632,25,8,3648.15,3,0,Champions,1807.345208985796,0
13634,33,16,5073.47,28,0,Champions,2214.192034591524,0
13635,68,4,2999.16,5,2,At-Risk,1378.2976433172623,0
13636,37,5,949.12,1,3,New/Occasional,902.8806490733782,0
13637,52,3,810.5,0,3,New/Occasional,616.7574529443975,0
13638,16,1,122.64,0,3,New/Occasional,,0
13639,74,2,1346.27,0,2,At-Risk,1251.2205772434102,0
13640,611,1,405.0,0,1,Lost/Inactive,-6.678097927478468,1
13641,641,5,1016.47,6,2,At-Risk,54.532009195414034,1
13642,216,4,514.72,1,2,At-Risk,400.36857656575455,1
13643,31,10,2156.77,5,0,Champions,844.6661598386198,0
13644,16,4,2624.26,2,3,New/Occasional,4337.683865937973,0
13645,120,1,252.1,0,1,Lost/Inactive,,1
13646,400,2,326.25,1,1,Lost/Inactive,,1
13647,10,8,3071.68,1,0,Champions,1564.7569959680586,0
13648,400,8,1764.02,7,2,At-Risk,389.22964440638646,1
13649,257,6,1678.88,0,2,At-Risk,722.5109952648419,1
13650,17,10,3288.0,12,0,Champions,1371.6784391952108,0
13651,35,3,226.85,1,3,New/Occasional,102.39230375623389,0
13652,46,5,2570.85,0,2,At-Risk,1216.4888595431607,0
13653,488,1,152.2,0,1,Lost/Inactive,,1
13654,43,11,6308.0,0,0,Champions,2786.295742252588,0
13655,114,6,2280.51,4,2,At-Risk,1021.3479724625216,1
13656,165,4,1078.85,3,2,At-Risk,471.7241620199475,1
13657,11,2,382.14,0,3,New/Occasional,534.8787004838867,0
13658,10,9,6025.5,8,0,Champions,2595.525381542063,0
13659,206,12,4894.88,14,2,At-Risk,1913.3038728789888,1
13660,400,1,314.59,1,1,Lost/Inactive,,1
13661,603,1,325.24,0,1,Lost/Inactive,-6.756729699800896,1
13662,86,11,2250.11,11,2,At-Risk,1013.5947461760612,1
13663,179,5,2047.51,2,2,At-Risk,820.5767670514176,1
13665,386,3,1711.66,0,2,At-Risk,573.2781475291655,1
13666,60,5,127.9,0,3,New/Occasional,59.218747883743575,0
13667,149,1,305.02,0,1,Lost/Inactive,,1
13668,3,35,13089.94,42,0,Champions,5398.317690299117,0
13669,51,3,413.55,0,3,New/Occasional,219.1553722785768,0
13670,75,1,349.7,0,1,Lost/Inactive,,0
13671,395,1,194.95,0,1,Lost/Inactive,,1
13672,301,3,419.92,10,1,Lost/Inactive,105.31865062133024,1
13673,19,2,396.92,0,3,New/Occasional,1127.8056204039508,0
13674,433,1,240.68,2,1,Lost/Inactive,,1
13675,151,2,486.8200000000001,0,1,Lost/Inactive,287.9985992761722,1
13676,539,2,243.9,2,1,Lost/Inactive,57.36194332813917,1
13677,405,2,556.1899999999999,0,1,Lost/Inactive,210.57483300127217,1
13678,152,1,232.6,0,1,Lost/Inactive,,1
13679,494,3,281.26,0,1,Lost/Inactive,69.8803425867195,1
13680,1,12,11435.67,21,0,Champions,4858.154907132584,0
13681,18,4,827.83,0,3,New/Occasional,1190.6288281271864,0
13682,187,1,59.5,0,1,Lost/Inactive,,1
13683,458,1,258.6,0,1,Lost/Inactive,,1
13684,286,4,596.98,4,2,At-Risk,228.8918629964785,1
13685,3,7,3119.44,0,0,Champions,5454.42286207778,0
13686,183,3,409.04,0,1,Lost/Inactive,175.18089266638253,1
13687,438,1,11880.84,0,2,At-Risk,,1
13688,635,1,375.5,0,1,Lost/Inactive,-6.452848666152787,1
13689,63,2,1259.5,0,3,New/Occasional,1089.7863162535057,0
13690,59,1,172.25,0,1,Lost/Inactive,,0
13691,396,1,212.78,0,1,Lost/Inactive,,1
13692,25,5,3114.4,3,3,New/Occasional,1640.2218101448557,0
13693,374,9,2011.82,6,2,At-Risk,338.63099274431426,1
13694,4,143,196482.81,33,0,Champions,82083.68489181866,0
13695,31,16,2770.73,0,0,Champions,1376.3025887345188,0
13696,422,3,2020.4,1,2,At-Risk,886.7218827129798,1
13697,39,1,151.3,0,3,New/Occasional,,0
13698,597,2,465.53,0,1,Lost/Inactive,120.21936506201315,1
13699,155,2,764.15,3,2,At-Risk,300.9824627529608,1
13700,26,13,2613.46,4,0,Champions,1257.6143465486707,0
13701,447,1,161.0,1,1,Lost/Inactive,,1
13702,446,1,135.18,0,1,Lost/Inactive,,1
13703,318,2,425.56,36,1,Lost/Inactive,96.92788995631489,1
13704,5,9,2308.06,1,0,Champions,5260.270770015052,0
13705,8,7,2035.33,0,0,Champions,983.566397838118,0
13706,303,2,631.1700000000001,0,1,Lost/Inactive,269.2079638139227,1
13707,267,5,3365.86,0,2,At-Risk,1646.6018245103205,1
13708,271,1,296.88,0,1,Lost/Inactive,,1
13709,4,18,7591.75,10,0,Champions,3434.8912695596546,0
13710,32,3,509.52,0,3,New/Occasional,197.96943257814348,0
13711,219,9,1792.26,11,2,At-Risk,732.4210917408254,1
13712,247,2,766.42,0,1,Lost/Inactive,197.57556948120052,1
13713,408,3,743.26,0,2,At-Risk,262.82658431497816,1
13714,465,1,161.35,0,1,Lost/Inactive,,1
13715,281,17,8483.29,6,0,Champions,348.0214185832081,1
13716,269,1,138.28,0,1,Lost/Inactive,,1
13717,32,8,1763.3,3,0,Champions,1069.3063923363418,0
13718,246,2,306.55,0,1,Lost/Inactive,235.4448383930664,1
13719,15,11,2815.25,0,0,Champions,1370.7120980222685,0
13720,117,4,799.9,0,2,At-Risk,659.5167522025367,1
13721,36,2,741.54,0,3,New/Occasional,700.7086961214026,0
13722,132,10,5635.41,1,2,At-Risk,2657.5801862040576,1
13723,217,6,1209.2,0,2,At-Risk,497.6828725969049,1
13724,637,1,213.01,0,1,Lost/Inactive,-6.434764164192352,1
13725,50,8,1980.56,14,2,At-Risk,1016.402770854416,0
13726,39,2,1079.66,0,3,New/Occasional,2799.4711708999207,0
13727,29,8,1080.05,1,3,New/Occasional,464.69768494593706,0
13728,37,16,2855.17,0,0,Champions,1204.8488082990075,0
13729,436,3,724.73,5,2,At-Risk,185.40121018251264,1
13730,136,2,752.6,0,2,At-Risk,961.8121457558482,1
13731,219,2,610.59,0,1,Lost/Inactive,406.104511336922,1
13732,28,1,491.86,0,3,New/Occasional,,0
13733,411,2,487.03,1,1,Lost/Inactive,227.58648418256135,1
13734,509,4,6701.640000000001,2,2,At-Risk,1983.500122309676,1
13735,25,13,9813.22,27,0,Champions,4226.465756662862,0
13736,5,7,2766.21,11,0,Champions,997.2024253646364,0
13737,200,1,339.6,0,1,Lost/Inactive,,1
13738,396,1,440.93,0,1,Lost/Inactive,,1
13739,18,2,292.2,0,3,New/Occasional,229.7368747154821,0
13740,241,5,1597.77,0,2,At-Risk,613.1428430645132,1
13741,72,3,668.4300000000001,1,3,New/Occasional,816.1828205963045,0
13742,17,12,3131.02,2,0,Champions,2483.27669039815,0
13743,3,7,1341.6,1,3,New/Occasional,1398.6487955993955,0
13744,95,2,1156.36,0,2,At-Risk,438.41683486553126,1
13745,162,2,777.36,3,2,At-Risk,293.6705098995698,1
13746,414,1,176.69,0,1,Lost/Inactive,,1
13747,374,2,249.4,0,1,Lost/Inactive,119.04202891825346,1
13748,96,9,2268.35,0,2,At-Risk,964.167464541371,1
13750,54,11,3602.18,2,0,Champions,1732.830899048549,0
13751,288,1,296.25,0,1,Lost/Inactive,,1
13752,124,7,1590.73,0,2,At-Risk,737.7418784545363,1
13753,288,4,2094.57,0,2,At-Risk,720.8115721322672,1
13754,152,3,447.05,0,1,Lost/Inactive,256.5996822427968,1
13755,4,9,2161.35,1,0,Champions,4776.060531399484,0
13756,2,23,9207.5,2,0,Champions,3987.3449197233463,0
13757,675,1,195.55,0,1,Lost/Inactive,-6.117637362831072,1
13758,12,15,9416.98,6,0,Champions,3712.605449632149,0
13759,33,2,659.4100000000001,0,3,New/Occasional,438.2934152254968,0
13760,54,5,1363.64,1,2,At-Risk,648.2782498287307,0
13761,50,6,1952.17,0,2,At-Risk,911.5425446337516,0
13762,219,5,2472.48,7,2,At-Risk,1018.9770887094172,1
13763,63,3,5217.44,3,2,At-Risk,1881.499716339037,0
13764,71,6,2953.26,0,2,At-Risk,1129.5574055881957,0
13765,653,1,352.821,0,1,Lost/Inactive,-6.293668934684785,1
13766,495,1,190.35,0,1,Lost/Inactive,,1
13767,2,73,35540.53,46,0,Champions,14539.102531256056,0
13768,727,2,875.97,10,1,Lost/Inactive,53.265240733432734,1
13769,2,20,5800.42,12,0,Champions,2488.1142252701043,0
13770,422,4,785.37,0,2,At-Risk,259.5589611152121,1
13771,64,9,5728.82,1,0,Champions,2553.6004929411765,0
13772,34,8,3114.2200000000003,2,0,Champions,1343.650922395655,0
13773,397,2,301.54,0,1,Lost/Inactive,153.18090894044414,1
13774,82,1,345.0,0,1,Lost/Inactive,,1
13775,591,1,1049.66,0,1,Lost/Inactive,-6.888547871033615,1
13776,428,2,623.98,6,1,Lost/Inactive,,1
13777,1,61,56478.42,43,0,Champions,21416.69015277671,0
13778,103,4,1124.49,1,2,At-Risk,513.9441106705184,1
13779,516,1,161.13,0,1,Lost/Inactive,,1
13780,7,3,735.82,0,3,New/Occasional,361.7831163358248,0
13781,251,3,778.83,1,2,At-Risk,267.81780543100734,1
13782,13,13,1793.72,1,0,Champions,744.8035167028778,0
13783,488,4,1542.09,0,2,At-Risk,317.7206381859011,1
13784,10,14,2910.23,2,0,Champions,1736.2356372219233,0
13785,429,4,542.49,0,2,At-Risk,114.52183681227687,1
13786,367,6,3358.94,2,2,At-Risk,971.6588282116742,1
13787,76,6,1222.5,8,2,At-Risk,538.9460264328251,1
13788,505,1,3.75,0,1,Lost/Inactive,,1
13789,388,1,239.46,0,1,Lost/Inactive,,1
13790,4,1,348.79999999999995,0,3,New/Occasional,,0
13791,128,2,1516.0,6,2,At-Risk,1273.6271427171473,1
13792,66,3,383.95,0,3,New/Occasional,189.8098193084506,0
13793,647,1,96.0,0,1,Lost/Inactive,-6.354626794458289,1
13794,547,1,126.03,0,1,Lost/Inactive,,1
13795,388,4,836.3,0,2,At-Risk,282.5739211939938,1
13796,499,1,289.7,0,1,Lost/Inactive,,1
13797,437,3,1179.45,2,2,At-Risk,413.7747233066864,1
13798,1,110,75836.87,192,0,Champions,32006.88641105576,0
13799,117,9,2803.57,10,2,At-Risk,1232.63241332141,1
13800,310,3,1679.56,0,2,At-Risk,660.536579441678,1
13801,67,1,324.8,0,1,Lost/Inactive,,0
13802,139,19,26259.11,9,0,Champions,11174.596454386008,1
13803,255,3,1338.91,1,2,At-Risk,586.725176668177,1
13804,31,9,3208.52,0,0,Champions,1972.7566954727213,0
13805,52,2,924.6,0,3,New/Occasional,1280.4003861751398,0
13806,64,1,256.38,0,1,Lost/Inactive,,0
13807,367,3,534.8,2,1,Lost/Inactive,227.57277939363155,1
13808,6,5,1747.66,0,3,New/Occasional,2889.0875003336573,0
13809,305,3,679.6999999999999,0,2,At-Risk,395.0374390631536,1
13810,29,3,1499.01,1,3,New/Occasional,1198.8645243637343,0
13811,184,3,814.5,1,2,At-Risk,655.6800081749986,1
13812,42,3,539.0,0,3,New/Occasional,697.4511371917946,0
13813,40,8,2765.4700000000003,10,0,Champions,1158.4777821992066,0
13814,92,3,2257.32,2,2,At-Risk,1239.660318958914,1
13815,22,8,7475.74,5,0,Champions,3436.669409243871,0
13816,24,2,571.6700000000001,5,3,New/Occasional,929.0758648058302,0
13817,29,2,382.98,0,3,New/Occasional,378.65001295177456,0
13818,430,1,61.28,0,1,Lost/Inactive,,1
13819,302,6,2642.35,3,2,At-Risk,862.6680371842065,1
13820,418,3,660.65,3,2,At-Risk,221.7673348773157,1
13821,145,6,1410.73,1,2,At-Risk,545.8565921382077,1
13822,6,2,632.0,0,3,New/Occasional,955.6561577854472,0
13823,19,7,3403.4500000000003,3,0,Champions,1448.3151816077357,0
13824,33,12,3314.76,4,0,Champions,1642.1150920023329,0
13825,622,2,255.59,0,1,Lost/Inactive,49.44236006251951,1
13826,176,1,189.5,2,1,Lost/Inactive,,1
13827,58,3,412.05,0,3,New/Occasional,652.2965418654258,0
13828,22,1,209.49,0,3,New/Occasional,,0
13829,421,1,102.0,1,1,Lost/Inactive,,1
13830,582,1,156.85000000000002,2,1,Lost/Inactive,-6.982872499969936,1
13831,16,18,7023.58,4,0,Champions,2687.83210838018,0
13832,19,2,613.6899999999999,1,3,New/Occasional,70.50782484056441,0
13833,159,2,701.36,0,1,Lost/Inactive,477.2135405746519,1
13834,577,2,324.19,5,1,Lost/Inactive,57.04145380685628,1
13835,25,7,1095.27,2,3,New/Occasional,519.2937843792763,0
13836,399,2,620.37,2,1,Lost/Inactive,163.83832768306996,1
13837,212,2,271.24,0,1,Lost/Inactive,215.81106680311052,1
13838,6,10,1966.09,0,0,Champions,1041.1698837126369,0
13839,486,1,139.95000000000002,0,1,Lost/Inactive,,1
13840,416,1,651.4,0,1,Lost/Inactive,,1
13841,253,1,85.0,0,1,Lost/Inactive,,1
13842,59,18,5629.91,3,0,Champions,2537.5807793815284,0
13843,381,1,319.75,0,1,Lost/Inactive,,1
13844,11,1,361.62,0,3,New/Occasional,,0
13845,65,1,312.98,0,1,Lost/Inactive,,0
13846,25,4,1307.79,3,3,New/Occasional,789.3237783436423,0
13847,720,1,310.72,0,1,Lost/Inactive,-5.771799104820351,1
13848,92,8,3335.0,0,2,At-Risk,1326.8377500186507,1
13849,52,5,3469.3,1,2,At-Risk,1718.11918692717,0
13850,129,1,1595.48,1,2,At-Risk,,1
13851,96,8,4606.46,1,2,At-Risk,2221.283684577509,1
13852,611,1,187.35,2,1,Lost/Inactive,-6.68782630848241,1
13853,57,1,1090.14,1,3,New/Occasional,,0
13854,9,39,12253.96,6,0,Champions,5380.724763582198,0
13855,501,4,1310.34,4,2,At-Risk,323.5544952500417,1
13856,169,11,1142.03,8,2,At-Risk,500.7242299598307,1
13857,393,6,1001.01,1,2,At-Risk,231.1566188680791,1
13858,57,1,216.17,0,1,Lost/Inactive,,0
13859,326,2,515.86,0,1,Lost/Inactive,178.12739139372826,1
13860,1,5,1245.9,1,3,New/Occasional,2332.920915568465,0
13861,429,2,273.26,2,1,Lost/Inactive,100.80375098015432,1
13862,18,9,2556.09,3,0,Champions,1783.3416540785752,0
13863,248,4,1239.55,4,2,At-Risk,559.8264084010752,1
13864,387,1,662.4000000000001,0,1,Lost/Inactive,,1
13865,58,4,501.56,0,3,New/Occasional,447.8898182630018,0
13866,74,1,145.67,0,1,Lost/Inactive,,0
13867,31,3,1015.29,0,3,New/Occasional,1438.173645453505,0
13868,7,2,3192.54,0,3,New/Occasional,15606.33119353988,0
13869,123,10,8111.57,0,0,Champions,3225.408076421857,1
13870,2,15,5712.08,4,0,Champions,2496.7722510692342,0
13871,23,17,7885.85,7,0,Champions,3295.3961343618507,0
13872,527,3,919.57,4,2,At-Risk,266.5452746326477,1
13873,120,8,1038.92,1,2,At-Risk,458.2736934556709,1
13874,358,7,2049.15,4,2,At-Risk,576.166805802603,1
13875,54,14,4814.37,0,0,Champions,2100.224429036424,0
13876,64,1,122.7,0,1,Lost/Inactive,,0
13877,86,3,449.68,2,3,New/Occasional,184.938350169423,1
13878,55,4,2473.06,0,2,At-Risk,1166.351368928253,0
13879,646,1,395.5,0,1,Lost/Inactive,-6.363431911211171,1
13880,21,17,4391.66,0,0,Champions,2355.8477041940982,0
13881,4,43,45179.1,10,0,Champions,20418.186529872877,0
13882,3,5,1191.13,1,3,New/Occasional,3063.31726689912,0
13883,11,15,6560.02,20,0,Champions,2949.3034137850364,0
13884,7,10,1888.48,4,0,Champions,1138.0464673530842,0
13885,189,2,506.8,0,1,Lost/Inactive,168.88682519512406,1
13886,71,1,243.56,0,1,Lost/Inactive,,0
13887,204,1,349.55,0,1,Lost/Inactive,,1
13888,120,7,2169.05,0,2,At-Risk,1158.2843803939509,1
13889,93,6,1991.23,7,2,At-Risk,856.9001924310303,1
13890,1,14,2927.38,10,0,Champions,1216.5442746228584,0
13891,378,3,863.56,0,2,At-Risk,269.66608143204365,1
13892,27,6,1267.65,0,3,New/Occasional,450.9794741609037,0
13893,298,1,821.1,0,1,Lost/Inactive,,1
13894,24,3,564.62,3,3,New/Occasional,663.3185816077666,0
13895,28,6,4008.52,2,0,Champions,1539.4766161827906,0
13896,626,1,388.55,0,1,Lost/Inactive,-6.544823077016814,1
13897,50,3,1160.72,0,3,New/Occasional,431.2314733603935,0
13898,326,2,686.4,0,1,Lost/Inactive,145.99786970951476,1
13899,16,2,388.52,0,3,New/Occasional,168.83068609011195,0
13900,183,6,1610.59,1,2,At-Risk,727.4987775775802,1
13901,72,15,5676.34,8,0,Champions,2502.003059651297,0
13902,632,5,34095.26,4,2,At-Risk,654.8994661433971,1
13903,400,1,165.45000000000002,0,1,Lost/Inactive,,1
13904,37,2,332.64,0,3,New/Occasional,228.34767555096,0
13905,733,1,312.65,3,1,Lost/Inactive,-5.679073001230779,1
13906,409,1,42.0,0,1,Lost/Inactive,,1
13907,692,1,136.8,0,1,Lost/Inactive,-5.9822095193809535,1
13908,80,4,2369.55,4,2,At-Risk,2256.3633262719936,1
13909,423,2,286.6,0,1,Lost/Inactive,122.2686467098448,1
13911,57,20,4234.99,4,0,Champions,1989.5281657638347,0
13912,424,1,124.95,0,1,Lost/Inactive,,1
13913,507,1,42.22,0,1,Lost/Inactive,,1
13914,12,2,626.45,1,3,New/Occasional,1817.1901865644477,0
13915,394,1,70.80000000000001,2,1,Lost/Inactive,,1
13916,464,4,1275.81,1,2,At-Risk,320.95922913018444,1
13917,50,2,272.04,0,3,New/Occasional,487.773181186853,0
13918,50,2,1212.84,0,3,New/Occasional,1921.4067537105984,0
13919,59,4,1360.68,5,2,At-Risk,519.6542703605186,0
13920,432,4,1774.68,2,2,At-Risk,374.817504776069,1
13921,402,4,730.7,1,2,At-Risk,278.3579729668302,1
13922,352,3,865.2,3,2,At-Risk,266.2415052509347,1
13923,54,1,351.13,0,3,New/Occasional,,0
13924,2,6,1838.85,20,3,New/Occasional,3241.622464813659,0
13925,93,4,678.25,4,2,At-Risk,627.0183310506046,1
13926,23,1,223.85,0,3,New/Occasional,,0
13927,75,2,708.26,3,3,New/Occasional,424.70215095352216,0
13928,11,4,464.57,0,3,New/Occasional,767.6736400801203,0
13929,169,11,3494.1,3,2,At-Risk,1534.8583994306912,1
13930,58,2,337.34,0,3,New/Occasional,376.8973379525197,0
13931,96,11,5257.38,1,0,Champions,1862.803323326547,1
13932,295,1,307.4,0,1,Lost/Inactive,,1
13933,109,2,608.79,0,1,Lost/Inactive,762.8573339342439,1
13934,264,1,922.1,0,1,Lost/Inactive,,1
13935,597,3,6116.92,0,2,At-Risk,578.4389325466269,1
13936,180,3,939.66,1,2,At-Risk,490.5782156278822,1
13937,169,2,880.13,1,2,At-Risk,198.8913048355891,1
13938,35,1,71.66,0,1,Lost/Inactive,,0
13939,23,7,1560.96,3,3,New/Occasional,781.7952620890985,0
13940,17,4,839.14,0,3,New/Occasional,1244.3184314172915,0
13941,22,15,11122.3,3,0,Champions,4659.954898620665,0
13942,535,1,320.0,0,1,Lost/Inactive,,1
13943,578,1,246.54,0,1,Lost/Inactive,-7.025632002897385,1
13944,653,1,200.43,0,1,Lost/Inactive,-6.293668934684785,1
13945,395,2,854.1500000000001,0,1,Lost/Inactive,251.55301595318136,1
13946,79,6,1876.23,1,2,At-Risk,770.6133455418468,1
13947,65,1,90.6,0,1,Lost/Inactive,,0
13948,361,4,548.76,1,2,At-Risk,184.86561419565552,1
13949,3,6,2427.32,0,0,Champions,4550.375665203293,0
13950,11,4,745.0600000000001,1,3,New/Occasional,769.6078746187663,0
13951,176,3,674.45,0,2,At-Risk,530.7948719649816,1
13952,218,14,12823.521,4,0,Champions,4635.442863748646,1
13953,7,12,6640.68,0,0,Champions,2782.325125411676,0
13954,2,2,439.92,5,3,New/Occasional,969.1792070117802,0
13955,154,3,545.17,0,2,At-Risk,328.51910384693645,1
13956,5,5,1026.42,0,3,New/Occasional,1080.2684833959293,0
13957,418,3,458.25,0,1,Lost/Inactive,187.13384424408875,1
13958,380,8,4709.2300000000005,23,2,At-Risk,1574.9777526593514,1
13959,79,6,1076.18,0,2,At-Risk,688.3702166938925,1
13960,21,2,230.22,0,3,New/Occasional,460.35310586404,0
13961,392,1,538.4,2,1,Lost/Inactive,,1
13962,22,3,362.8,0,3,New/Occasional,162.39983759076335,0
13963,308,17,3011.87,4,2,At-Risk,12.988511515714007,1
13964,387,2,438.9,1,1,Lost/Inactive,92.37544663435766,1
13965,477,3,996.61,4,2,At-Risk,188.23720502207783,1
13966,435,1,390.86,0,1,Lost/Inactive,,1
13967,146,2,166.3,0,1,Lost/Inactive,106.26518940940804,1
13968,423,1,123.66,0,1,Lost/Inactive,,1
13969,7,35,13365.87,9,0,Champions,6477.737428214897,0
13970,386,2,846.55,0,1,Lost/Inactive,391.9328652541478,1
13971,19,14,4667.57,10,0,Champions,2092.444467374998,0
13972,71,2,190.25,0,1,Lost/Inactive,105.48989251395838,0
13973,287,1,264.7,0,1,Lost/Inactive,,1
13974,49,2,677.72,2,3,New/Occasional,395.57026981069646,0
13975,31,12,5358.84,3,0,Champions,2342.653895510029,0
13976,207,4,1192.36,0,2,At-Risk,512.3346351367387,1
13977,411,1,519.8100000000001,0,1,Lost/Inactive,,1
13978,15,2,196.79,0,3,New/Occasional,223.5161205248141,0
13979,73,7,3416.23,6,2,At-Risk,1548.655815632904,0
13980,60,5,799.92,4,2,At-Risk,324.8942719997437,0
13981,416,1,331.14,1,1,Lost/Inactive,,1
13982,39,9,4445.59,12,0,Champions,1760.7033329954488,0
13983,30,21,7108.45,18,0,Champions,3045.012193165847,0
13984,27,12,2048.6,1,0,Champions,811.8856960169754,0
13985,4,22,10020.86,3,0,Champions,4647.481321799916,0
13986,17,1,320.46,0,3,New/Occasional,,0
13987,380,2,682.54,0,1,Lost/Inactive,190.3066349761928,1
13988,20,8,4757.8,5,0,Champions,2400.565523662528,0
13989,66,5,2026.06,0,2,At-Risk,1057.1500996876025,0
13990,213,1,311.3,0,1,Lost/Inactive,,1
13991,12,6,855.97,2,3,New/Occasional,1393.4487825854658,0
13992,30,3,219.5,0,3,New/Occasional,130.64729017330416,0
13993,43,19,6775.71,6,0,Champions,2713.0631598189434,0
13994,4,6,2313.14,0,0,Champions,3650.953512384917,0
13995,15,14,3902.01,8,0,Champions,1699.8387786892104,0
13996,386,2,895.76,0,1,Lost/Inactive,228.28261366823563,1
13997,519,3,382.31,0,1,Lost/Inactive,96.02359601651143,1
13998,447,3,566.7,0,1,Lost/Inactive,136.07941478642047,1
13999,10,29,9502.26,9,0,Champions,3947.559889448661,0
14000,211,5,2046.34,3,2,At-Risk,895.3099311899346,1
14001,46,9,4530.09,1,0,Champions,2672.7462918377014,0
14002,134,2,529.73,0,1,Lost/Inactive,667.871950823861,1
14003,733,1,209.41,0,1,Lost/Inactive,-5.679073001230779,1
14004,43,11,6258.45,0,0,Champions,3951.0621723981394,0
14005,10,5,2874.72,0,3,New/Occasional,3819.8912297373854,0
14006,116,7,2196.67,0,2,At-Risk,970.9958457571032,1
14007,513,1,79.48,0,1,Lost/Inactive,,1
14008,432,1,509.04,1,1,Lost/Inactive,,1
14009,198,3,1099.91,2,2,At-Risk,582.8221911712507,1
14010,565,2,445.15,4,1,Lost/Inactive,-7.157124004667104,1
14011,480,2,457.82,1,1,Lost/Inactive,103.5080179898089,1
14012,278,1,328.8,0,1,Lost/Inactive,,1
14013,110,5,1084.57,4,2,At-Risk,525.1945380923412,1
14014,77,3,1948.21,0,2,At-Risk,1218.160366256354,1
14015,53,1,917.34,0,3,New/Occasional,,0
14016,162,11,11403.41,2,0,Champions,4571.332159407652,1
14017,571,1,229.75,0,1,Lost/Inactive,-7.090766100189274,1
14018,645,1,367.15,0,1,Lost/Inactive,-6.363431911211171,1
14019,47,3,1421.61,2,3,New/Occasional,2319.314711624283,0
14020,17,4,1249.01,4,3,New/Occasional,675.6811809516124,0
14021,155,7,1716.58,0,2,At-Risk,785.6667797444567,1
14022,225,2,792.15,0,1,Lost/Inactive,452.63628154065935,1
14023,7,2,584.07,0,3,New/Occasional,611.399942351079,0
14024,122,3,645.74,0,2,At-Risk,330.1889637713148,1
14025,465,8,4057.9,2,2,At-Risk,18.41495034659432,1
14026,471,2,713.11,0,1,Lost/Inactive,210.48289661808803,1
14027,61,1,104.82,0,1,Lost/Inactive,,0
14028,550,3,10396.5,4,2,At-Risk,,1
14029,63,2,467.66,0,3,New/Occasional,843.1261794004095,0
14030,18,20,8262.29,4,0,Champions,3336.8512235925846,0
14031,7,44,40999.17,24,0,Champions,16443.602628332552,0
14032,2,16,4850.27,11,0,Champions,2029.648419249401,0
14033,555,1,109.44,0,1,Lost/Inactive,,1
14034,22,3,651.8199999999999,3,3,New/Occasional,492.62763152376414,0
14035,29,9,2856.72,3,0,Champions,1434.176039476403,0
14036,285,1,626.65,0,1,Lost/Inactive,,1
14037,176,6,836.95,1,2,At-Risk,294.0821019888358,1
14038,78,5,3069.88,7,2,At-Risk,1278.8632157244142,1
14039,33,2,267.28000000000003,0,3,New/Occasional,149.88274549001753,0
14040,41,35,12645.57,14,0,Champions,5112.826076396279,0
14041,266,1,141.41,0,1,Lost/Inactive,,1
14042,725,1,431.98,0,1,Lost/Inactive,-5.728627915032002,1
14043,491,2,304.25,1,1,Lost/Inactive,87.44851247417134,1
14044,27,10,3123.1,1,0,Champions,1413.385798746425,0
14045,109,16,11313.03,4,0,Champions,4941.112057725041,1
14046,284,1,154.99,0,1,Lost/Inactive,,1
14047,9,14,4255.03,7,0,Champions,1806.8352588855464,0
14048,305,3,748.69,3,2,At-Risk,402.6480188108292,1
14049,17,13,13239.03,26,0,Champions,6601.93454731418,0
14050,32,2,746.36,0,3,New/Occasional,912.4721292758906,0
14051,1,37,22434.0,10,0,Champions,9220.84318636657,0
14052,20,2,480.81,0,3,New/Occasional,308.93576775694135,0
14053,124,4,572.3,0,2,At-Risk,303.3771636648453,1
14054,65,1,92.46,0,1,Lost/Inactive,,0
14055,106,3,1520.96,0,2,At-Risk,739.5749273091021,1
14056,1,23,8214.65,22,0,Champions,7535.453767596006,0
14057,24,22,8408.84,7,0,Champions,3616.2638027000808,0
14058,463,2,469.19,0,1,Lost/Inactive,87.32151920390166,1
14059,267,1,183.6,0,1,Lost/Inactive,,1
14060,5,30,9519.08,2,0,Champions,4587.64429035088,0
14061,507,3,917.43,0,2,At-Risk,233.4338566360093,1
14062,10,24,25604.2,5,0,Champions,10829.667128676005,0
14063,438,9,22710.2,4,2,At-Risk,2205.722607501453,1
14064,29,15,3332.42,8,0,Champions,1378.4122061768255,0
14065,389,3,891.02,1,2,At-Risk,202.77195926984768,1
14066,267,1,152.55,0,1,Lost/Inactive,,1
14067,64,2,374.7,0,3,New/Occasional,529.4784251019885,0
14068,320,4,1528.37,1,2,At-Risk,532.7639879215598,1
14069,515,2,230.06,0,1,Lost/Inactive,51.16590475038955,1
14070,685,1,326.55,0,1,Lost/Inactive,-6.037238807555553,1
14071,4,8,1438.82,9,0,Champions,1392.8590335082313,0
14072,667,1,390.85,0,1,Lost/Inactive,-6.183519630186307,1
14073,32,1,151.04,1,3,New/Occasional,,0
14074,623,1,219.4,0,1,Lost/Inactive,-6.56353458910395,1
14075,5,6,1734.87,0,3,New/Occasional,1105.5217836363602,0
14076,129,1,122.47,0,1,Lost/Inactive,,1
14077,41,6,615.08,0,3,New/Occasional,420.189093207473,0
14078,102,9,1692.63,0,2,At-Risk,701.469813479967,1
14079,125,2,618.73,0,1,Lost/Inactive,306.8529367678632,1
14080,33,5,1115.68,1,3,New/Occasional,442.3029445736514,0
14081,302,10,5370.1,9,2,At-Risk,1691.0940781734423,1
14082,365,2,413.36,0,1,Lost/Inactive,127.46655074679109,1
14083,4,11,1407.26,0,0,Champions,624.5535296139857,0
14084,512,1,150.5,0,1,Lost/Inactive,,1
14085,2,33,10104.97,1,0,Champions,4193.237460788006,0
14086,463,1,39.95,0,1,Lost/Inactive,,1
14087,3,3,846.22,2,3,New/Occasional,361.9950211392253,0
14088,10,16,64036.8,4,0,Champions,37391.837396374576,0
14089,57,1,161.0,0,1,Lost/Inactive,,0
14090,325,1,76.32000000000001,0,1,Lost/Inactive,,1
14091,654,2,9530.08,0,2,At-Risk,1171.5964190378636,1
14092,8,24,7229.45,4,0,Champions,3131.333834488609,0
14093,12,1,442.85,0,3,New/Occasional,,0
14094,440,1,335.22,1,1,Lost/Inactive,,1
14095,723,1,2.95,0,1,Lost/Inactive,-5.750132244762025,1
14096,4,17,65164.79,17,0,Champions,135978.2897981461,0
14097,481,2,422.86,0,1,Lost/Inactive,183.71247027697848,1
14098,37,1,147.35,0,3,New/Occasional,,0
14099,16,20,5765.71,5,0,Champions,2362.570861853349,0
14100,138,1,194.9,0,1,Lost/Inactive,,1
14101,74,13,9961.93,1,0,Champions,4781.746111288786,0
14102,5,5,1360.28,5,3,New/Occasional,3397.5705961576728,0
14104,155,5,771.58,0,2,At-Risk,382.5812606461877,1
14105,239,5,5988.83,14,2,At-Risk,2587.4483494554456,1
14106,737,1,214.8,0,1,Lost/Inactive,-5.644199783353973,1
14107,52,11,4877.3,3,0,Champions,2135.513056525532,0
14108,31,4,1044.96,1,3,New/Occasional,420.5233253394881,0
14109,73,1,144.2,5,1,Lost/Inactive,,0
14110,4,33,12987.95,3,0,Champions,5440.377787378342,0
14111,14,4,692.85,1,3,New/Occasional,826.5388806883111,0
14112,23,13,5834.59,32,0,Champions,2430.4179051129195,0
14113,4,16,7092.610000000001,23,0,Champions,2898.160258179254,0
14114,274,7,1364.09,0,2,At-Risk,470.3944541218537,1
14115,502,2,622.67,0,1,Lost/Inactive,303.8857909822067,1
14116,20,5,1382.74,0,3,New/Occasional,2253.198979532629,0
14117,144,1,90.0,0,1,Lost/Inactive,,1
14118,429,1,458.45,0,1,Lost/Inactive,,1
14119,376,2,183.37,1,1,Lost/Inactive,83.83780347655338,1
14121,4,4,2780.15,2,3,New/Occasional,8558.311972055953,0
14122,406,3,362.42,3,1,Lost/Inactive,140.65498804588074,1
14123,733,1,436.18,0,1,Lost/Inactive,-5.672063827180422,1
14124,84,1,419.58,0,1,Lost/Inactive,,1
14125,11,3,2740.43,0,3,New/Occasional,4661.796148775311,0
14126,8,4,1172.46,1,3,New/Occasional,655.3299239815967,0
14127,123,6,1900.08,0,2,At-Risk,1077.4020261500764,1
14128,61,3,924.21,1,3,New/Occasional,486.2444789179008,0
14129,2,9,2591.34,0,0,Champions,1264.0108330406367,0
14130,319,4,1882.67,0,2,At-Risk,745.405406397208,1
14131,649,1,187.87,0,1,Lost/Inactive,-6.337089703384038,1
14132,2,11,3586.03,1,0,Champions,4738.994011753324,0
14133,130,4,911.14,2,2,At-Risk,354.6497180766393,1
14134,383,15,11123.35,0,2,At-Risk,733.660011110948,1
14135,2,24,9643.92,1,0,Champions,3857.268913468746,0
14136,401,5,1570.81,2,2,At-Risk,485.5344247223963,1
14137,696,1,332.7,3,1,Lost/Inactive,-5.9512136468470045,1
14138,2,2,982.38,0,3,New/Occasional,1643.2734370648905,0
14139,46,4,1086.8,0,3,New/Occasional,518.4197788570086,0
14140,4,2,935.05,1,3,New/Occasional,2487.6107661119363,0
14141,3,4,915.13,6,3,New/Occasional,1557.9665154964664,0
14142,373,2,983.15,4,2,At-Risk,465.5453107082605,1
14143,134,1,115.8,0,1,Lost/Inactive,,1
14144,486,1,30.6,0,1,Lost/Inactive,,1
14145,47,7,7600.05,1,0,Champions,3475.64516120039,0
14146,9,12,9450.3,35,0,Champions,4215.100951577698,0
14147,78,9,2590.2,3,2,At-Risk,1249.2562059177526,1
14148,234,2,466.29,0,1,Lost/Inactive,180.89542241289288,1
14149,221,1,446.62,12,1,Lost/Inactive,,1
14150,36,2,658.64,0,3,New/Occasional,512.0685391327762,0
14151,673,2,679.45,1,1,Lost/Inactive,91.04802427555762,1
14152,75,7,1997.34,2,2,At-Risk,903.6090850951346,0
14153,483,1,233.4,0,1,Lost/Inactive,,1
14154,239,8,6460.7,2,2,At-Risk,2818.2451599583824,1
14155,266,1,118.75,0,1,Lost/Inactive,,1
14156,10,156,313946.37,82,0,Champions,131388.45637579422,0
14157,20,5,1002.78,1,3,New/Occasional,481.5443378876535,0
14158,40,1,507.66,0,3,New/Occasional,,0
14159,20,20,7938.01,11,0,Champions,3292.823812604874,0
14160,610,7,8421.47,0,2,At-Risk,5.832818377851993,1
14161,216,7,3318.88,0,2,At-Risk,1274.0999360433966,1
14162,174,2,289.36,0,1,Lost/Inactive,173.4183500458719,1
14163,87,5,2594.62,0,2,At-Risk,1831.8428689270784,1
14164,71,2,1631.77,0,2,At-Risk,1315.333928519472,0
14165,276,1,122.54,0,1,Lost/Inactive,,1
14166,505,2,256.85,0,1,Lost/Inactive,85.02415401761638,1
14167,39,8,1296.49,0,2,At-Risk,571.9549003998766,0
14168,421,2,370.45,2,1,Lost/Inactive,50.84964104229972,1
14169,431,2,624.4300000000001,0,1,Lost/Inactive,70.18840935831147,1
14170,375,3,597.33,0,1,Lost/Inactive,122.04191654088642,1
14171,98,2,498.79,0,1,Lost/Inactive,282.0067887858412,1
14172,605,3,402.72,1,1,Lost/Inactive,30.11838289335722,1
14173,11,6,586.0,1,3,New/Occasional,286.09625166334706,0
14174,33,1,134.46,0,3,New/Occasional,,0
14175,60,8,7678.88,38,0,Champions,3653.943443922244,0
14176,297,5,916.01,1,2,At-Risk,350.525427598249,1
14177,86,13,2229.34,1,2,At-Risk,893.1798201215825,1
14178,9,7,1620.93,0,3,New/Occasional,2165.643747276362,0
14179,41,2,719.78,0,3,New/Occasional,825.0619219490001,0
14180,11,33,6319.25,11,0,Champions,3508.2622192815847,0
14181,411,2,310.55,0,1,Lost/Inactive,71.87053259416004,1
14182,444,4,678.77,2,2,At-Risk,165.98193315929558,1
14183,411,2,286.29,0,1,Lost/Inactive,101.9330564605978,1
14184,67,1,452.89,0,3,New/Occasional,,0
14185,331,1,197.65,0,1,Lost/Inactive,,1
14186,427,5,1550.63,0,2,At-Risk,392.0859795333853,1
14187,474,1,123.5,0,1,Lost/Inactive,,1
14188,31,6,2054.36,6,2,At-Risk,1698.6093374787586,0
14189,2,16,5814.39,12,0,Champions,3868.23592779547,0
14190,666,1,79.9,0,1,Lost/Inactive,-6.183519630186307,1
14191,2,15,4817.66,6,0,Champions,2145.7837221840578,0
14192,388,1,293.74,0,1,Lost/Inactive,,1
14193,68,3,1210.19,0,2,At-Risk,860.9820586192747,0
14194,5,36,18670.59,34,0,Champions,8116.385947276829,0
14195,202,6,2615.6,6,2,At-Risk,992.0559897623144,1
14196,107,1,335.52,0,1,Lost/Inactive,,1
14197,411,1,390.05,0,1,Lost/Inactive,,1
14198,18,9,1569.73,6,0,Champions,688.6064937050025,0
14199,218,4,1091.7,2,2,At-Risk,579.0714494470958,1
14200,617,1,379.2,0,1,Lost/Inactive,-6.620318923169691,1
14201,60,10,1193.54,2,2,At-Risk,561.4481445287121,0
14202,381,3,847.76,0,2,At-Risk,344.0248848786195,1
14203,397,1,339.34,0,1,Lost/Inactive,,1
14204,2,4,1062.96,0,3,New/Occasional,368.57025066855374,0
14205,17,9,2414.2,31,0,Champions,1150.726877581472,0
14206,239,3,1185.01,2,2,At-Risk,558.3036792879266,1
14207,688,1,157.8,0,1,Lost/Inactive,-6.013530963084262,1
14208,95,2,567.05,0,3,New/Occasional,152.75240959493686,1
14209,11,15,4993.27,6,0,Champions,2232.657022119248,0
14210,106,16,5861.52,7,0,Champions,2354.3718504008925,1
14211,53,18,4402.29,13,0,Champions,1860.5164959597248,0
14212,90,2,2190.14,0,2,At-Risk,1267.1004897123164,1
14213,405,1,1192.2,10,1,Lost/Inactive,,1
14214,31,5,1004.38,3,3,New/Occasional,428.16286925677696,0
14215,12,9,3416.33,1,0,Champions,1384.4885491129726,0
14216,3,5,2150.04,2,3,New/Occasional,1540.2898847218466,0
14217,2,23,3416.89,11,0,Champions,1761.769015007214,0
14218,43,1,169.48000000000002,0,3,New/Occasional,,0
14219,4,3,633.83,0,3,New/Occasional,203.98933531693828,0
14220,247,4,1515.0,0,2,At-Risk,743.1087313037821,1
14221,42,17,6517.49,2,0,Champions,3171.197258809382,0
14222,177,1,683.17,0,1,Lost/Inactive,,1
14223,92,3,991.13,1,2,At-Risk,943.8489786267304,1
14224,110,9,1897.9,0,2,At-Risk,902.5478764084944,1
14225,435,4,2037.02,4,2,At-Risk,567.2703844565923,1
14226,29,6,3002.53,7,0,Champions,1704.1360484933048,0
14227,26,15,6368.71,11,0,Champions,2939.8133551118767,0
14228,438,3,745.5,0,2,At-Risk,287.8207352579077,1
14229,52,7,2594.04,6,2,At-Risk,1583.4251103635163,0
14230,436,3,979.8,0,2,At-Risk,343.687674764745,1
14231,184,4,1235.62,4,2,At-Risk,713.6328204413073,1
14232,43,5,2048.07,3,2,At-Risk,1628.6335428509142,0
14233,49,7,2904.27,4,2,At-Risk,1321.053201065317,0
14234,22,4,775.46,0,3,New/Occasional,1370.6564144787635,0
14235,75,9,4717.99,1,0,Champions,2386.263225612506,0
14236,81,5,1744.64,2,2,At-Risk,1004.6402196582276,1
14237,373,2,632.14,1,1,Lost/Inactive,252.5494776575255,1
14238,326,3,434.23,0,1,Lost/Inactive,151.7587789964232,1
14239,43,21,4263.17,5,0,Champions,1792.1137140146889,0
14240,30,3,1247.49,0,3,New/Occasional,856.982226195663,0
14241,184,2,333.7,0,1,Lost/Inactive,170.1909800097676,1
14242,235,2,280.55,0,1,Lost/Inactive,182.6275220234523,1
14243,9,17,7431.05,11,0,Champions,3158.691536994074,0
14244,661,1,366.42,4,1,Lost/Inactive,-6.233873203765293,1
14245,220,2,1693.45,4,2,At-Risk,934.9387313714568,1
14246,111,3,1474.06,0,2,At-Risk,1458.3383428517693,1
14247,278,5,772.66,1,2,At-Risk,321.2325413204452,1
14248,318,3,1032.95,0,2,At-Risk,486.9111710556063,1
14249,411,12,5625.461,0,2,At-Risk,608.9483616697789,1
14250,7,3,1904.05,0,3,New/Occasional,2660.212085063761,0
14251,2,5,2879.7000000000003,0,0,Champions,5248.769717584292,0
14252,381,1,350.99,0,1,Lost/Inactive,,1
14253,493,2,363.4,0,1,Lost/Inactive,96.2013164694872,1
14254,433,1,601.03,0,1,Lost/Inactive,,1
14255,546,1,1000.63,3,1,Lost/Inactive,,1
14256,260,5,2473.99,5,2,At-Risk,801.6587675564256,1
14257,64,9,5954.45,1,0,Champions,2442.74203274068,0
14258,9,25,32051.34,11,0,Champions,13382.40300588622,0
14259,142,1,120.0,0,1,Lost/Inactive,,1
14260,471,3,824.28,0,2,At-Risk,166.48092507264113,1
14261,51,2,1163.45,0,3,New/Occasional,878.6916620357289,0
14262,8,8,2618.23,0,0,Champions,2885.88397197109,0
14263,423,1,322.93,0,1,Lost/Inactive,,1
14264,155,6,1517.36,5,2,At-Risk,576.6589363361545,1
14265,109,4,1373.35,0,2,At-Risk,694.2074458123802,1
14266,428,1,40.56,0,1,Lost/Inactive,,1
14267,163,3,1516.24,13,2,At-Risk,1116.8868598272147,1
14268,471,1,354.85,0,1,Lost/Inactive,,1
14269,439,1,295.73,4,1,Lost/Inactive,,1
14270,332,1,492.65,0,1,Lost/Inactive,,1
14271,226,2,219.13,0,1,Lost/Inactive,132.7249765282909,1
14272,74,4,920.81,0,2,At-Risk,487.2189146346211,0
14273,51,4,559.97,0,3,New/Occasional,608.4177380493081,0
14274,686,1,256.6,0,1,Lost/Inactive,-6.021412797897235,1
14275,396,6,1189.38,0,2,At-Risk,336.46022115709945,1
14276,99,7,2102.68,23,2,At-Risk,950.8082221836746,1
14277,15,9,17225.81,86,0,Champions,8007.3575245076545,0
14278,410,1,205.83,0,1,Lost/Inactive,,1
14279,521,2,191.86,0,1,Lost/Inactive,48.70788880096407,1
14280,197,1,134.04,0,1,Lost/Inactive,,1
14281,408,1,245.15,0,1,Lost/Inactive,,1
14282,3,25,7849.66,1,0,Champions,3311.278253663369,0
14283,463,4,628.44,0,2,At-Risk,83.45475691363428,1
14284,31,3,1299.65,2,3,New/Occasional,392.33763619886815,0
14285,21,8,3284.42,1,0,Champions,1467.9429096085469,0
14286,24,7,8479.76,11,0,Champions,3331.6020286800285,0
14287,8,3,176.63,2,3,New/Occasional,224.99670538220064,0
14288,213,1,426.6,1,1,Lost/Inactive,,1
14289,9,6,911.26,0,3,New/Occasional,645.1353397461104,0
14290,11,8,4516.56,21,0,Champions,1709.2586975876402,0
14291,2,23,7904.1,3,0,Champions,3353.9483938680096,0
14292,8,16,9226.25,14,0,Champions,4430.342108984486,0
14293,3,9,3267.9300000000003,1,0,Champions,1190.402325022473,0
14294,407,1,375.34,0,1,Lost/Inactive,,1
14295,40,5,2362.91,4,2,At-Risk,1186.3171221253867,0
14296,421,2,456.4,1,1,Lost/Inactive,208.2049511103598,1
14297,18,4,1305.33,2,3,New/Occasional,1334.3771914459949,0
14298,8,82,91194.49,4,0,Champions,38297.983150283166,0
14299,8,27,14499.49,31,0,Champions,5373.755625470178,0
14300,19,1,43.2,0,3,New/Occasional,,0
14301,117,4,1992.18,7,2,At-Risk,966.1641771926014,1
14302,431,3,742.9000000000001,0,2,At-Risk,312.4832776255583,1
14303,407,2,277.94,0,1,Lost/Inactive,68.35528951529474,1
14304,223,3,1725.01,11,2,At-Risk,739.4996476644476,1
14305,71,3,1858.96,5,2,At-Risk,1787.2644470217565,0
14306,51,6,3151.4,2,2,At-Risk,1485.5676228929028,0
14307,89,10,5071.03,1,0,Champions,2209.413487443132,1
14308,549,2,1147.02,3,2,At-Risk,,1
14309,8,11,3780.81,6,0,Champions,1830.557103299393,0
14310,433,1,492.1,0,1,Lost/Inactive,,1
14311,243,2,516.45,7,1,Lost/Inactive,282.68995197628254,1
14312,47,11,3090.29,0,0,Champions,1453.6824572747078,0
14314,107,2,229.8,1,1,Lost/Inactive,149.03938758926694,1
14315,45,8,3197.82,4,0,Champions,1505.5811183606047,0
14316,422,5,1370.34,1,2,At-Risk,394.53780477759136,1
14317,65,1,508.58,0,3,New/Occasional,,0
14318,460,1,158.02,0,1,Lost/Inactive,,1
14319,424,1,494.85,1,1,Lost/Inactive,,1
14320,207,5,1346.75,12,2,At-Risk,580.4513283521713,1
14321,11,7,2218.06,2,0,Champions,1295.9923241345368,0
14322,429,4,474.1,4,2,At-Risk,144.39369235906193,1
14323,115,2,605.0600000000001,5,1,Lost/Inactive,575.6516129221943,1
14324,410,2,701.61,0,1,Lost/Inactive,236.5668247283668,1
14325,570,1,245.48,0,1,Lost/Inactive,-7.112747725398808,1
14326,242,3,940.98,1,2,At-Risk,463.4565680091773,1
14327,163,6,1894.93,0,2,At-Risk,774.4500557619473,1
14328,438,1,445.05,2,1,Lost/Inactive,,1
14329,17,15,9927.22,19,0,Champions,4330.64557480737,0
14330,624,1,200.63,0,1,Lost/Inactive,-6.56353458910395,1
14331,124,2,462.66,0,1,Lost/Inactive,193.82771926234935,1
14332,23,5,1943.51,0,3,New/Occasional,1150.149224436564,0
14333,68,1,415.2,4,1,Lost/Inactive,,0
14334,17,12,4318.4800000000005,2,0,Champions,2175.859566566935,0
14335,16,2,468.26,0,3,New/Occasional,419.3167758712282,0
14336,17,4,1614.91,0,3,New/Occasional,1336.5572354981755,0
14338,161,3,928.1,3,2,At-Risk,447.6158092946193,1
14339,243,2,620.27,4,1,Lost/Inactive,341.3583231002149,1
14340,219,1,134.7,0,1,Lost/Inactive,,1
14341,45,18,4467.32,2,0,Champions,1866.4249063234608,0
14342,21,6,918.44,4,3,New/Occasional,547.4024335445865,0
14343,421,4,1088.91,0,2,At-Risk,355.03569143272426,1
14344,127,20,3333.7000000000003,0,0,Champions,1321.6873996421346,1
14345,39,1,108.98,0,1,Lost/Inactive,,0
14346,121,5,2315.75,0,2,At-Risk,1211.709682346815,1
14347,737,1,82.60000000000001,0,1,Lost/Inactive,-5.651140024486398,1
14348,260,1,409.57,0,1,Lost/Inactive,,1
14349,10,1,133.5,0,3,New/Occasional,,0
14350,274,3,972.03,3,2,At-Risk,462.1575280741181,1
14351,165,1,51.0,0,1,Lost/Inactive,,1
14352,157,4,1078.96,0,2,At-Risk,1049.7135821732948,1
14353,215,3,376.5,0,1,Lost/Inactive,168.03382460923862,1
14354,6,2,163.62,0,3,New/Occasional,501.0343581891566,0
14355,366,3,1014.45,0,2,At-Risk,413.90569780157193,1
14356,80,2,701.23,5,3,New/Occasional,1244.8106016897532,1
14357,43,1,225.77,0,3,New/Occasional,,0
14358,389,2,400.06,1,1,Lost/Inactive,101.50534798732032,1
14359,19,3,912.18,3,3,New/Occasional,1302.1976002976733,0
14360,32,4,2128.23,0,3,New/Occasional,2842.9341906326413,0
14361,579,1,214.71,0,1,Lost/Inactive,-7.014892920853181,1
14362,22,1,161.2,0,3,New/Occasional,,0
14363,402,2,227.47000000000003,0,1,Lost/Inactive,100.19695857108132,1
14364,109,8,3717.35,0,2,At-Risk,3319.235736192496,1
14365,395,2,634.68,0,1,Lost/Inactive,221.5447436863036,1
14366,525,1,136.0,0,1,Lost/Inactive,,1
14367,8,16,9261.52,9,0,Champions,8608.332457051205,0
14368,320,1,155.0,0,1,Lost/Inactive,,1
14369,642,2,469.13,0,1,Lost/Inactive,71.98387278870331,1
14370,451,6,1175.78,5,2,At-Risk,249.0426061489493,1
14371,295,1,100.5,0,1,Lost/Inactive,,1
14372,443,2,860.08,1,1,Lost/Inactive,185.35533768638132,1
14373,358,1,76.55,0,1,Lost/Inactive,,1
14374,541,1,108.0,0,1,Lost/Inactive,,1
14375,185,3,1132.99,0,2,At-Risk,588.2494366056396,1
14376,683,1,215.46,0,1,Lost/Inactive,-6.045183147380313,1
14377,191,2,617.05,0,1,Lost/Inactive,463.229177690754,1
14378,622,1,131.25,0,1,Lost/Inactive,-6.582353775911303,1
14379,44,4,1268.91,0,3,New/Occasional,735.5035936538704,0
14380,682,1,48.96,1,1,Lost/Inactive,-6.053148487918491,1
14381,52,2,631.34,0,3,New/Occasional,243.74103998394787,0
14382,26,2,1246.8,1,3,New/Occasional,847.6461536805341,0
14383,38,3,1247.69,0,3,New/Occasional,2025.8919950423965,0
14384,501,1,58.5,0,1,Lost/Inactive,,1
14385,9,3,202.11,0,3,New/Occasional,780.4702556593058,0
14386,297,1,142.4,0,1,Lost/Inactive,,1
14387,33,3,1770.56,0,3,New/Occasional,3484.688029959087,0
14388,10,16,6701.0,14,0,Champions,2987.716979714457,0
14389,65,5,1898.01,31,2,At-Risk,1017.563448076676,0
14390,10,13,6399.83,8,0,Champions,4204.801543222156,0
14391,577,1,135.6,0,1,Lost/Inactive,-7.036404142334424,1
14392,432,1,266.4,0,1,Lost/Inactive,,1
14393,218,1,67.95,0,1,Lost/Inactive,,1
14394,565,1,93.8,0,1,Lost/Inactive,-7.1683050696231305,1
14395,2,20,8208.01,5,0,Champions,4002.3572378544977,0
14396,65,7,2121.93,0,2,At-Risk,775.4177909238192,0
14397,3,19,2612.96,8,0,Champions,3059.0501822244632,0
14398,401,2,707.79,0,1,Lost/Inactive,197.64249538287464,1
14399,394,8,2113.16,3,2,At-Risk,240.1289327554627,1
14400,149,3,1732.47,4,2,At-Risk,713.8688514168495,1
14401,4,22,6795.9,4,0,Champions,2720.4729382528376,0
14402,652,1,285.6,0,1,Lost/Inactive,-6.302305263938203,1
14403,130,6,1880.51,8,2,At-Risk,921.2834540068524,1
14404,34,13,2899.11,2,0,Champions,1217.1100117172643,0
14405,387,1,195.0,0,1,Lost/Inactive,,1
14406,119,1,156.75,0,1,Lost/Inactive,,1
14407,107,6,2157.73,3,2,At-Risk,1894.3673728747065,1
14408,11,11,4109.77,0,0,Champions,1719.8209951885715,0
14409,71,9,3756.09,2,2,At-Risk,1842.825025345194,0
14410,92,11,2651.14,93,2,At-Risk,1558.3611049128567,1
14411,311,1,1063.0,0,1,Lost/Inactive,,1
14412,43,3,1426.19,2,3,New/Occasional,738.357916654116,0
14413,362,4,770.37,0,2,At-Risk,311.828942350338,1
14414,92,8,2399.33,1,2,At-Risk,1226.0297672488807,1
14415,1,23,12091.6,40,0,Champions,5101.36980021953,0
14416,22,2,490.22,0,3,New/Occasional,724.519144561829,0
14417,388,1,604.2,0,1,Lost/Inactive,,1
14418,4,3,1937.25,0,3,New/Occasional,4797.690015478343,0
14419,11,7,1260.91,0,3,New/Occasional,896.1772401993292,0
14420,99,4,1639.17,4,2,At-Risk,690.0039934144974,1
14421,57,6,2469.37,1,2,At-Risk,765.2157479344656,0
14422,1,19,10271.52,3,0,Champions,4381.871047691279,0
14423,218,3,916.61,1,2,At-Risk,403.48272556447137,1
14424,18,1,322.08,0,3,New/Occasional,,0
14425,435,3,661.39,2,2,At-Risk,217.35843892592635,1
14426,24,17,11727.94,47,0,Champions,5640.364830885455,0
14427,50,4,1263.52,0,3,New/Occasional,407.8582779195709,0
14428,7,5,1244.83,4,3,New/Occasional,1069.7093209354498,0
14429,404,1,516.28,0,1,Lost/Inactive,,1
14430,512,3,1220.9,5,2,At-Risk,318.3295261840784,1
14431,303,4,2614.2,5,2,At-Risk,1070.2827860743546,1
14432,10,6,2255.51,0,3,New/Occasional,4955.203281935012,0
14433,466,1,289.6,0,1,Lost/Inactive,,1
14434,22,6,1372.8,0,3,New/Occasional,2921.0028064078365,0
14435,502,1,90.42,0,1,Lost/Inactive,,1
14436,99,2,271.7,0,1,Lost/Inactive,90.75810187183914,1
14437,366,5,958.84,2,2,At-Risk,229.7411727465245,1
14438,306,1,131.9,0,1,Lost/Inactive,,1
14439,320,5,9443.04,0,2,At-Risk,3206.743111583356,1
14440,8,13,6638.7300000000005,2,0,Champions,2555.456976868043,0
14441,1,11,4611.6900000000005,11,0,Champions,2033.3392837546603,0
14442,205,7,5367.02,7,2,At-Risk,2219.6331631540247,1
14443,54,5,2386.4700000000003,8,2,At-Risk,1540.816193703888,0
14444,456,1,132.04,0,1,Lost/Inactive,,1
14445,456,1,221.65,0,1,Lost/Inactive,,1
14446,1,5,1241.31,0,3,New/Occasional,925.8862095779874,0
14447,19,6,1711.73,0,3,New/Occasional,1002.1117681136988,0
14448,9,2,375.35,0,3,New/Occasional,396.57583803537045,0
14449,19,8,2482.8,0,0,Champions,1679.9600679803334,0
14450,181,7,1128.44,0,2,At-Risk,496.9086135157714,1
14451,60,12,3308.77,7,0,Champions,1508.9156652123363,0
14452,11,4,665.59,0,3,New/Occasional,391.7876627787393,0
14453,190,1,119.93,0,1,Lost/Inactive,,1
14454,376,5,977.3,1,2,At-Risk,347.6145128952721,1
14455,432,4,628.21,3,2,At-Risk,59.856234484560446,1
14456,5,9,3062.4,7,0,Champions,5198.565516278736,0
14457,311,1,113.64,0,1,Lost/Inactive,,1
14458,381,1,237.42,0,1,Lost/Inactive,,1
14459,155,2,5375.741,1,2,At-Risk,1539.9128055651406,1
14460,110,9,1093.5,6,2,At-Risk,432.510410004945,1
14461,148,13,6713.5,1,0,Champions,2896.3425730735075,1
14462,66,12,2270.01,6,0,Champions,1444.3628834462493,0
14463,98,4,786.5699999999999,0,2,At-Risk,393.8148609065623,1
14464,568,2,111.0,0,1,Lost/Inactive,22.285421349260087,1
14465,247,11,3946.03,0,2,At-Risk,1420.6827987675674,1
14466,29,13,4646.9,0,0,Champions,1997.1568160357565,0
14467,18,12,2220.99,0,0,Champions,946.2317599087336,0
14468,734,1,204.24,0,1,Lost/Inactive,-5.672063827180422,1
14469,416,4,2112.21,0,2,At-Risk,714.5231150252014,1
14470,12,3,712.04,0,3,New/Occasional,440.9011961864231,0
14471,591,2,400.95,0,1,Lost/Inactive,94.68353635351734,1
14472,104,9,2228.22,0,2,At-Risk,932.7891463928506,1
14473,74,2,234.34,0,1,Lost/Inactive,261.80957131917927,0
14474,46,2,1278.08,1,3,New/Occasional,525.4031150230737,0
14475,72,4,1151.15,5,2,At-Risk,819.927724876384,0
14476,257,1,215.7,0,1,Lost/Inactive,,1
14477,20,7,1969.6,3,0,Champions,890.8025688786101,0
14478,382,4,1276.66,0,2,At-Risk,451.2188806155556,1
14479,254,4,1299.11,0,2,At-Risk,479.0951480735772,1
14480,11,4,1299.52,1,3,New/Occasional,542.0283813968822,0
14481,165,5,2311.49,1,2,At-Risk,1000.138326979828,1
14482,18,12,4357.91,2,0,Champions,2594.091175351914,0
14483,282,2,257.1,1,1,Lost/Inactive,101.48359267194698,1
14484,50,4,1070.98,0,3,New/Occasional,343.62123923930926,0
14485,39,1,165.75,0,3,New/Occasional,,0
14486,512,2,175.5,0,1,Lost/Inactive,35.88658767243942,1
14487,27,7,1453.61,2,3,New/Occasional,1149.3433614860933,0
14488,68,1,1064.28,3,3,New/Occasional,,0
14489,207,4,1574.93,0,2,At-Risk,673.8057309833409,1
14490,406,2,1273.47,0,2,At-Risk,445.1312373697936,1
14491,175,2,468.13,0,1,Lost/Inactive,279.73079518084285,1
14492,430,7,1921.91,12,2,At-Risk,128.96462777555476,1
14493,7,10,5130.15,6,0,Champions,2362.4045520888017,0
14494,26,3,401.46,0,3,New/Occasional,172.14847349553227,0
14495,51,3,174.8,1,3,New/Occasional,82.61360179241944,0
14496,312,7,2668.23,3,2,At-Risk,732.5204608163123,1
14497,309,2,697.0600000000001,2,1,Lost/Inactive,364.4511915777233,1
14498,43,10,3911.27,0,0,Champions,2123.0444557780465,0
14499,26,7,2138.9700000000003,3,0,Champions,1261.0444075619116,0
14500,88,3,356.85,0,3,New/Occasional,131.0265658777533,1
14501,184,2,251.21,2,1,Lost/Inactive,264.2973318570057,1
14502,20,11,2470.67,7,0,Champions,2238.871292539889,0
14503,3,6,3543.26,0,0,Champions,4661.815643633285,0
14504,47,4,673.26,0,3,New/Occasional,643.2526153488799,0
14505,17,19,12001.84,18,0,Champions,4925.888416766377,0
14506,17,7,3290.67,0,0,Champions,1654.373740017229,0
14507,24,11,3284.4300000000003,10,0,Champions,1428.6594108134148,0
14508,22,5,874.9399999999999,1,3,New/Occasional,398.6607978093452,0
14509,534,1,110.95,0,1,Lost/Inactive,,1
14510,376,3,1007.28,1,2,At-Risk,380.2420919577039,1
14511,11,5,1314.81,3,3,New/Occasional,2355.2408990091867,0
14512,188,7,1223.47,0,2,At-Risk,491.0606570759948,1
14513,101,6,788.01,6,2,At-Risk,313.51832570638584,1
14514,61,9,4598.9800000000005,1,0,Champions,1733.4438363812822,0
14515,18,12,3749.26,4,0,Champions,2101.634210629969,0
14516,516,1,163.92,0,1,Lost/Inactive,,1
14517,33,2,330.45,0,3,New/Occasional,236.0041927979353,0
14518,64,1,174.37,0,1,Lost/Inactive,,0
14519,684,2,206.09,0,1,Lost/Inactive,23.613089108689707,1
14520,2,2,270.6,0,3,New/Occasional,189.2231665348449,0
14521,491,1,199.45,3,1,Lost/Inactive,,1
14522,24,8,1758.62,0,0,Champions,776.259231320357,0
14523,108,1,241.09,0,1,Lost/Inactive,,1
14524,32,13,2933.71,0,0,Champions,1697.257550943998,0
14525,20,17,8240.64,7,0,Champions,3483.263908897079,0
14526,389,1,262.4,0,1,Lost/Inactive,,1
14527,3,122,27792.3,136,0,Champions,11311.470312037683,0
14528,37,1,364.22,0,3,New/Occasional,,0
14529,60,3,620.04,0,3,New/Occasional,1221.761468864647,0
14530,26,16,6197.4,4,0,Champions,2808.8973889450917,0
14531,480,1,376.34,0,1,Lost/Inactive,,1
14532,236,11,3859.18,1,2,At-Risk,1357.882002597603,1
14533,25,11,3466.37,5,0,Champions,1599.1790870358557,0
14534,3,26,6271.11,45,0,Champions,2918.305063404793,0
14535,60,9,6030.7300000000005,7,0,Champions,2814.69116526551,0
14536,260,1,171.8,0,1,Lost/Inactive,,1
14537,58,2,641.4,1,3,New/Occasional,320.1354369508428,0
14538,65,5,1370.84,0,2,At-Risk,492.1166696184388,0
14539,16,2,537.48,0,3,New/Occasional,2545.4097782286767,0
14540,10,11,3795.34,1,0,Champions,1651.9544585562778,0
14541,59,14,2499.68,0,0,Champions,1065.3549809150063,0
14542,186,1,103.25,0,1,Lost/Inactive,,1
14543,29,39,14906.77,58,0,Champions,6219.491600762113,0
14544,24,3,2982.43,0,3,New/Occasional,1777.6974013797346,0
14545,674,1,349.25,0,1,Lost/Inactive,-6.117637362831072,1
14546,5,11,5197.9,39,0,Champions,2108.5969433747296,0
14547,4,8,4007.54,1,0,Champions,10826.53195012991,0
14548,151,9,2627.49,0,2,At-Risk,928.6072098518362,1
14549,311,4,916.55,0,2,At-Risk,293.9987890337252,1
14550,11,4,1353.31,0,3,New/Occasional,824.6278272610019,0
14551,18,7,880.04,2,3,New/Occasional,395.3184029450716,0
14552,152,3,511.28,0,2,At-Risk,238.1515561770776,1
14553,19,9,1841.54,1,0,Champions,892.3361423622772,0
14554,10,4,2381.04,0,3,New/Occasional,7185.056201129325,0
14555,57,6,2315.63,2,2,At-Risk,997.2386942151472,0
14556,596,3,835.34,0,2,At-Risk,107.63361553440888,1
14557,85,1,788.38,16,3,New/Occasional,,1
14558,654,3,655.5,2,1,Lost/Inactive,54.528626617254105,1
14559,390,1,75.6,0,1,Lost/Inactive,,1
14560,7,44,6114.03,2,0,Champions,2497.523943545331,0
14561,76,3,1080.76,0,2,At-Risk,1544.0903731033757,1
14562,4,26,6729.400000000001,23,0,Champions,3113.521277939068,0
14563,510,2,679.44,0,1,Lost/Inactive,80.67749136465503,1
14564,435,2,2605.62,6,2,At-Risk,1055.4404817151608,1
14565,96,5,3859.22,2,2,At-Risk,2268.826009823456,1
14566,111,4,4092.0,0,2,At-Risk,2261.4717961760543,1
14567,57,2,1530.36,1,3,New/Occasional,2170.870983190549,0
14568,435,1,919.7,1,1,Lost/Inactive,,1
14569,1,4,598.98,0,3,New/Occasional,266.4164290286227,0
14570,281,3,613.75,0,2,At-Risk,224.50275188475243,1
14571,425,1,161.65,0,1,Lost/Inactive,,1
14572,3,11,5615.18,4,0,Champions,2781.811055844872,0
14573,180,13,2621.42,6,2,At-Risk,1045.4243761569537,1
14574,733,1,143.70000000000002,0,1,Lost/Inactive,-5.679073001230779,1
14575,488,1,460.71,0,1,Lost/Inactive,,1
14576,372,1,70.80000000000001,0,1,Lost/Inactive,,1
14577,13,7,1374.25,0,3,New/Occasional,554.8856989131231,0
14578,3,1,168.63,0,3,New/Occasional,,0
14579,432,1,105.56,0,1,Lost/Inactive,,1
14580,518,1,14.85,0,1,Lost/Inactive,,1
14581,17,2,433.8,0,3,New/Occasional,144.1721783708173,0
14582,41,1,114.11,0,1,Lost/Inactive,,0
14583,6,8,1781.03,0,0,Champions,829.8183044217876,0
14584,169,8,1747.91,1,2,At-Risk,764.5578686211219,1
14585,50,5,1143.27,0,2,At-Risk,763.8337894321044,0
14586,277,1,237.36,8,1,Lost/Inactive,,1
14587,19,9,1601.14,1,0,Champions,1276.4261741129835,0
14588,578,1,135.39,0,1,Lost/Inactive,-7.014892920853181,1
14589,372,1,79.5,0,1,Lost/Inactive,,1
14590,425,20,3006.62,14,2,At-Risk,0.3074774772853966,1
14591,15,4,1447.14,0,3,New/Occasional,2627.6620181321923,0
14592,35,3,570.46,0,3,New/Occasional,1069.7115339637376,0
14593,22,12,3712.01,8,0,Champions,1538.0599212282548,0
14594,7,2,634.83,0,3,New/Occasional,180.5767759716684,0
14595,20,8,2164.45,0,0,Champions,972.1675005239804,0
14596,627,1,229.47,0,1,Lost/Inactive,-6.535507409848763,1
14597,11,6,2201.54,0,3,New/Occasional,1677.4472383724838,0
14598,44,2,384.04,40,3,New/Occasional,218.45423837813007,0
14599,390,2,474.54,0,1,Lost/Inactive,224.11820046030476,1
14600,306,2,865.17,0,1,Lost/Inactive,388.3071134930058,1
14601,11,1,213.96,0,3,New/Occasional,,0
14602,656,1,205.36,0,1,Lost/Inactive,-6.267901844768549,1
14603,275,1,660.0,0,1,Lost/Inactive,,1
14604,633,1,143.86,0,1,Lost/Inactive,-6.471035454678373,1
14605,374,4,937.16,0,2,At-Risk,382.0870868939227,1
14606,1,192,30861.06,143,0,Champions,12890.975072848034,0
14607,16,22,24137.63,31,0,Champions,9822.551394573718,0
14608,4,11,3352.94,1,0,Champions,1436.6742274712003,0
14609,72,10,1486.2,1,2,At-Risk,707.6150262369079,0
14610,396,2,24.35,0,1,Lost/Inactive,11.020114692205102,1
14611,444,2,604.33,1,1,Lost/Inactive,214.60521155181797,1
14612,415,1,877.7,0,1,Lost/Inactive,,1
14613,680,1,76.32000000000001,0,1,Lost/Inactive,-6.069142505936981,1
14614,386,1,295.13,0,1,Lost/Inactive,,1
14615,394,5,951.76,3,2,At-Risk,164.403334482388,1
14616,243,5,527.78,0,2,At-Risk,285.320920406532,1
14617,403,2,190.47,0,1,Lost/Inactive,59.03340858911465,1
14618,9,7,1342.32,3,3,New/Occasional,697.6323355032188,0
14619,246,2,1291.24,2,2,At-Risk,370.38910136905525,1
14620,206,2,412.78,4,1,Lost/Inactive,256.5207492559674,1
14621,1,9,3000.57,21,0,Champions,1223.5262488257772,0
14622,185,1,320.58000000000004,0,1,Lost/Inactive,,1
14623,32,10,2059.58,3,0,Champions,979.6083412597934,0
14624,57,6,814.07,0,2,At-Risk,326.81546166113264,0
14625,196,11,4497.88,11,2,At-Risk,1675.718960971805,1
14626,24,11,5410.92,5,0,Champions,2263.5346865699826,0
14627,379,1,462.75,10,1,Lost/Inactive,,1
14628,91,5,1998.0,0,2,At-Risk,862.6526312926563,1
14629,4,2,959.01,1,3,New/Occasional,1921.2936120946435,0
14630,484,1,338.65,0,1,Lost/Inactive,,1
14631,51,6,2025.69,1,2,At-Risk,1192.5862105430883,0
14632,263,1,114.56,0,1,Lost/Inactive,,1
14633,266,1,344.90000000000003,0,1,Lost/Inactive,,1
14634,438,4,2124.46,9,2,At-Risk,106.3869157233976,1
14635,454,1,215.22,0,1,Lost/Inactive,,1
14636,36,2,609.85,0,3,New/Occasional,569.4569942955122,0
14637,677,1,106.68,0,1,Lost/Inactive,-6.0932931425729375,1
14638,51,1,443.6,0,3,New/Occasional,,0
14639,52,9,4978.96,3,0,Champions,2201.687632329638,0
14640,24,10,3667.06,19,0,Champions,1639.3911345957604,0
14641,22,1,110.46,0,3,New/Occasional,,0
14642,59,1,96.12,0,1,Lost/Inactive,,0
14643,170,5,1679.89,3,2,At-Risk,658.240870634354,1
14644,68,7,2247.72,10,2,At-Risk,921.8366307116636,0
14645,157,3,876.89,6,2,At-Risk,394.79787243358487,1
14646,2,151,528602.52,36,0,Champions,220595.69205089856,0
14647,201,2,519.97,0,1,Lost/Inactive,242.38304227441844,1
14648,416,15,4546.86,10,2,At-Risk,37.244469001162486,1
14649,5,9,3775.31,3,0,Champions,1609.2514982483715,0
14650,589,1,62.5,0,1,Lost/Inactive,-6.898901886930485,1
14651,67,9,2034.12,0,2,At-Risk,882.2352341380558,0
14652,77,1,114.18,0,1,Lost/Inactive,,1
14653,1,12,3614.54,0,0,Champions,1481.2136926149,0
14654,738,1,246.86,0,1,Lost/Inactive,-5.6372766162016354,1
14655,8,7,3878.51,7,0,Champions,1667.1673365236113,0
14656,169,5,814.65,0,2,At-Risk,390.5401706848128,1
14657,18,6,1460.87,1,3,New/Occasional,951.4648775204472,0
14658,5,2,247.15,0,3,New/Occasional,425.5321214385799,0
14659,9,9,2529.93,6,0,Champions,1867.7297527220733,0
14660,87,2,285.74,0,1,Lost/Inactive,500.7438909583814,1
14661,27,1,107.95,0,3,New/Occasional,,0
14662,29,7,1416.33,0,3,New/Occasional,618.9505452739353,0
14663,430,2,490.6,0,1,Lost/Inactive,,1
14664,20,2,637.89,0,3,New/Occasional,1505.014790863885,0
14665,61,7,2749.65,27,2,At-Risk,1450.1856348094516,0
14666,24,1,195.25,0,3,New/Occasional,,0
14667,11,54,21927.14,13,0,Champions,9203.950151635496,0
14668,445,1,111.63,0,1,Lost/Inactive,,1
14669,242,7,3243.93,0,2,At-Risk,1151.4639956872154,1
14670,280,3,602.0,0,2,At-Risk,300.7421971363001,1
14671,549,2,1127.45,0,2,At-Risk,59.94596929824191,1
14672,235,4,1113.14,0,2,At-Risk,520.6480143757684,1
14673,3,7,3410.81,0,0,Champions,2280.638336378426,0
14674,509,1,173.66,0,1,Lost/Inactive,,1
14675,16,2,1066.9,0,3,New/Occasional,824.9410998987206,0
14676,31,12,8356.79,7,0,Champions,3916.790040776193,0
14677,593,1,184.91,0,1,Lost/Inactive,-6.867933141170937,1
14678,579,1,403.39,1,1,Lost/Inactive,-7.004186743823171,1
14679,382,3,1289.44,5,2,At-Risk,447.7349564577783,1
14680,25,58,57412.77,166,0,Champions,24131.345163282334,0
14681,71,6,875.1500000000001,0,2,At-Risk,444.34765838295306,0
14682,188,6,1514.81,0,2,At-Risk,571.5043189370577,1
14683,588,1,146.56,0,1,Lost/Inactive,-6.9092871919777386,1
14684,26,6,1468.55,0,3,New/Occasional,1050.045728000215,0
14685,576,8,4619.79,9,2,At-Risk,250.20645522272235,1
14686,414,5,885.83,1,2,At-Risk,401.3056966267825,1
14687,107,3,1402.06,0,2,At-Risk,821.8536485557509,1
14688,8,28,7713.57,32,0,Champions,4861.631322342114,0
14689,209,1,112.8,0,1,Lost/Inactive,,1
14690,44,4,794.33,4,3,New/Occasional,491.6363771333053,0
14691,31,5,2114.33,0,3,New/Occasional,2526.155547812346,0
14692,137,12,1745.09,1,2,At-Risk,786.0362086951791,1
14693,265,7,1165.36,1,2,At-Risk,477.4323399359844,1
14694,617,1,244.31,0,1,Lost/Inactive,-6.620318923169691,1
14695,519,3,1620.07,9,2,At-Risk,371.41030000880016,1
14696,4,8,2767.9,4,0,Champions,1817.54924971142,0
14697,218,2,188.61,0,1,Lost/Inactive,,1
14698,2,5,1250.76,0,3,New/Occasional,2569.8839683903457,0
14699,214,4,702.6,0,2,At-Risk,310.1990760110361,1
14700,32,5,3116.26,0,2,At-Risk,2017.2955119383605,0
14701,11,15,4562.09,15,0,Champions,1960.4854663157532,0
14702,1,29,6754.22,3,0,Champions,2680.686712992695,0
14703,15,1,318.17,0,3,New/Occasional,,0
14704,11,11,1813.57,0,0,Champions,889.398997612205,0
14705,199,1,179.0,0,1,Lost/Inactive,,1
14706,619,1,390.69,0,1,Lost/Inactive,-6.610786493744076,1
14707,436,2,139.2,0,1,Lost/Inactive,50.43924326385837,1
14708,3,5,2212.28,1,3,New/Occasional,1472.1676631119913,0
14709,15,25,8886.33,2,0,Champions,3748.567309948056,0
14710,14,13,1922.59,0,0,Champions,840.8667471214172,0
14711,10,11,2868.8,2,0,Champions,2928.935740559313,0
14712,29,4,1328.0700000000002,0,3,New/Occasional,803.4182963031058,0
14713,9,21,5418.87,9,0,Champions,2287.955962207271,0
14714,24,4,906.24,5,3,New/Occasional,429.0418790213353,0
14715,25,8,1840.45,0,0,Champions,768.984815724368,0
14716,43,3,565.45,0,3,New/Occasional,305.8012396845006,0
14717,733,1,81.3,1,1,Lost/Inactive,-5.672063827180422,1
14718,410,1,226.42,0,1,Lost/Inactive,,1
14719,2,5,1602.13,1,3,New/Occasional,1755.2719498791807,0
14720,6,3,663.81,0,3,New/Occasional,1242.6242851074849,0
14721,379,1,115.77,0,1,Lost/Inactive,,1
14722,147,3,513.37,0,2,At-Risk,256.90886235508043,1
14723,10,11,2093.06,0,0,Champions,890.5127695633878,0
14724,590,1,345.25,0,1,Lost/Inactive,-6.888547871033615,1
14725,25,4,1315.24,2,3,New/Occasional,824.9135662970818,0
14726,655,1,124.75,0,1,Lost/Inactive,-6.285056320179356,1
14727,274,3,467.93,26,1,Lost/Inactive,246.0397855517489,1
14728,413,1,190.58,0,1,Lost/Inactive,,1
14729,374,3,907.38,0,2,At-Risk,476.2406950321565,1
14730,1,8,2005.06,0,0,Champions,1913.2746225535043,0
14731,47,3,380.02,0,3,New/Occasional,423.962237560956,0
14732,8,19,5517.07,7,0,Champions,2337.972967474274,0
14733,16,15,16184.97,14,0,Champions,10231.522301029194,0
14734,426,4,1056.42,1,2,At-Risk,257.388395413572,1
14735,4,56,12240.16,15,0,Champions,5076.367648679463,0
14736,485,2,401.08,0,1,Lost/Inactive,,1
14737,4,4,3554.17,0,3,New/Occasional,1062.7631050640605,0
14738,43,9,1821.9,3,2,At-Risk,697.2889558715315,0
14739,4,25,12287.5,3,0,Champions,5039.379959824859,0
14740,197,11,4161.06,7,2,At-Risk,1778.8349742564387,1
14741,12,7,1897.59,0,0,Champions,1244.2372289293503,0
14742,435,1,579.85,0,1,Lost/Inactive,,1
14743,593,1,50.48,0,1,Lost/Inactive,-6.867933141170937,1
14744,16,14,3885.08,3,0,Champions,2129.8906846187624,0
14745,113,12,2571.81,6,2,At-Risk,1094.8962595697262,1
14746,406,4,593.5,0,2,At-Risk,69.29198591204701,1
14747,249,1,328.2,1,1,Lost/Inactive,,1
14748,29,10,3152.32,29,0,Champions,1443.6892366878824,0
14749,480,1,310.15,0,1,Lost/Inactive,,1
14750,736,1,112.03,0,1,Lost/Inactive,-5.651140024486398,1
14751,684,2,126.45,0,1,Lost/Inactive,17.220699572722484,1
14752,44,1,389.64,0,3,New/Occasional,,0
14753,87,2,869.51,0,3,New/Occasional,650.8654683954634,1
14754,45,6,1550.48,1,2,At-Risk,612.1654083444371,0
14755,10,25,9972.55,9,0,Champions,4136.860444452866,0
14756,15,3,2653.76,3,3,New/Occasional,1219.9513206844908,0
14757,75,1,420.5,0,1,Lost/Inactive,,0
14758,145,7,2864.9700000000003,0,2,At-Risk,1318.8759083943823,1
14759,5,3,1625.97,0,3,New/Occasional,1662.789427231697,0
14760,297,1,89.2,2,1,Lost/Inactive,,1
14761,59,3,447.92,0,3,New/Occasional,237.34983538156567,0
14762,264,2,417.57,0,1,Lost/Inactive,251.0138869445691,1
14764,47,1,278.3,1,3,New/Occasional,,0
14765,29,3,254.11,0,3,New/Occasional,339.0334974318639,0
14766,8,11,6556.13,9,0,Champions,3069.3630402768026,0
14767,474,1,382.81,0,1,Lost/Inactive,,1
14768,17,2,192.6,1,3,New/Occasional,197.72729438802963,0
14769,3,17,15771.88,10,0,Champions,6608.438896898247,0
14770,232,8,3637.64,1,2,At-Risk,1238.287561837211,1
14771,621,2,594.62,3,1,Lost/Inactive,134.5321081298394,1
14772,112,1,139.26,0,1,Lost/Inactive,,1
14773,593,1,140.55,1,1,Lost/Inactive,-6.867933141170937,1
14774,529,1,241.45,0,1,Lost/Inactive,,1
14775,58,3,1418.46,0,2,At-Risk,646.074695053951,0
14776,51,15,3708.3,21,0,Champions,2359.676976966981,0
14777,404,1,307.56,5,1,Lost/Inactive,,1
14778,127,2,730.86,0,2,At-Risk,616.2511164333636,1
14779,281,3,386.15,0,1,Lost/Inactive,82.6019413471237,1
14780,55,2,447.68,0,3,New/Occasional,458.702689392374,0
14782,320,1,200.1,0,1,Lost/Inactive,,1
14783,659,1,307.3,1,1,Lost/Inactive,-6.242345564784637,1
14784,26,3,449.93,0,3,New/Occasional,302.4741882639514,0
14785,10,2,77.4,0,3,New/Occasional,307.0534067311052,0
14786,550,1,90.96,0,1,Lost/Inactive,,1
14787,471,1,110.65,0,1,Lost/Inactive,,1
14788,7,3,1156.32,0,3,New/Occasional,486.9882599310152,0
14789,29,1,197.64,0,3,New/Occasional,,0
14790,17,10,2526.62,0,0,Champions,1020.227817972972,0
14791,607,1,303.63,0,1,Lost/Inactive,-6.727025962516712,1
14792,64,1,6.2,2,1,Lost/Inactive,,0
14793,21,2,625.9,1,3,New/Occasional,238.99095816764665,0
14794,3,10,1953.9,3,0,Champions,1209.5040203847022,0
14795,166,1,131.45000000000002,0,1,Lost/Inactive,,1
14796,1,27,10889.64,29,0,Champions,4646.997954896131,0
14797,507,1,300.31,0,1,Lost/Inactive,,1
14798,53,8,724.31,2,2,At-Risk,281.1221109570636,0
14799,51,2,338.15000000000003,0,3,New/Occasional,123.90154084775328,0
14800,48,17,7774.32,10,0,Champions,5089.445060878095,0
14801,61,1,193.14,0,1,Lost/Inactive,,0
14802,438,2,1502.98,4,2,At-Risk,,1
14803,162,3,845.5500000000001,0,2,At-Risk,361.32997061733954,1
14804,9,1,353.27,0,3,New/Occasional,,0
14805,15,7,1104.64,0,3,New/Occasional,502.5298732891812,0
14806,75,2,303.43,0,1,Lost/Inactive,236.33285677784997,0
14807,391,2,519.29,0,1,Lost/Inactive,125.96864896871904,1
14808,40,8,2741.17,21,0,Champions,3287.2519559656057,0
14809,621,2,686.76,0,1,Lost/Inactive,-6.582353775911303,1
14810,41,13,2537.02,0,0,Champions,1724.117698343039,0
14811,387,1,170.5,0,1,Lost/Inactive,,1
14812,599,1,185.8,0,1,Lost/Inactive,-6.806825339944818,1
14813,370,4,1090.87,0,2,At-Risk,367.5700848301931,1
14814,581,1,160.46,0,1,Lost/Inactive,-6.982872499969936,1
14815,37,2,778.5,0,3,New/Occasional,1005.617325480629,0
14816,197,1,271.85,0,1,Lost/Inactive,,1
14817,200,7,3959.86,4,2,At-Risk,1744.9100360846194,1
14818,74,6,1170.41,0,2,At-Risk,576.0459983669534,0
14819,64,4,470.16,0,3,New/Occasional,239.06190987675407,0
14820,21,9,1274.76,0,0,Champions,576.1683294807895,0
14821,367,7,1286.45,0,2,At-Risk,501.8108919307619,1
14822,485,1,157.7,0,1,Lost/Inactive,,1
14823,180,3,321.43,0,1,Lost/Inactive,184.77321745736825,1
14824,10,10,4022.91,4,0,Champions,1675.57443590589,0
14825,4,24,4925.08,4,0,Champions,2388.10809047327,0
14826,582,2,385.2,0,1,Lost/Inactive,99.75417908236976,1
14828,197,13,9839.46,1,0,Champions,3594.247022689719,1
14829,29,7,1692.84,3,3,New/Occasional,1039.3762253499012,0
14830,53,1,197.13,0,1,Lost/Inactive,,0
14831,680,3,1676.57,8,2,At-Risk,252.5199472852783,1
14832,630,1,322.69,2,1,Lost/Inactive,-6.498509336323326,1
14833,499,1,94.8,0,1,Lost/Inactive,,1
14834,18,7,2206.16,3,0,Champions,1377.4190548268125,0
14835,529,2,297.0,1,1,Lost/Inactive,62.26041447121887,1
14836,10,3,102.45,0,3,New/Occasional,144.43682195794975,0
14837,90,9,3460.32,4,2,At-Risk,1547.240526397539,1
14838,423,2,773.6700000000001,0,1,Lost/Inactive,433.1050209492319,1
14839,418,3,915.28,0,2,At-Risk,252.5278290939686,1
14840,268,2,362.71,2,1,Lost/Inactive,61.01201792877698,1
14841,53,14,7163.0,0,0,Champions,2895.900667042177,0
14842,44,4,2824.69,13,2,At-Risk,2822.304422927023,0
14843,437,1,211.8,0,1,Lost/Inactive,,1
14844,64,10,6702.43,2,0,Champions,3055.423069287657,0
14845,600,1,150.0,0,1,Lost/Inactive,-6.796746655934448,1
14846,427,1,437.4,1,1,Lost/Inactive,,1
14847,149,3,1348.95,3,2,At-Risk,762.7147970219273,1
14848,405,1,310.56,0,1,Lost/Inactive,,1
14849,22,43,15763.45,13,0,Champions,6935.398961246447,0
14850,312,7,1794.01,4,2,At-Risk,743.4262955669619,1
14851,23,3,829.41,0,3,New/Occasional,348.708462952656,0
14852,58,18,6147.18,3,0,Champions,2869.031902903658,0
14853,24,5,1376.87,2,3,New/Occasional,574.1201781292525,0
14854,78,11,4322.86,7,0,Champions,1916.570597511819,1
14855,119,7,6520.3,0,2,At-Risk,2861.452411600701,1
14856,36,3,1311.38,0,3,New/Occasional,1470.3628160024537,0
14857,60,7,3651.851,5,2,At-Risk,1605.6738627004434,0
14858,506,1,180.75,0,1,Lost/Inactive,,1
14859,13,5,1705.64,1,3,New/Occasional,929.2398974411536,0
14860,19,1,170.32,1,3,New/Occasional,,0
14861,52,10,1380.73,9,2,At-Risk,538.4688801945348,0
14862,26,2,841.2,0,3,New/Occasional,1523.4922485248876,0
14863,29,1,266.76,0,3,New/Occasional,,0
14865,7,4,129.72,0,3,New/Occasional,54.08112671030771,0
14866,11,19,20850.22,4,0,Champions,13654.038812411503,0
14867,186,16,2952.06,4,2,At-Risk,1048.1296041661271,1
14868,3,12,4184.01,3,0,Champions,2682.158194965372,0
14869,9,6,2804.24,9,0,Champions,1200.3683554338002,0
14870,262,6,1838.95,4,2,At-Risk,749.5563027736082,1
14871,3,9,1258.97,0,0,Champions,512.5763234022976,0
14872,484,3,816.6,1,2,At-Risk,213.92646895768328,1
14873,210,2,854.13,0,2,At-Risk,439.2860604912792,1
14874,535,1,116.18,0,1,Lost/Inactive,,1
14875,108,3,2862.4,4,2,At-Risk,1332.2200249252478,1
14876,521,2,256.7,0,1,Lost/Inactive,23.85544935678714,1
14877,418,2,437.0,0,1,Lost/Inactive,164.70665765474075,1
14878,13,25,4105.24,4,0,Champions,1765.2340849538375,0
14879,685,1,185.06,0,1,Lost/Inactive,-6.037238807555553,1
14880,77,3,706.19,0,3,New/Occasional,750.8136962317726,1
14881,20,1,255.4,0,3,New/Occasional,,0
14882,27,14,3628.15,2,0,Champions,1810.986909706721,0
14883,19,6,761.59,1,3,New/Occasional,652.9045730686647,0
14884,669,1,120.6,0,1,Lost/Inactive,-6.158647629496283,1
14885,132,3,1598.12,1,2,At-Risk,1170.5682876666071,1
14886,253,1,364.8,0,1,Lost/Inactive,,1
14887,79,1,1862.0,0,3,New/Occasional,,1
14888,207,1,369.2,0,1,Lost/Inactive,,1
14889,336,1,135.9,0,1,Lost/Inactive,,1
14890,254,3,817.25,0,2,At-Risk,319.05128495946235,1
14891,148,4,1106.73,0,2,At-Risk,734.6310611761975,1
14892,691,1,202.35,0,1,Lost/Inactive,-5.990009157935793,1
14893,10,3,1809.61,4,3,New/Occasional,857.8764999929941,0
14894,85,3,1492.81,3,2,At-Risk,698.0206026018667,1
14895,8,38,25119.54,19,0,Champions,10196.332198127364,0
14896,205,8,2092.42,8,2,At-Risk,790.194670442816,1
14897,8,8,3140.54,1,0,Champions,1343.655698364059,0
14898,23,14,3507.81,10,0,Champions,1416.7134093708692,0
14899,395,1,1384.88,0,1,Lost/Inactive,,1
14900,522,1,13.919999999999998,0,1,Lost/Inactive,,1
14901,11,12,2289.65,4,0,Champions,1348.142158794805,0
14902,26,3,1035.62,6,3,New/Occasional,487.1779072424191,0
14903,21,5,2810.63,9,3,New/Occasional,2642.86123991306,0
14904,2,4,1640.64,0,3,New/Occasional,1090.2757074024105,0
14905,158,8,1971.39,3,2,At-Risk,775.9528388115255,1
14906,445,1,68.44,2,1,Lost/Inactive,,1
14907,3,16,6165.79,10,0,Champions,3160.0683064445648,0
14908,74,2,381.9,0,3,New/Occasional,322.89356728297884,0
14909,437,3,1404.68,2,2,At-Risk,526.9575250989334,1
14910,3,4,434.35,5,3,New/Occasional,781.9104023467988,0
14911,1,398,295972.63,366,0,Champions,123712.27606936252,0
14912,17,6,1889.25,5,3,New/Occasional,995.8060303086376,0
14913,36,8,4073.13,0,0,Champions,2306.7721908323138,0
14915,91,11,1811.25,2,2,At-Risk,725.4770732456161,1
14916,71,8,3042.95,6,2,At-Risk,1270.5070755189695,0
14917,597,2,1123.75,0,2,At-Risk,-6.827072978046038,1
14918,116,9,5955.81,0,2,At-Risk,2755.6622607032496,1
14919,539,1,359.35,0,1,Lost/Inactive,,1
14920,213,3,1607.17,0,2,At-Risk,901.5970839963738,1
14921,30,2,1316.07,0,3,New/Occasional,944.1915151600194,0
14922,394,2,843.74,0,1,Lost/Inactive,232.8023171173363,1
14923,51,1,749.1,0,3,New/Occasional,,0
14924,246,3,931.01,0,2,At-Risk,394.8314253107868,1
14926,382,2,359.4,1,1,Lost/Inactive,108.94528741111836,1
14927,397,1,308.2,0,1,Lost/Inactive,,1
14928,628,1,223.91000000000005,3,1,Lost/Inactive,-6.526218315713332,1
14929,32,2,836.69,0,3,New/Occasional,286.6497058268412,0
14930,109,6,5246.63,6,2,At-Risk,2546.194736577308,1
14931,5,5,1257.68,1,3,New/Occasional,1264.6800446055329,0
14932,366,2,1029.66,0,2,At-Risk,474.3331749605372,1
14933,444,4,1770.0,1,2,At-Risk,339.9001717915835,1
14934,82,5,3503.5,63,2,At-Risk,2081.9851396232093,1
14935,297,2,2849.83,0,2,At-Risk,1456.0219362159764,1
14936,34,12,12410.81,3,0,Champions,6428.673929907612,0
14937,57,3,1621.88,1,2,At-Risk,2563.7866826843806,0
14938,562,2,2322.43,5,2,At-Risk,-7.19077274684045,1
14940,418,2,531.49,0,1,Lost/Inactive,234.1852782303415,1
14941,579,1,182.1,0,1,Lost/Inactive,-7.014892920853181,1
14942,402,4,746.56,1,2,At-Risk,282.2632120927434,1
14943,663,1,107.62,0,1,Lost/Inactive,-6.208593992900502,1
14944,30,19,9784.67,7,0,Champions,4270.11602947718,0
14945,414,1,179.4,0,1,Lost/Inactive,,1
14946,14,1,100.9,0,3,New/Occasional,,0
14947,72,6,1049.79,0,2,At-Risk,408.09762370177856,0
14948,23,6,1101.97,1,3,New/Occasional,1114.3152428925448,0
14949,469,4,515.0,3,2,At-Risk,158.09442238656666,1
14950,19,1,371.2,1,3,New/Occasional,,0
14951,79,1,311.69,0,1,Lost/Inactive,,1
14952,60,32,17629.35,22,0,Champions,7422.277490167124,0
14953,25,4,1013.77,1,3,New/Occasional,670.2533234594893,0
14954,12,2,503.44,0,3,New/Occasional,274.0907047925274,0
14955,733,1,163.77,0,1,Lost/Inactive,-5.679073001230779,1
14956,421,1,1325.0,0,1,Lost/Inactive,,1
14957,253,2,333.29,0,1,Lost/Inactive,50.460962925876096,1
14958,147,6,957.94,0,2,At-Risk,368.00627114389886,1
14959,64,4,695.42,2,3,New/Occasional,597.3604713158614,0
14960,8,2,221.27,0,3,New/Occasional,352.35981128569784,0
14961,11,22,16410.15,10,0,Champions,6712.573315409732,0
14962,271,4,366.91,0,1,Lost/Inactive,146.6763926213164,1
14963,10,12,3164.48,2,0,Champions,1820.6401700018785,0
14964,247,1,206.21,0,1,Lost/Inactive,,1
14965,96,2,599.0,0,3,New/Occasional,,1
14966,15,6,1115.84,0,3,New/Occasional,494.70898935852045,0
14967,50,6,1982.61,1,2,At-Risk,924.634774211868,0
14968,30,2,504.99,0,3,New/Occasional,177.4397271049293,0
14969,704,1,906.23,0,1,Lost/Inactive,-5.890178471689378,1
14970,68,12,4919.35,14,0,Champions,2246.819525948078,0
14971,35,3,1116.57,0,3,New/Occasional,2634.3438083223505,0
14972,128,2,145.07,0,1,Lost/Inactive,155.3705008063286,1
14973,107,3,1314.45,0,2,At-Risk,999.8042193319804,1
14974,37,1,114.39,0,1,Lost/Inactive,,0
14975,57,2,472.39,0,3,New/Occasional,354.47406547904967,0
14976,57,7,790.86,1,2,At-Risk,643.7197951674564,0
14977,726,1,31.93,0,1,Lost/Inactive,-5.728627915032002,1
14978,72,10,3142.14,2,2,At-Risk,1591.8042514373676,0
14979,735,1,439.46,0,1,Lost/Inactive,-5.658097402982987,1
14980,737,1,150.68,0,1,Lost/Inactive,-5.644199783353973,1
14981,246,2,372.92,2,1,Lost/Inactive,115.47726371776368,1
14982,572,1,237.78,0,1,Lost/Inactive,-7.079826354794169,1
14983,689,1,183.2,0,1,Lost/Inactive,-5.997829224297223,1
14984,19,6,1271.41,0,3,New/Occasional,609.9627033554561,0
14985,198,2,296.75,0,1,Lost/Inactive,226.02490688039472,1
14986,376,2,566.9,0,1,Lost/Inactive,177.02680640967532,1
14987,16,8,1713.85,1,0,Champions,714.0510500736733,0
14988,212,7,2066.6,0,2,At-Risk,873.790995707379,1
14989,662,1,342.4,0,1,Lost/Inactive,-6.22542388409647,1
14990,612,2,305.42,0,1,Lost/Inactive,48.37262976443669,1
14991,430,1,314.67,0,1,Lost/Inactive,,1
14992,442,1,210.5,0,1,Lost/Inactive,,1
14993,564,1,36.13,0,1,Lost/Inactive,-7.179521261582605,1
14994,382,5,960.63,10,2,At-Risk,293.30995260707743,1
14995,39,2,233.23,0,3,New/Occasional,206.3308316853796,0
14996,481,2,442.29,0,1,Lost/Inactive,,1
14997,46,4,776.6,1,3,New/Occasional,322.8819697996633,0
14998,170,4,770.73,0,2,At-Risk,405.038171833148,1
14999,593,1,129.48000000000002,0,1,Lost/Inactive,-6.867933141170937,1
15000,48,1,490.52,0,3,New/Occasional,,0
15001,394,2,230.86,0,1,Lost/Inactive,,1
15002,116,9,4817.28,0,2,At-Risk,1960.5664263211677,1
15003,473,6,1060.7,1,2,At-Risk,89.34650127183944,1
15004,147,1,1246.32,0,1,Lost/Inactive,,1
15005,16,56,14106.2,94,0,Champions,5831.442792226993,0
15006,51,2,825.14,0,3,New/Occasional,595.320604673661,0
15007,159,1,156.91,0,1,Lost/Inactive,,1
15008,480,2,360.0,0,1,Lost/Inactive,151.97489748794368,1
15009,12,3,1261.78,0,3,New/Occasional,3396.357084647573,0
15010,36,1,308.94,0,3,New/Occasional,,0
15011,396,2,416.6,0,1,Lost/Inactive,113.8606056856608,1
15012,54,3,860.62,0,3,New/Occasional,451.0929086585011,0
15013,488,10,1641.3,0,2,At-Risk,3.926269335467724,1
15014,43,2,260.17,0,3,New/Occasional,360.5353296186632,0
15015,501,13,2365.02,12,2,At-Risk,4.330511220701146,1
15016,173,5,630.3,2,2,At-Risk,329.50128113159604,1
15017,34,1,125.58,0,3,New/Occasional,,0
15018,39,3,607.46,1,3,New/Occasional,419.1659558175575,0
15019,267,1,266.0,0,1,Lost/Inactive,,1
15020,379,1,203.42,0,1,Lost/Inactive,,1
15021,9,12,2783.83,12,0,Champions,1627.5256485660757,0
15022,12,5,1186.09,0,3,New/Occasional,519.8719958158651,0
15023,3,20,12170.68,5,0,Champions,5436.310118254446,0
15024,10,16,4075.51,0,0,Champions,2425.841920935946,0
15025,33,2,1013.09,0,3,New/Occasional,370.0160807717448,0
15026,80,5,1061.61,0,2,At-Risk,524.2851689852015,1
15027,31,10,3195.6,3,0,Champions,1423.9593235204354,0
15028,8,6,1157.71,0,3,New/Occasional,871.3629534472514,0
15029,620,1,365.1,1,1,Lost/Inactive,-6.601281572091574,1
15030,72,8,1979.91,2,2,At-Risk,828.0805600027534,0
15031,4,14,3156.58,39,0,Champions,1313.1781073577426,0
15032,256,8,13780.65,3,2,At-Risk,5317.443959399089,1
15033,5,10,2586.67,3,0,Champions,1858.6829053670915,0
15034,16,14,8313.4,6,0,Champions,4222.082220152885,0
15035,90,1,252.73,0,1,Lost/Inactive,,1
15036,72,3,465.55,0,3,New/Occasional,761.3080586389639,0
15037,376,2,402.51,0,1,Lost/Inactive,,1
15038,59,9,1309.86,3,2,At-Risk,958.8225962516266,0
15039,10,93,40031.43,18,0,Champions,16970.542571074537,0
15040,542,1,7.49,0,1,Lost/Inactive,,1
15041,170,2,294.02,0,1,Lost/Inactive,208.87695394757952,1
15042,199,2,315.45,0,1,Lost/Inactive,123.83192753930004,1
15043,31,6,2873.8,0,2,At-Risk,1589.0470020459782,0
15044,19,35,16204.33,18,0,Champions,6609.562001079336,0
15045,152,2,735.66,1,2,At-Risk,588.4957378917734,1
15046,9,25,7812.39,4,0,Champions,3345.9437765354937,0
15047,270,1,343.62,0,1,Lost/Inactive,,1
15048,65,4,482.75,1,3,New/Occasional,278.2530259500117,0
15049,274,1,121.17000000000002,0,1,Lost/Inactive,,1
15050,25,5,4193.79,2,0,Champions,2213.654829935407,0
15051,23,9,3935.16,1,0,Champions,1538.0176068110734,0
15052,319,1,215.78,0,1,Lost/Inactive,,1
15053,5,3,697.79,0,3,New/Occasional,647.6458856309607,0
15054,12,2,302.1,0,3,New/Occasional,776.6017623274832,0
15055,475,3,560.07,0,1,Lost/Inactive,142.03419207738423,1
15056,520,1,133.45,0,1,Lost/Inactive,,1
15057,275,5,3255.96,1,2,At-Risk,1378.2028359364224,1
15058,25,16,3410.03,1,0,Champions,1542.9912999222483,0
15059,41,19,3523.57,8,0,Champions,1429.7884674277996,0
15060,8,4,303.09000000000003,0,3,New/Occasional,162.2582443746392,0
15061,4,127,137818.52,11,0,Champions,56849.35531767694,0
15062,71,8,2585.62,0,2,At-Risk,1095.7667714711563,0
15063,213,1,370.8,0,1,Lost/Inactive,,1
15064,410,4,1254.41,0,2,At-Risk,404.9655229585062,1
15065,38,5,3326.86,3,2,At-Risk,2649.830359716469,0
15066,53,1,893.59,11,3,New/Occasional,,0
15067,78,5,3877.88,1,2,At-Risk,1949.647819509372,1
15068,46,4,1176.85,0,3,New/Occasional,520.8270871340151,0
15069,179,1,1109.53,0,1,Lost/Inactive,,1
15070,373,3,843.25,0,2,At-Risk,277.4331423597071,1
15071,94,4,1455.5600000000002,0,2,At-Risk,852.2926287845838,1
15072,479,1,187.52,0,1,Lost/Inactive,,1
15073,10,8,2788.02,22,0,Champions,1155.4186369254362,0
15074,105,3,1566.33,0,2,At-Risk,1047.0763096792775,1
15075,78,1,773.03,0,3,New/Occasional,,1
15076,173,3,1447.74,2,2,At-Risk,688.954895592695,1
15077,495,2,2428.08,2,2,At-Risk,944.165640709808,1
15078,7,53,17761.88,19,0,Champions,7435.331052898658,0
15079,213,11,3767.35,9,2,At-Risk,1329.2670343219372,1
15080,428,2,546.25,0,1,Lost/Inactive,122.78627459140957,1
15081,22,12,1965.72,2,0,Champions,1009.8202223806012,0
15082,669,1,93.35,0,1,Lost/Inactive,-6.166915963527098,1
15083,257,1,88.2,0,1,Lost/Inactive,,1
15084,380,2,965.2,0,2,At-Risk,457.2044037181873,1
15085,730,1,347.54,0,1,Lost/Inactive,-5.700205148018591,1
15086,565,2,218.53,0,1,Lost/Inactive,46.69717518778033,1
15087,282,1,306.94,0,1,Lost/Inactive,,1
15088,21,2,1160.07,3,3,New/Occasional,1341.0728134867788,0
15089,10,6,2420.84,0,0,Champions,2380.422556460202,0
15090,308,1,381.32,0,1,Lost/Inactive,,1
15091,68,3,1046.61,3,2,At-Risk,401.6914828548635,0
15092,215,3,776.46,1,2,At-Risk,379.23942586887154,1
15093,18,23,14326.11,14,0,Champions,6167.710399429215,0
15094,463,2,83.0,0,1,Lost/Inactive,23.835141248189736,1
15095,104,10,3141.64,2,2,At-Risk,1402.7720862911235,1
15096,43,1,219.39,0,3,New/Occasional,,0
15097,4,3,908.35,2,3,New/Occasional,240.51336204774248,0
15098,182,3,39916.5,2,2,At-Risk,,1
15099,84,1,410.48,0,1,Lost/Inactive,,1
15100,334,7,2894.7,8,2,At-Risk,970.3106420136752,1
15101,9,6,1477.94,6,3,New/Occasional,804.1536080351683,0
15102,531,2,554.67,0,1,Lost/Inactive,66.97201959827608,1
15103,31,2,703.36,0,3,New/Occasional,1613.7651479637018,0
15104,197,2,1027.44,2,2,At-Risk,954.9590265684834,1
15105,18,9,3094.91,0,0,Champions,1516.380207370709,0
15106,18,5,1422.52,2,3,New/Occasional,1208.941811351615,0
15107,311,9,940.35,5,2,At-Risk,29.981333989391064,1
15108,142,4,1300.25,1,2,At-Risk,1351.451862693213,1
15109,246,3,983.1,3,2,At-Risk,426.2456836905064,1
15110,24,6,1505.85,5,3,New/Occasional,848.4881597566299,0
15111,29,5,2730.87,0,3,New/Occasional,1491.5292748750703,0
15112,611,1,209.4,0,1,Lost/Inactive,-6.678097927478468,1
15113,10,3,3609.33,1,3,New/Occasional,5283.511066958995,0
15114,30,12,3400.12,0,0,Champions,2189.7095662930037,0
15115,18,2,531.85,1,3,New/Occasional,267.0409537281944,0
15116,18,4,1352.75,0,3,New/Occasional,1364.5248479285556,0
15117,15,8,2485.97,1,0,Champions,1153.9579020799415,0
15118,134,1,244.8,0,1,Lost/Inactive,,1
15119,246,1,266.4,0,1,Lost/Inactive,,1
15120,134,1,358.82,1,1,Lost/Inactive,,1
15121,50,2,457.72,0,3,New/Occasional,283.6586803151052,0
15122,114,11,4497.47,8,2,At-Risk,1980.3055666271453,1
15123,7,5,4656.17,0,0,Champions,2417.6453288316784,0
15124,23,4,450.82,0,3,New/Occasional,189.72800494882557,0
15125,25,24,17024.87,21,0,Champions,7219.235480381781,0
15126,537,2,449.49,0,1,Lost/Inactive,143.33296801242798,1
15127,66,2,711.5,0,3,New/Occasional,428.00795108099305,0
15128,60,5,1783.68,9,2,At-Risk,1180.8258243871635,0
15129,50,23,6860.18,0,0,Champions,3352.9181245399677,0
15130,170,1,330.11,0,1,Lost/Inactive,,1
15131,395,1,80.28,0,1,Lost/Inactive,,1
15132,18,5,977.93,0,3,New/Occasional,811.613468763936,0
15133,128,5,1806.9,0,2,At-Risk,862.1476075969779,1
15134,15,10,1596.29,0,0,Champions,1129.273720715889,0
15135,239,2,305.68,1,1,Lost/Inactive,130.6713498129713,1
15136,3,4,1286.7,1,3,New/Occasional,2035.8837299513295,0
15137,521,2,823.4,6,1,Lost/Inactive,248.5869273649432,1
15138,394,1,502.52,2,1,Lost/Inactive,,1
15139,240,2,178.96,0,1,Lost/Inactive,74.0767466140686,1
15140,52,8,3243.69,1,2,At-Risk,1743.55490306387,0
15141,458,7,1388.47,3,2,At-Risk,100.658816463853,1
15142,46,6,2619.92,1,2,At-Risk,1543.1735923215806,0
15143,226,2,563.63,0,1,Lost/Inactive,290.8794963117059,1
15144,8,29,12160.31,4,0,Champions,5167.496818887779,0
15145,4,4,1194.73,0,3,New/Occasional,1044.1408056012856,0
15146,165,2,1327.16,4,2,At-Risk,759.1919505612636,1
15147,240,1,623.5,1,1,Lost/Inactive,,1
15148,11,1,301.29,0,3,New/Occasional,,0
15149,134,5,1554.61,0,2,At-Risk,720.071347706424,1
15150,17,13,9001.08,1,0,Champions,4110.495082650349,0
15151,423,2,2085.61,0,2,At-Risk,756.3152490161262,1
15152,10,14,5263.83,8,0,Champions,2202.7118696928974,0
15153,31,1,329.25,0,3,New/Occasional,,0
15154,75,3,1388.41,7,2,At-Risk,334.97397784796794,0
15155,383,1,383.97,0,1,Lost/Inactive,,1
15156,1,3,961.49,0,3,New/Occasional,3042.793063996946,0
15157,4,5,2654.11,8,3,New/Occasional,1118.73559722058,0
15158,45,2,606.02,2,3,New/Occasional,529.4668438466898,0
15159,2,34,22116.73,10,0,Champions,14455.754710339026,0
15160,357,4,589.27,0,2,At-Risk,126.79901523985204,1
15161,388,1,119.92,0,1,Lost/Inactive,,1
15162,731,1,312.9,4,1,Lost/Inactive,-5.686099569348275,1
15163,18,2,304.47,0,3,New/Occasional,361.31492299460433,0
15164,69,9,2068.92,2,2,At-Risk,903.0732615132616,0
15165,373,1,975.5,0,1,Lost/Inactive,,1
15166,468,1,167.16,0,1,Lost/Inactive,,1
15167,321,5,1659.67,0,2,At-Risk,500.3259825819114,1
15168,26,1,106.56,0,3,New/Occasional,,0
15169,382,2,569.22,0,1,Lost/Inactive,148.83605124198417,1
15170,407,1,81.15,0,1,Lost/Inactive,,1
15171,331,1,1289.5,2,1,Lost/Inactive,,1
15172,9,5,1624.05,0,3,New/Occasional,1693.8556547936178,0
15173,381,7,1494.6,2,2,At-Risk,208.4240129806148,1
15174,323,2,481.46,0,1,Lost/Inactive,128.93267267702132,1
15175,72,1,224.14,0,1,Lost/Inactive,,0
15176,668,1,988.04,1,1,Lost/Inactive,-6.175206600227606,1
15177,426,1,948.93,0,1,Lost/Inactive,,1
15178,260,1,40.5,0,1,Lost/Inactive,,1
15179,18,13,7491.92,8,0,Champions,2998.830218609194,0
15180,367,3,904.43,0,2,At-Risk,267.5013400649246,1
15181,66,5,1200.2,4,2,At-Risk,522.6162944698308,0
15182,154,11,2998.952,3,2,At-Risk,1241.141761713098,1
15183,548,3,639.93,1,1,Lost/Inactive,50.376739096681234,1
15184,29,4,689.95,0,3,New/Occasional,306.93817765684696,0
15185,70,1,310.62,0,1,Lost/Inactive,,0
15186,14,5,1403.2,0,3,New/Occasional,656.0823202608266,0
15187,2,16,4777.18,2,0,Champions,5534.943200603853,0
15188,725,1,310.43,0,1,Lost/Inactive,-5.728627915032002,1
15189,1,46,17524.38,20,0,Champions,10290.628115333784,0
15190,434,1,834.4399999999999,0,1,Lost/Inactive,,1
15191,463,3,588.05,0,1,Lost/Inactive,160.41990980292934,1
15192,120,5,1981.39,0,2,At-Risk,889.871534480013,1
15193,61,1,499.32,0,3,New/Occasional,,0
15194,3,28,12427.69,27,0,Champions,5216.022632742966,0
15195,3,1,3861.0,0,3,New/Occasional,,0
15196,433,2,316.25,0,1,Lost/Inactive,110.14035635236836,1
15197,11,6,1877.51,7,3,New/Occasional,863.1240938067099,0
15198,92,5,571.35,1,2,At-Risk,260.677837840322,1
15199,59,10,3122.4,0,0,Champions,1593.7673361101993,0
15200,495,1,549.0500000000001,0,1,Lost/Inactive,,1
15201,87,7,1842.95,31,2,At-Risk,881.2498487830416,1
15202,420,3,6001.49,5,2,At-Risk,,1
15203,26,15,4400.18,0,0,Champions,1849.2266643345724,0
15204,357,1,316.58,0,1,Lost/Inactive,,1
15205,85,2,653.24,1,3,New/Occasional,510.9542354777193,1
15206,10,4,420.3,0,3,New/Occasional,503.006451805906,0
15207,416,3,683.92,3,2,At-Risk,137.2963613966902,1
15208,1,6,970.52,1,3,New/Occasional,692.9302201806968,0
15209,730,1,178.98000000000002,0,1,Lost/Inactive,-5.693143596510228,1
15210,225,3,1176.19,0,2,At-Risk,609.228645722946,1
15211,60,2,1277.48,0,3,New/Occasional,723.626181696354,0
15212,241,2,208.28,2,1,Lost/Inactive,123.225327300176,1
15213,319,2,328.35,1,1,Lost/Inactive,14.159286761879589,1
15214,2,8,1661.44,0,0,Champions,1386.5781825692104,0
15215,47,7,2422.4300000000003,46,2,At-Risk,1157.6357790981072,0
15216,88,2,486.09,0,3,New/Occasional,89.38231832681804,1
15217,563,1,426.24,0,1,Lost/Inactive,-7.179521261582605,1
15218,11,22,11516.57,9,0,Champions,5204.223693821819,0
15219,176,2,685.45,0,1,Lost/Inactive,258.00119729396914,1
15220,52,6,1778.96,2,2,At-Risk,1615.298049741299,0
15221,366,4,2465.45,16,2,At-Risk,1041.0640962168504,1
15222,319,11,3550.91,19,2,At-Risk,641.5602290968698,1
15223,226,5,1417.95,12,2,At-Risk,572.5349076936195,1
15224,358,5,871.36,5,2,At-Risk,337.93739497770093,1
15225,234,1,409.4,0,1,Lost/Inactive,,1
15226,311,1,154.41,0,1,Lost/Inactive,,1
15227,37,9,2488.49,0,0,Champions,1148.473255561098,0
15228,66,6,5580.27,1,2,At-Risk,3143.992506528674,0
15229,586,1,160.5,0,1,Lost/Inactive,-6.930152240212308,1
15230,239,2,429.6,0,1,Lost/Inactive,67.23798917109903,1
15231,621,1,250.26,3,1,Lost/Inactive,-6.582353775911303,1
15232,113,2,612.06,0,1,Lost/Inactive,752.3457009852732,1
15233,401,1,59.400000000000006,0,1,Lost/Inactive,,1
15234,277,1,197.0,0,1,Lost/Inactive,,1
15235,218,16,2937.81,0,2,At-Risk,189.46435310793177,1
15236,299,1,321.05,0,1,Lost/Inactive,,1
15237,2,4,1412.32,0,3,New/Occasional,687.8242965401066,0
15238,29,3,1071.99,2,3,New/Occasional,1436.6958013831002,0
15239,10,2,780.59,3,3,New/Occasional,1354.486665094617,0
15240,45,12,4459.9800000000005,21,0,Champions,1752.6322078315666,0
15241,67,11,3050.16,1,0,Champions,1374.4675300307003,0
15242,422,1,302.04,0,1,Lost/Inactive,,1
15243,74,2,927.28,0,3,New/Occasional,387.276246173844,0
15244,65,3,912.08,2,3,New/Occasional,406.9414808412951,0
15245,134,8,4610.84,0,2,At-Risk,2241.089451603387,1
15246,238,3,780.4,0,2,At-Risk,366.2672456834325,1
15247,122,3,976.06,1,2,At-Risk,511.0035175557198,1
15248,411,3,1893.93,5,2,At-Risk,331.28267185967144,1
15249,32,18,9266.0,12,0,Champions,4321.228192673445,0
15250,641,1,60.0,0,1,Lost/Inactive,-6.407827313905342,1
15251,9,21,20324.54,16,0,Champions,9142.701250590806,0
15252,36,5,2103.41,3,2,At-Risk,893.2430084731207,0
15253,16,8,2055.09,5,0,Champions,980.1502576220404,0
15254,127,3,1088.35,1,2,At-Risk,472.8099077647352,1
15255,67,9,3729.42,4,2,At-Risk,1606.9617540138925,0
15256,149,2,170.4,0,1,Lost/Inactive,97.097040975576,1
15257,283,2,685.9,1,1,Lost/Inactive,331.5313261745072,1
15258,169,2,623.16,0,1,Lost/Inactive,537.5119285259573,1
15259,513,4,1182.38,0,2,At-Risk,350.334573103443,1
15260,100,25,9188.23,6,0,Champions,3785.105359991764,1
15261,135,4,1508.0,0,2,At-Risk,525.6293913456185,1
15262,324,3,418.82,0,1,Lost/Inactive,198.3910737068448,1
15263,107,1,156.51,0,1,Lost/Inactive,,1
15264,64,2,848.4,2,3,New/Occasional,407.32633422601725,0
15265,151,4,3345.64,0,2,At-Risk,1585.5463193578346,1
15266,338,5,852.21,1,2,At-Risk,285.81782703802696,1
15267,22,5,1717.36,0,3,New/Occasional,1095.5679410519815,0
15268,479,3,961.9,5,2,At-Risk,256.9996407876204,1
15269,24,3,1225.36,0,3,New/Occasional,768.9569535338213,0
15270,16,21,8524.86,29,0,Champions,3616.22442273814,0
15271,7,24,4709.54,4,0,Champions,2549.380109487342,0
15272,57,6,2085.48,0,2,At-Risk,861.3024499610359,0
15273,600,1,228.96,0,1,Lost/Inactive,-6.796746655934448,1
15274,4,2,716.57,0,3,New/Occasional,2422.606183267135,0
15275,38,1,615.14,1,3,New/Occasional,,0
15276,66,4,649.53,4,3,New/Occasional,234.19758580473547,0
15277,47,2,476.34,0,3,New/Occasional,323.0091173369124,0
15278,562,4,496.16,0,1,Lost/Inactive,117.48386347421872,1
15279,355,5,1580.54,5,2,At-Risk,532.4859848887262,1
15280,172,3,406.22,0,1,Lost/Inactive,191.7247324579784,1
15281,59,16,8543.57,22,0,Champions,3365.596282899012,0
15282,570,1,348.59,0,1,Lost/Inactive,-7.101739837342003,1
15283,390,3,148.32999999999998,1,1,Lost/Inactive,27.90526563869217,1
15284,500,1,24.75,0,1,Lost/Inactive,,1
15285,408,1,94.92,0,1,Lost/Inactive,,1
15286,50,1,240.55,0,3,New/Occasional,,0
15287,22,5,856.03,1,3,New/Occasional,401.1703716068328,0
15288,43,10,3883.13,0,0,Champions,1783.729484024038,0
15289,29,5,1593.09,2,3,New/Occasional,675.6207603030149,0
15290,5,26,10496.28,9,0,Champions,4933.117707395678,0
15291,26,40,13846.56,21,0,Champions,5717.032876760862,0
15292,201,1,180.94,0,1,Lost/Inactive,,1
15293,666,1,247.5,0,1,Lost/Inactive,-6.191855144483952,1
15294,411,1,233.35,2,1,Lost/Inactive,,1
15295,654,1,217.24,0,1,Lost/Inactive,-6.285056320179356,1
15296,51,12,10342.83,12,0,Champions,4405.5770398582745,0
15297,10,3,641.94,2,3,New/Occasional,1489.1365063465405,0
15298,2,23,9459.37,11,0,Champions,4002.5099989963455,0
15299,67,10,7991.54,7,0,Champions,3595.6902982372903,0
15300,64,1,496.44,0,3,New/Occasional,,0
15301,51,17,7603.44,4,0,Champions,4820.989323944822,0
15302,730,1,308.0,1,1,Lost/Inactive,-5.693143596510228,1
15303,290,3,1224.18,2,2,At-Risk,542.8011841432424,1
15304,61,9,919.55,3,2,At-Risk,612.0257097467177,0
15305,555,1,93.6,0,1,Lost/Inactive,,1
15306,64,9,3484.73,1,2,At-Risk,1564.6987075230115,0
15307,96,1,205.3,0,1,Lost/Inactive,,1
15308,274,1,310.47,2,1,Lost/Inactive,,1
15309,611,4,797.96,7,2,At-Risk,62.37448025949667,1
15310,479,1,1634.64,0,1,Lost/Inactive,,1
15311,1,208,116771.16,283,0,Champions,48635.349509569736,0
15312,75,12,2930.19,2,0,Champions,1179.298268549611,0
15313,110,1,52.0,0,1,Lost/Inactive,,1
15314,199,3,820.45,1,2,At-Risk,309.1192606143215,1
15315,64,2,570.5,1,3,New/Occasional,1061.8667074281634,0
15316,327,1,165.0,0,1,Lost/Inactive,,1
15317,677,1,129.75,1,1,Lost/Inactive,-6.0932931425729375,1
15318,4,1,312.62,0,3,New/Occasional,,0
15319,284,1,204.5,0,1,Lost/Inactive,,1
15320,44,1,267.13,0,3,New/Occasional,,0
15321,71,12,6709.7300000000005,20,0,Champions,3209.26769651153,0
15322,86,2,1390.86,7,2,At-Risk,762.9606663948034,1
15323,563,3,434.6,8,1,Lost/Inactive,86.12642778945897,1
15324,701,1,140.22000000000003,0,1,Lost/Inactive,-5.905319239432007,1
15325,104,8,1602.01,1,2,At-Risk,715.6366115129897,1
15326,334,5,1700.52,17,2,At-Risk,611.2730521220053,1
15327,53,1,208.75,0,1,Lost/Inactive,,0
15328,408,1,107.24,0,1,Lost/Inactive,,1
15329,39,11,2984.33,23,0,Champions,1217.8968109489292,0
15330,32,2,714.9599999999999,0,3,New/Occasional,1840.480835670456,0
15331,500,3,767.91,2,2,At-Risk,232.15655430642468,1
15332,366,6,6553.74,0,2,At-Risk,2100.6384099810766,1
15333,208,1,1028.56,0,1,Lost/Inactive,,1
15334,157,3,351.67,0,1,Lost/Inactive,317.5446321450346,1
15335,54,1,173.97,0,1,Lost/Inactive,,0
15336,402,1,240.5,0,1,Lost/Inactive,,1
15337,411,1,373.02,3,1,Lost/Inactive,,1
15338,677,1,283.43,0,1,Lost/Inactive,-6.0932931425729375,1
15339,66,7,1827.84,8,2,At-Risk,890.8664049682035,0
15340,562,1,105.5,0,1,Lost/Inactive,-7.20205969274536,1
15341,81,2,2402.72,1,2,At-Risk,2377.867807089822,1
15342,130,1,406.09,2,1,Lost/Inactive,,1
15343,87,1,364.5,0,1,Lost/Inactive,,1
15344,1,3,563.94,6,3,New/Occasional,862.2459556758957,0
15345,46,1,393.54,3,3,New/Occasional,,0
15346,333,3,596.12,1,2,At-Risk,209.98906467146747,1
15347,366,4,1363.6,2,2,At-Risk,214.17430111041728,1
15348,72,1,158.04,0,1,Lost/Inactive,,0
15349,158,2,473.81,0,1,Lost/Inactive,206.71294785548568,1
15350,373,2,663.25,0,1,Lost/Inactive,135.6559635309079,1
15351,12,10,3738.29,14,0,Champions,2235.8337396913707,0
15352,549,1,114.95,0,1,Lost/Inactive,,1
15353,255,7,3175.95,1,2,At-Risk,1247.7874846281438,1
15354,603,3,284.4,4,1,Lost/Inactive,-6.756729699800896,1
15355,29,2,277.05,0,3,New/Occasional,757.5581448805405,0
15356,31,13,3464.95,0,0,Champions,2375.6934165041343,0
15358,5,42,17050.41,22,0,Champions,7175.468355101746,0
15359,663,8,181.35,1,1,Lost/Inactive,2.6236320404780304,1
15360,40,1,427.93,0,3,New/Occasional,,0
15361,362,4,689.07,0,2,At-Risk,295.10683921859794,1
15362,449,2,613.08,0,1,Lost/Inactive,196.0761317337948,1
15363,373,2,1004.11,1,2,At-Risk,527.6859663885757,1
15364,96,2,913.19,0,2,At-Risk,1064.3757741875393,1
15365,26,13,4557.13,37,0,Champions,2172.269098987027,0
15366,75,7,2389.08,0,2,At-Risk,1089.69992236376,0
15367,57,11,5081.33,2,0,Champions,1983.3032275105352,0
15368,21,2,722.74,0,3,New/Occasional,602.2553701273237,0
15369,492,11,6251.26,45,2,At-Risk,219.21249913415303,1
15370,41,8,3739.01,1,0,Champions,1857.115696448488,0
15371,662,1,59.400000000000006,0,1,Lost/Inactive,-6.2169975116725,1
15372,137,8,6017.06,3,2,At-Risk,2913.81463311536,1
15373,8,17,3421.39,5,0,Champions,1788.5716102433826,0
15374,129,2,307.32,0,1,Lost/Inactive,150.08714594169783,1
15375,690,1,60.96,0,1,Lost/Inactive,-5.990009157935793,1
15376,40,3,1233.36,0,3,New/Occasional,935.8994470376026,0
15377,383,4,1211.75,1,2,At-Risk,295.44743825047345,1
15378,463,2,246.5,0,1,Lost/Inactive,71.08948012895249,1
15379,169,8,4877.84,2,2,At-Risk,2418.421125438202,1
15380,9,11,3479.06,3,0,Champions,1449.2952384294765,0
15381,214,5,1890.57,1,2,At-Risk,894.511419239179,1
15382,15,12,13733.55,10,0,Champions,5561.514203187659,0
15384,170,4,2027.79,4,2,At-Risk,1095.6575014875812,1
15385,40,3,942.08,0,3,New/Occasional,404.05780909511424,0
15386,186,1,394.14,0,1,Lost/Inactive,,1
15387,492,1,468.65,0,1,Lost/Inactive,,1
15388,270,1,140.54,0,1,Lost/Inactive,,1
15389,172,5,2733.8,0,2,At-Risk,984.0054757788668,1
15390,396,2,1216.66,0,2,At-Risk,207.120398479468,1
15391,584,1,289.87,1,1,Lost/Inactive,-6.951144165835234,1
15392,5,7,2911.62,1,0,Champions,1923.3394269266903,0
15393,16,5,891.34,0,3,New/Occasional,359.92492621087985,0
15394,10,11,5286.8,2,0,Champions,2305.9075528399703,0
15395,326,1,107.45,0,1,Lost/Inactive,,1
15396,113,2,796.38,0,2,At-Risk,271.8060666197291,1
15397,290,1,94.0,0,1,Lost/Inactive,,1
15398,16,2,1345.53,1,3,New/Occasional,2980.8383905697624,0
15399,1,3,815.77,0,3,New/Occasional,1652.944105054356,0
15400,92,8,1302.3,1,2,At-Risk,651.6198589987021,1
15401,452,2,216.95,0,1,Lost/Inactive,54.81137463585837,1
15402,149,6,1830.54,2,2,At-Risk,715.6975215206181,1
15403,492,2,170.88,0,1,Lost/Inactive,47.96640820113407,1
15404,376,1,257.06,0,1,Lost/Inactive,,1
15405,189,2,659.84,0,1,Lost/Inactive,322.700005370389,1
15406,31,4,975.87,5,3,New/Occasional,464.88120421838704,0
15407,34,4,1056.44,0,3,New/Occasional,1014.0337994766676,0
15408,264,1,267.18,0,1,Lost/Inactive,,1
15409,721,1,131.25,3,1,Lost/Inactive,-5.757336381547099,1
15410,84,10,4685.72,0,0,Champions,2058.1572393252154,1
15411,26,4,1358.88,1,3,New/Occasional,2033.699324248656,0
15412,171,1,190.53,0,1,Lost/Inactive,,1
15413,692,5,6798.72,2,2,At-Risk,22.660969271905856,1
15414,10,3,774.9000000000001,0,3,New/Occasional,1128.3838972411422,0
15415,313,1,572.8100000000001,0,1,Lost/Inactive,,1
15416,65,7,4572.82,2,2,At-Risk,2179.597406745143,0
15417,85,1,508.8,0,1,Lost/Inactive,,1
15418,425,2,452.32,0,1,Lost/Inactive,176.39096995198457,1
15419,25,1,135.86,0,3,New/Occasional,,0
15420,434,6,743.0,0,2,At-Risk,170.1736198798095,1
15421,59,10,3805.34,0,0,Champions,1639.5663161042085,0
15422,323,7,1619.97,1,2,At-Risk,555.1326060336804,1
15423,38,3,266.89,3,3,New/Occasional,80.10295722830926,0
15424,254,3,597.78,0,2,At-Risk,396.63479526175234,1
15425,400,4,1944.57,0,2,At-Risk,527.0011287477932,1
15426,19,9,2615.39,9,0,Champions,1285.032147857887,0
15427,33,3,1483.14,0,3,New/Occasional,5681.9765839305655,0
15428,15,4,762.75,0,3,New/Occasional,313.95808764943155,0
15429,27,2,397.35,1,3,New/Occasional,663.9056095464464,0
15430,468,2,954.75,5,1,Lost/Inactive,67.36578506997992,1
15431,503,1,153.24,0,1,Lost/Inactive,,1
15432,23,2,320.76,2,3,New/Occasional,177.79360062844145,0
15433,214,2,533.3,12,1,Lost/Inactive,228.51786258061605,1
15434,8,11,2567.06,5,0,Champions,1111.4926840558942,0
15435,22,1,149.29,0,3,New/Occasional,,0
15436,12,3,1122.53,0,3,New/Occasional,993.1048798368467,0
15437,262,2,393.45,0,1,Lost/Inactive,165.4694926249165,1
15438,131,1,156.57999999999998,0,1,Lost/Inactive,,1
15439,405,4,1269.05,0,2,At-Risk,280.1646583035485,1
15440,55,3,383.68,0,3,New/Occasional,437.4073770062554,0
15441,396,3,1254.21,0,2,At-Risk,494.2767605332773,1
15442,249,1,594.0,0,1,Lost/Inactive,,1
15443,2,14,5175.93,5,0,Champions,2398.782595630128,0
15444,9,2,1418.26,0,3,New/Occasional,6128.992575702796,0
15445,264,2,284.5,0,1,Lost/Inactive,101.01033205137168,1
15446,377,3,406.95,2,1,Lost/Inactive,151.80850716053322,1
15447,331,5,492.88,1,2,At-Risk,207.0261903593569,1
15448,313,2,788.8100000000001,0,1,Lost/Inactive,377.9951154505594,1
15449,26,3,974.52,2,3,New/Occasional,901.4498725858472,0
15450,30,1,429.84,0,3,New/Occasional,,0
15451,434,2,233.21,0,1,Lost/Inactive,87.69460984315192,1
15452,30,6,1799.11,0,3,New/Occasional,621.8339251592516,0
15453,2,7,1388.37,0,3,New/Occasional,1780.9269863440863,0
15454,362,2,307.69,0,1,Lost/Inactive,140.57310525237554,1
15455,598,1,38.25,0,1,Lost/Inactive,-6.81693406900478,1
15456,283,10,2119.27,0,2,At-Risk,694.2532853228083,1
15457,262,1,237.07,0,1,Lost/Inactive,,1
15458,25,2,370.44,0,3,New/Occasional,216.9854987377566,0
15459,417,2,202.83,0,1,Lost/Inactive,73.89500035360837,1
15460,354,1,216.76,0,1,Lost/Inactive,,1
15461,461,2,429.7,3,1,Lost/Inactive,146.04090821642313,1
15462,94,4,737.05,0,2,At-Risk,194.0766423887122,1
15463,29,1,126.14,0,3,New/Occasional,,0
15464,338,1,1048.85,0,1,Lost/Inactive,,1
15465,20,32,12655.65,8,0,Champions,5283.497444912116,0
15466,85,4,1571.01,0,2,At-Risk,436.88016578695726,1
15467,9,3,524.88,1,3,New/Occasional,513.5032723864989,0
15468,51,3,1430.48,8,3,New/Occasional,626.3601250887572,0
15469,50,3,874.25,4,3,New/Occasional,502.4722521209015,0
15470,576,1,63.42,0,1,Lost/Inactive,-7.047209492487372,1
15471,2,3,1316.56,0,3,New/Occasional,805.21232429719,0
15472,113,1,371.56,0,1,Lost/Inactive,,1
15473,14,8,2046.0,3,0,Champions,1394.7453911145994,0
15474,596,1,163.1,0,1,Lost/Inactive,-6.837242202811275,1
15475,77,1,454.11,0,1,Lost/Inactive,,1
15476,380,4,2209.98,1,2,At-Risk,596.5209911627634,1
15477,650,1,368.4,0,1,Lost/Inactive,-6.328357526291001,1
15478,40,3,2024.98,0,3,New/Occasional,1058.9314598031272,0
15479,733,1,147.4,0,1,Lost/Inactive,-5.672063827180422,1
15480,116,5,6279.0,2,2,At-Risk,2624.1609471848237,1
15481,401,1,1993.34,0,2,At-Risk,,1
15482,16,19,14592.56,30,0,Champions,6335.814249788272,0
15483,161,10,862.2,0,2,At-Risk,347.7143523547242,1
15484,1,6,4656.0,1,0,Champions,1930.267377619336,0
15485,30,7,5771.51,4,0,Champions,2352.109715827148,0
15486,527,1,102.0,0,1,Lost/Inactive,,1
15487,680,1,231.32,0,1,Lost/Inactive,-6.077171351933895,1
15488,93,5,431.92,0,2,At-Risk,243.10557414565983,1
15489,23,8,2419.61,9,0,Champions,1085.1505788922198,0
15490,430,1,217.6,1,1,Lost/Inactive,,1
15491,95,6,3100.09,1,2,At-Risk,2596.8403966814494,1
15492,28,2,659.46,0,3,New/Occasional,739.8938095899211,0
15493,33,9,4314.9800000000005,2,0,Champions,2002.8156064680816,0
15494,21,5,3780.05,1,0,Champions,1448.9212629896392,0
15495,379,1,246.5,0,1,Lost/Inactive,,1
15496,631,1,146.14,0,1,Lost/Inactive,-6.48932540237404,1
15497,18,9,8657.39,2,0,Champions,3925.829972944236,0
15498,3,44,26039.58,17,0,Champions,9879.73535119252,0
15499,724,1,161.6,0,1,Lost/Inactive,-5.742946166673313,1
15500,8,4,1131.56,0,3,New/Occasional,2076.780120114766,0
15501,405,2,402.5,0,1,Lost/Inactive,86.48932699184407,1
15502,16,14,13993.47,57,0,Champions,7229.118227511641,0
15503,363,2,267.15,0,1,Lost/Inactive,105.04474362430096,1
15504,81,4,423.85,1,3,New/Occasional,161.32153577888926,1
15505,53,5,3610.96,2,2,At-Risk,4664.619454111708,0
15506,23,6,2040.03,0,3,New/Occasional,1316.7924314126883,0
15507,172,1,492.36,0,1,Lost/Inactive,,1
15508,189,6,1000.27,0,2,At-Risk,572.673118605283,1
15509,380,1,166.51,0,1,Lost/Inactive,,1
15510,331,1,250.0,0,1,Lost/Inactive,,1
15511,12,5,909.23,0,3,New/Occasional,1860.989586818936,0
15512,156,4,331.58,0,1,Lost/Inactive,165.88835133669406,1
15513,33,35,27750.55,13,0,Champions,11983.041184776625,0
15514,12,18,6598.55,40,0,Champions,2684.704978411548,0
15515,387,1,171.81,0,1,Lost/Inactive,,1
15516,45,3,62.43,0,1,Lost/Inactive,61.112115984381695,0
15517,233,1,267.03,0,1,Lost/Inactive,,1
15518,64,15,4218.94,9,0,Champions,1789.6537781521297,0
15519,383,2,344.61,0,1,Lost/Inactive,146.86425036727894,1
15520,2,1,343.5,0,3,New/Occasional,,0
15521,40,16,7106.69,18,0,Champions,3065.024229644207,0
15522,33,2,398.84,0,3,New/Occasional,549.8935625060126,0
15523,84,16,17359.99,8,0,Champions,7169.155861791115,1
15524,25,2,591.4,0,3,New/Occasional,407.9594668795544,0
15525,2,4,1295.7,2,3,New/Occasional,1081.9049550136745,0
15526,33,2,148.44,0,3,New/Occasional,,0
15527,19,23,5575.64,24,0,Champions,2339.0379570335176,0
15528,254,1,229.33,0,1,Lost/Inactive,,1
15529,23,12,5111.95,2,0,Champions,3336.682143117096,0
15530,22,5,1813.72,0,3,New/Occasional,1044.460270170487,0
15531,8,2,2007.44,0,3,New/Occasional,3065.2844883175144,0
15532,25,10,3771.9,7,0,Champions,1992.1816545216243,0
15533,19,3,807.57,3,3,New/Occasional,1075.045104232112,0
15534,726,1,162.25,0,1,Lost/Inactive,-5.728627915032002,1
15535,173,6,1087.82,5,2,At-Risk,628.3710846782461,1
15536,409,1,259.09,0,1,Lost/Inactive,,1
15537,163,1,110.92,0,1,Lost/Inactive,,1
15538,538,6,3358.4,19,2,At-Risk,69.05814645854318,1
15539,7,1,538.46,0,3,New/Occasional,,0
15540,11,2,460.68,0,3,New/Occasional,303.17666716733123,0
15541,114,1,85.13000000000001,0,1,Lost/Inactive,,1
15542,512,3,918.45,2,2,At-Risk,224.10044068599493,1
15543,288,2,242.84,0,1,Lost/Inactive,129.34493384156372,1
15544,9,20,8162.43,6,0,Champions,3606.527240909711,0
15545,54,2,428.05,0,3,New/Occasional,223.83868124717063,0
15546,607,2,1079.1,6,2,At-Risk,-6.727025962516712,1
15547,7,26,10154.39,2,0,Champions,4126.806288293373,0
15548,596,1,158.09,0,1,Lost/Inactive,-6.837242202811275,1
15549,77,8,2345.96,1,2,At-Risk,1008.348274237487,1
15550,4,12,2218.8,3,0,Champions,938.500642622666,0
15551,37,7,1710.08,2,2,At-Risk,927.1301038849342,0
15552,217,2,252.52,0,1,Lost/Inactive,79.51770315374168,1
15553,60,1,437.23,0,3,New/Occasional,,0
15554,278,1,217.2,0,1,Lost/Inactive,,1
15555,12,36,12112.35,51,0,Champions,4806.5415718222,0
15556,24,1,279.77,0,3,New/Occasional,,0
15557,29,1,473.65,0,3,New/Occasional,,0
15558,639,1,214.13,1,1,Lost/Inactive,-6.416781086026346,1
15559,568,1,1109.4,0,1,Lost/Inactive,-7.123789924503463,1
15560,398,2,153.52,0,1,Lost/Inactive,,1
15561,12,8,1934.39,4,0,Champions,833.7387015584599,0
15562,352,3,673.3800000000001,0,2,At-Risk,170.77547358258954,1
15563,22,7,2867.0,5,0,Champions,1270.394931798988,0
15564,463,2,70.74000000000001,0,1,Lost/Inactive,25.467181429622023,1
15565,50,2,173.16000000000005,0,3,New/Occasional,363.5448951432251,0
15566,393,2,227.87,0,1,Lost/Inactive,63.69986273431793,1
15567,19,1,186.01,0,3,New/Occasional,,0
15568,3,3,758.29,0,3,New/Occasional,1787.7370953002232,0
15569,104,10,3586.35,0,2,At-Risk,1687.2158923963025,1
15570,7,25,9311.04,8,0,Champions,4333.60427760342,0
15571,12,14,4051.63,0,0,Champions,1761.2958161706554,0
15572,5,10,4068.67,0,0,Champions,2067.7658691775982,0
15573,32,5,1207.18,0,3,New/Occasional,471.14891625739216,0
15574,178,6,1518.7,1,2,At-Risk,966.282315844384,1
15575,620,1,30.1,0,1,Lost/Inactive,-6.601281572091574,1
15576,38,1,940.67,0,3,New/Occasional,,0
15577,151,5,397.98,0,2,At-Risk,145.72349906211514,1
15578,162,1,127.1,0,1,Lost/Inactive,,1
15579,69,5,1302.5,4,2,At-Risk,509.8247784635749,0
15580,377,8,1381.19,29,2,At-Risk,236.97920791861668,1
15581,121,38,7794.59,43,0,Champions,2574.1674606687698,1
15582,25,3,682.9100000000001,0,3,New/Occasional,623.2187946355182,0
15583,376,1,107.86,0,1,Lost/Inactive,,1
15584,24,6,1277.5,2,3,New/Occasional,487.222646532359,0
15585,177,1,455.3,0,1,Lost/Inactive,,1
15586,593,3,1139.1,1,2,At-Risk,114.95098339950768,1
15587,50,7,1522.08,0,2,At-Risk,908.0388584607116,0
15588,678,1,579.6,0,1,Lost/Inactive,-6.0932931425729375,1
15589,256,3,478.53,1,1,Lost/Inactive,344.9585578901,1
15590,382,5,1496.6,1,2,At-Risk,515.6681996017489,1
15591,583,3,217.9,0,1,Lost/Inactive,41.34366794030405,1
15592,47,1,388.58,0,3,New/Occasional,,0
15593,71,1,199.8,0,1,Lost/Inactive,,0
15594,16,5,1771.78,1,3,New/Occasional,2002.498460465722,0
15595,488,1,357.6,0,1,Lost/Inactive,,1
15596,101,9,3130.04,11,2,At-Risk,1613.687400634104,1
15597,35,2,563.37,1,3,New/Occasional,315.48407638488146,0
15598,53,2,548.02,2,3,New/Occasional,302.1947061170561,0
15599,27,3,1250.06,0,3,New/Occasional,703.0669504688543,0
15600,428,4,1199.31,3,2,At-Risk,308.4887553429704,1
15601,11,30,14960.12,8,0,Champions,6431.648869653298,0
15602,8,16,3230.51,12,0,Champions,1307.3973438824655,0
15603,79,2,88.48,1,1,Lost/Inactive,44.68734054254043,1
15604,52,1,216.39,0,1,Lost/Inactive,,0
15605,36,9,1936.8,1,0,Champions,876.6083946325723,0
15606,61,17,5230.99,14,0,Champions,2410.041804314808,0
15607,337,9,1708.97,6,2,At-Risk,335.37704576751884,1
15608,28,5,1785.98,0,3,New/Occasional,963.5906002370856,0
15609,184,1,298.48,2,1,Lost/Inactive,,1
15610,52,1,112.46,0,1,Lost/Inactive,,0
15611,10,26,2997.28,6,0,Champions,1306.2673462152509,0
15612,36,2,195.15,0,3,New/Occasional,587.5101878925504,0
15613,610,1,433.72,0,1,Lost/Inactive,-6.68782630848241,1
15614,438,4,3147.36,4,2,At-Risk,900.6012955976455,1
15615,10,47,21373.97,13,0,Champions,8847.943632869941,0
15616,438,1,317.11,0,1,Lost/Inactive,,1
15617,396,3,828.5500000000001,0,2,At-Risk,315.2592599321972,1
15618,33,4,776.851,4,3,New/Occasional,1268.9771502515518,0
15619,11,1,336.4,0,3,New/Occasional,,0
15620,57,4,1942.36,7,2,At-Risk,1375.9608412070825,0
15621,4,4,1293.03,2,3,New/Occasional,3910.903806683715,0
15622,43,17,7852.610000000001,36,0,Champions,3272.9281539264293,0
15623,141,8,2437.05,0,2,At-Risk,978.3827792429051,1
15624,117,4,588.13,0,2,At-Risk,498.1171381059559,1
15625,104,9,3236.4,6,2,At-Risk,1614.4594959133767,1
15626,75,3,1067.52,2,2,At-Risk,647.2334307417784,0
15627,457,2,566.9,0,1,Lost/Inactive,168.15966261148216,1
15628,5,17,5652.26,6,0,Champions,2387.3218297609064,0
15629,450,4,2240.9,0,2,At-Risk,385.6988774292387,1
15630,45,3,1481.4,1,3,New/Occasional,787.7910717171112,0
15631,642,1,596.67,0,1,Lost/Inactive,-6.389994774908239,1
15632,16,8,3285.31,10,0,Champions,3154.107297823624,0
15633,509,13,4352.46,8,2,At-Risk,1.0472312195931868,1
15634,17,2,554.65,0,3,New/Occasional,338.7847910780911,0
15635,396,1,100.35,0,1,Lost/Inactive,,1
15636,90,4,1444.58,0,2,At-Risk,699.913292984434,1
15637,53,5,797.59,0,3,New/Occasional,259.87169133800114,0
15638,379,6,2265.2,4,2,At-Risk,764.9895926950302,1
15639,134,3,1065.08,3,2,At-Risk,464.1650363327489,1
15640,4,29,23957.58,19,0,Champions,9862.615278467669,0
15641,105,12,5345.55,0,0,Champions,2297.754253699816,1
15642,730,1,105.78,0,1,Lost/Inactive,-5.700205148018591,1
15643,192,3,664.0,3,2,At-Risk,487.0746932666482,1
15644,166,4,813.0,0,2,At-Risk,712.9240867885349,1
15645,19,3,1055.17,1,3,New/Occasional,606.056179386403,0
15646,158,5,974.61,1,2,At-Risk,697.7300108067121,1
15647,415,1,169.0,0,1,Lost/Inactive,,1
15648,204,2,657.35,3,1,Lost/Inactive,496.0200851754143,1
15649,336,4,2170.35,0,2,At-Risk,412.0671940202113,1
15650,522,2,553.88,1,1,Lost/Inactive,106.88813616774036,1
15651,37,5,1259.06,0,3,New/Occasional,621.437194110756,0
15652,91,5,1420.34,1,2,At-Risk,938.6722544558816,1
15653,93,2,877.44,0,2,At-Risk,2406.208900014035,1
15654,9,2,922.53,0,3,New/Occasional,2161.877462941279,0
15655,243,1,560.6700000000001,3,1,Lost/Inactive,,1
15656,45,4,748.5,0,3,New/Occasional,608.4920170738831,0
15657,23,1,30.0,0,1,Lost/Inactive,,0
15658,190,8,2423.4700000000003,16,2,At-Risk,934.4737550483004,1
15659,44,3,532.49,0,3,New/Occasional,279.73029182231335,0
15660,25,15,2812.99,4,0,Champions,1316.405921514173,0
15661,317,8,1215.95,0,2,At-Risk,224.48109428985563,1
15662,661,2,283.73,0,1,Lost/Inactive,63.224328491732784,1
15663,106,1,138.14,0,1,Lost/Inactive,,1
15664,51,4,1254.03,4,3,New/Occasional,501.3552287322482,0
15665,168,5,4015.12,0,2,At-Risk,1903.3445993566213,1
15666,472,2,632.94,0,1,Lost/Inactive,100.5146781938669,1
15667,40,1,301.32000000000005,0,3,New/Occasional,,0
15668,218,1,76.32000000000001,0,1,Lost/Inactive,,1
15669,40,4,684.34,2,3,New/Occasional,622.095946510745,0
15670,297,2,325.2,1,1,Lost/Inactive,154.734667970947,1
15671,19,7,2657.13,3,0,Champions,2582.300114032044,0
15672,725,1,45.3,0,1,Lost/Inactive,-5.728627915032002,1
15673,88,9,6414.79,1,0,Champions,2867.14249414032,1
15674,73,13,6948.2300000000005,23,0,Champions,2884.6593863791204,0
15675,81,4,542.04,0,2,At-Risk,290.2485609815223,1
15676,19,3,3435.76,14,3,New/Occasional,3406.5486279178367,0
15677,49,3,1305.63,0,3,New/Occasional,856.1701742214428,0
15678,53,3,1893.89,0,2,At-Risk,928.457737394374,0
15679,24,4,781.28,0,3,New/Occasional,1023.9176008496344,0
15680,9,10,4507.58,2,0,Champions,1908.308752294462,0
15681,25,14,2989.7000000000003,15,0,Champions,1487.579814984708,0
15682,599,2,318.24,1,1,Lost/Inactive,82.26364727904462,1
15683,117,2,524.54,0,1,Lost/Inactive,218.9598358496736,1
15684,547,3,173.95,3,1,Lost/Inactive,25.434108390388744,1
15685,450,1,55.98,0,1,Lost/Inactive,,1
15686,420,1,90.0,0,1,Lost/Inactive,,1
15687,9,9,2993.1,2,0,Champions,2480.1174185452605,0
15688,419,1,190.57,0,1,Lost/Inactive,,1
15689,120,3,521.03,0,2,At-Risk,175.00095761750205,1
15690,4,2,239.76,0,3,New/Occasional,486.2726511390826,0
15691,252,4,571.3,1,2,At-Risk,208.98122210844505,1
15692,28,1,191.04,0,3,New/Occasional,,0
15693,659,1,37.5,0,1,Lost/Inactive,-6.242345564784637,1
15694,1,24,10810.81,8,0,Champions,4549.942829802295,0
15695,267,4,1131.04,0,2,At-Risk,467.8324705412144,1
15696,33,13,3906.57,16,0,Champions,1781.3442318460643,0
15697,690,1,246.75,0,1,Lost/Inactive,-5.997829224297223,1
15698,624,1,46.2,0,1,Lost/Inactive,-6.554165431715739,1
15699,18,1,309.65,0,3,New/Occasional,,0
15700,172,2,696.68,3,1,Lost/Inactive,12.460417853798509,1
15701,2,4,1542.14,0,3,New/Occasional,1645.8496625266075,0
15702,476,2,140.39,0,1,Lost/Inactive,73.3837843515113,1
15703,265,1,211.5,0,1,Lost/Inactive,,1
15704,140,6,3817.96,2,2,At-Risk,1797.7642829801916,1
15705,201,1,143.1,0,1,Lost/Inactive,,1
15706,64,4,1060.56,4,2,At-Risk,1327.0630956112288,0
15707,35,4,945.58,0,3,New/Occasional,2101.115717098918,0
15708,41,9,4378.72,13,0,Champions,2995.373644201855,0
15709,284,2,327.85,0,1,Lost/Inactive,116.62110915659134,1
15710,417,1,898.87,0,1,Lost/Inactive,,1
15711,557,2,420.25,0,1,Lost/Inactive,162.7161255804996,1
15712,9,12,3472.41,1,0,Champions,1440.111465344174,0
15713,143,4,1010.79,2,2,At-Risk,407.9213234793853,1
15714,12,5,784.8100000000001,0,3,New/Occasional,335.9254394623593,0
15715,556,5,658.02,0,2,At-Risk,60.1967545843892,1
15716,146,11,3056.81,0,2,At-Risk,1245.6132855306744,1
15717,234,5,607.0,0,2,At-Risk,301.7906570527441,1
15718,540,1,293.79,0,1,Lost/Inactive,,1
15719,33,31,10223.06,14,0,Champions,4203.263809183358,0
15720,24,2,741.92,0,3,New/Occasional,603.5264028991207,0
15721,12,1,507.08,0,3,New/Occasional,,0
15722,36,11,5258.1,16,0,Champions,2483.546159842764,0
15723,365,4,947.65,0,2,At-Risk,343.13321567861755,1
15724,201,3,310.85,3,1,Lost/Inactive,203.81437623680628,1
15725,15,1,415.25,0,3,New/Occasional,,0
15726,390,1,321.91,0,1,Lost/Inactive,,1
15727,17,15,9445.51,0,0,Champions,4027.872338074111,0
15728,380,2,544.6,4,1,Lost/Inactive,223.516458158356,1
15729,213,3,192.55,2,1,Lost/Inactive,109.42186958526544,1
15730,66,5,1726.58,4,2,At-Risk,1150.9464368166127,0
15731,554,1,125.3,0,1,Lost/Inactive,,1
15732,212,10,1682.07,3,2,At-Risk,653.1613386783986,1
15733,283,1,162.3,0,1,Lost/Inactive,,1
15734,115,4,2263.3,0,2,At-Risk,1329.6269093553954,1
15735,421,1,327.68,0,1,Lost/Inactive,,1
15736,435,2,1815.72,3,2,At-Risk,,1
15737,15,8,1205.12,9,3,New/Occasional,895.9327910105643,0
15738,19,41,13372.97,5,0,Champions,5641.3487571652,0
15739,66,1,449.12,0,3,New/Occasional,,0
15740,49,1,154.88,0,1,Lost/Inactive,,0
15741,458,2,208.62,0,1,Lost/Inactive,97.79434566437232,1
15742,619,1,156.87,0,1,Lost/Inactive,-6.601281572091574,1
15743,16,4,784.46,0,3,New/Occasional,781.9873237240897,0
15744,78,1,34.8,0,1,Lost/Inactive,,1
15745,19,4,1094.59,3,3,New/Occasional,1107.7854005017043,0
15746,134,1,196.88,1,1,Lost/Inactive,,1
15747,13,9,2562.61,1,0,Champions,1140.2432891539747,0
15748,40,3,614.76,0,3,New/Occasional,182.0296925151284,0
15749,235,3,44534.3,5,2,At-Risk,26731.99627301732,1
15750,3,18,6797.191,16,0,Champions,2881.8214042493933,0
15751,461,11,1380.44,4,2,At-Risk,146.05447247636272,1
15752,40,9,4207.54,1,0,Champions,2513.730648435374,0
15753,305,1,79.2,0,1,Lost/Inactive,,1
15754,51,9,3037.61,4,0,Champions,824.1520813628772,0
15755,10,17,5993.12,11,0,Champions,2499.4871892823503,0
15756,61,4,532.96,0,3,New/Occasional,542.6205419167486,0
15757,66,6,2940.36,0,2,At-Risk,1516.4305458816914,0
15758,25,1,205.25,0,3,New/Occasional,,0
15759,218,7,830.9300000000001,3,2,At-Risk,316.2043320987106,1
15760,631,2,13916.34,3,2,At-Risk,-6.498509336323326,1
15761,443,1,143.05,0,1,Lost/Inactive,,1
15762,65,2,583.75,0,3,New/Occasional,1025.5354002648169,0
15763,32,2,1086.92,2,3,New/Occasional,2337.818309425712,0
15764,88,8,4503.08,10,2,At-Risk,2553.4152689060675,1
15765,667,1,370.63,0,1,Lost/Inactive,-6.183519630186307,1
15766,64,3,831.0600000000001,2,3,New/Occasional,397.1083237682929,0
15768,116,34,15601.09,3,0,Champions,5202.909765767256,1
15769,7,46,88704.32,19,0,Champions,37397.30340802022,0
15770,613,1,321.45,0,1,Lost/Inactive,-6.668397908526397,1
15771,604,3,1006.54,0,2,At-Risk,144.45532415729392,1
15772,418,1,280.88,0,1,Lost/Inactive,,1
15773,6,2,774.52,0,3,New/Occasional,831.5536044181449,0
15774,69,6,1329.94,1,2,At-Risk,590.6787884873618,0
15775,245,2,150.5,0,1,Lost/Inactive,89.91108118319517,1
15776,133,1,241.62,0,1,Lost/Inactive,,1
15777,241,7,1762.61,2,2,At-Risk,941.085715779571,1
15778,431,1,307.95000000000005,0,1,Lost/Inactive,,1
15779,463,2,124.08,0,1,Lost/Inactive,34.77478564811935,1
15780,184,3,475.28,0,1,Lost/Inactive,304.7911535858506,1
15781,25,3,345.46000000000004,1,3,New/Occasional,334.8003365503437,0
15782,10,4,4014.1,2,3,New/Occasional,2237.205148850426,0
15783,11,1,246.3,0,3,New/Occasional,,0
15784,468,2,848.33,0,1,Lost/Inactive,247.9912824432246,1
15785,33,16,5969.93,19,0,Champions,2565.8306783457274,0
15786,46,5,8514.82,16,0,Champions,4723.083868635281,0
15787,26,3,948.05,0,3,New/Occasional,2133.32361283577,0
15788,509,1,221.83,1,1,Lost/Inactive,,1
15789,358,6,1962.01,2,2,At-Risk,665.7003882389819,1
15790,10,1,220.85,0,3,New/Occasional,,0
15791,44,5,3608.34,13,2,At-Risk,1872.417757575367,0
15792,400,2,933.84,0,1,Lost/Inactive,337.9515550958753,1
15793,15,8,2399.57,1,0,Champions,980.1923328709826,0
15794,736,2,777.0,0,1,Lost/Inactive,14.35814984748829,1
15795,150,8,1979.87,0,2,At-Risk,914.4863802531904,1
15796,1,17,5175.83,7,0,Champions,2577.6567491692026,0
15797,113,6,2821.08,0,2,At-Risk,1293.7678832728925,1
15798,493,3,1535.37,0,2,At-Risk,503.2303841854639,1
15799,76,4,1424.29,0,2,At-Risk,766.5283817711298,1
15800,107,7,1242.58,0,2,At-Risk,538.0539680997956,1
15801,46,3,1063.95,5,3,New/Occasional,2393.5459543432107,0
15802,143,1,451.42,2,1,Lost/Inactive,,1
15803,51,4,1929.66,0,2,At-Risk,758.3956007079644,0
15804,1,13,4206.39,11,0,Champions,4960.505837416605,0
15805,23,30,10189.23,27,0,Champions,4168.636311335674,0
15806,46,3,784.58,0,3,New/Occasional,661.1818911479037,0
15807,50,5,1817.52,1,2,At-Risk,820.5950505936999,0
15808,306,21,18409.93,16,0,Champions,145.49085054949725,1
15809,36,7,1274.44,9,2,At-Risk,696.7829585171135,0
15810,79,8,2999.04,27,2,At-Risk,1345.8536279504096,1
15811,22,7,3890.52,6,0,Champions,2088.5323423318955,0
15812,107,12,5201.47,1,0,Champions,2193.885099184444,1
15813,208,2,1303.91,0,2,At-Risk,762.9373858662267,1
15814,17,6,2634.44,2,0,Champions,1407.067614718309,0
15815,64,5,2100.6,0,2,At-Risk,2019.0912867245704,0
15816,542,2,144.15,1,1,Lost/Inactive,,1
15817,421,3,2766.4,0,2,At-Risk,887.5931277069109,1
15818,588,1,340.5,0,1,Lost/Inactive,-6.9092871919777386,1
15819,49,10,3934.79,4,0,Champions,1818.3541317681136,0
15820,320,1,206.98,0,1,Lost/Inactive,,1
15821,44,2,570.96,0,3,New/Occasional,1427.4133714827612,0
15822,3,6,1840.06,7,3,New/Occasional,666.5325639588544,0
15823,372,3,3897.17,19,2,At-Risk,55.1892688253732,1
15824,453,2,890.94,0,1,Lost/Inactive,304.7509595155913,1
15825,172,1,532.94,0,1,Lost/Inactive,,1
15826,56,4,2598.28,2,2,At-Risk,1225.058531604386,0
15827,73,28,3794.07,36,0,Champions,1593.7948889177717,0
15828,375,1,1108.82,0,1,Lost/Inactive,,1
15829,99,2,636.14,0,3,New/Occasional,814.9956386840619,1
15830,38,1,576.0,2,3,New/Occasional,,0
15831,58,3,801.76,1,3,New/Occasional,588.4603863247551,0
15832,254,1,836.79,0,1,Lost/Inactive,,1
15833,738,1,80.4,0,1,Lost/Inactive,-5.644199783353973,1
15834,70,7,3772.99,5,2,At-Risk,2133.353268068518,0
15835,44,4,954.09,0,3,New/Occasional,695.6635536836,0
15836,50,1,137.37,2,1,Lost/Inactive,,0
15837,65,2,777.01,0,3,New/Occasional,437.6839325391405,0
15838,11,34,74163.0,5,0,Champions,32162.12838579353,0
15839,33,3,1048.49,3,3,New/Occasional,1619.1054744563644,0
15840,59,2,355.56,1,3,New/Occasional,290.4377628016971,0
15841,73,9,2742.41,4,2,At-Risk,1130.4464095310918,0
15842,393,2,548.8000000000001,3,1,Lost/Inactive,289.8949329012991,1
15843,304,1,118.95,0,1,Lost/Inactive,,1
15844,46,1,130.73999999999998,0,1,Lost/Inactive,,0
15845,18,11,4426.28,11,0,Champions,2036.704808645477,0
15846,385,1,107.01,0,1,Lost/Inactive,,1
15847,38,5,822.57,0,3,New/Occasional,422.7202771438383,0
15848,622,1,139.94,0,1,Lost/Inactive,-6.582353775911303,1
15850,19,6,1058.72,0,3,New/Occasional,468.6819435084056,0
15851,527,1,109.73,0,1,Lost/Inactive,,1
15852,187,3,257.26,0,1,Lost/Inactive,124.88740460673796,1
15853,52,1,110.8,0,1,Lost/Inactive,,0
15854,4,21,5583.81,0,0,Champions,2201.0674082027376,0
15855,137,6,1052.72,0,2,At-Risk,491.7797518233934,1
15856,4,52,34220.340000000004,11,0,Champions,14181.995956129866,0
15857,19,2,570.48,0,3,New/Occasional,373.4527411885253,0
15858,16,13,3960.37,2,0,Champions,1669.9824350151252,0
15859,432,1,438.46,0,1,Lost/Inactive,,1
15860,41,17,2505.21,0,0,Champions,1011.6077586576192,0
15861,12,12,4401.79,6,0,Champions,1951.0718770033263,0
15862,8,13,2928.29,0,0,Champions,1087.7528200050056,0
15863,26,5,358.7,0,3,New/Occasional,112.91910670017828,0
15864,22,7,2180.76,4,0,Champions,1637.8456423093253,0
15865,41,5,2248.92,0,2,At-Risk,802.4330852653303,0
15866,101,1,230.53,0,1,Lost/Inactive,,1
15867,5,31,9063.95,9,0,Champions,3679.110613779997,0
15868,583,1,94.53,0,1,Lost/Inactive,-6.961688070923086,1
15869,277,3,323.66,0,1,Lost/Inactive,125.47075764418943,1
15870,33,4,862.61,0,3,New/Occasional,454.2649708951385,0
15871,437,1,33.099999999999994,0,1,Lost/Inactive,,1
15872,15,4,795.68,0,3,New/Occasional,518.5089218401813,0
15873,500,4,313.92,3,1,Lost/Inactive,43.188106063622094,1
15874,64,21,11284.76,28,0,Champions,4871.0521629793375,0
15875,646,1,111.72,0,1,Lost/Inactive,-6.354626794458289,1
15876,409,2,1449.14,0,2,At-Risk,441.31234036980186,1
15877,2,2,493.28,2,3,New/Occasional,1866.2433946533893,0
15878,562,2,330.77,0,1,Lost/Inactive,64.77559552860819,1
15879,404,4,1157.3,0,2,At-Risk,451.0150175409635,1
15880,369,1,686.56,2,1,Lost/Inactive,,1
15881,312,5,501.39,3,2,At-Risk,224.09183799855853,1
15882,199,8,1495.98,3,2,At-Risk,619.3119467687209,1
15883,2,2,396.48,0,3,New/Occasional,1573.576669287325,0
15884,432,2,249.7,1,1,Lost/Inactive,7.554935276709254,1
15885,93,15,1951.82,7,2,At-Risk,840.8689054922261,1
15886,60,4,1052.87,0,2,At-Risk,537.7879173807307,0
15887,407,3,1027.15,0,2,At-Risk,306.7080183031379,1
15888,81,3,429.16,2,3,New/Occasional,276.1706467374637,1
15889,157,8,1806.28,2,2,At-Risk,693.5066623451753,1
15890,395,5,535.65,0,2,At-Risk,152.5710709115098,1
15891,227,1,524.52,0,1,Lost/Inactive,,1
15892,669,1,128.2,0,1,Lost/Inactive,-6.158647629496283,1
15893,482,1,305.28000000000003,0,1,Lost/Inactive,,1
15894,253,2,420.29,0,1,Lost/Inactive,126.81898120188283,1
15895,150,1,179.17,0,1,Lost/Inactive,,1
15897,194,2,222.05,0,1,Lost/Inactive,,1
15898,1,25,5596.31,6,0,Champions,2271.174326970633,0
15899,369,1,112.5,0,1,Lost/Inactive,,1
15900,24,4,900.4,1,3,New/Occasional,518.3354541776924,0
15901,17,7,703.22,2,3,New/Occasional,320.3814248836947,0
15902,380,1,145.01,0,1,Lost/Inactive,,1
15903,10,12,8939.84,3,0,Champions,4210.562998834665,0
15904,8,1,164.68,0,3,New/Occasional,,0
15905,543,1,114.69,0,1,Lost/Inactive,,1
15906,20,10,2555.64,4,0,Champions,1758.0761839440704,0
15907,4,3,967.45,0,3,New/Occasional,1221.759693851626,0
15908,491,2,764.57,0,1,Lost/Inactive,234.59181110399268,1
15909,174,1,191.94,0,1,Lost/Inactive,,1
15910,1,15,2681.8,0,0,Champions,1215.0753514862777,0
15911,624,8,1702.34,2,2,At-Risk,2.834938708526477,1
15912,178,9,1074.7,0,2,At-Risk,304.5057600862601,1
15913,534,1,6.300000000000001,0,1,Lost/Inactive,,1
15914,378,2,205.99,0,1,Lost/Inactive,,1
15915,402,1,429.21,0,1,Lost/Inactive,,1
15916,16,13,3427.17,15,0,Champions,1367.582685918382,0
15917,248,5,560.63,0,2,At-Risk,230.9580555852396,1
15918,191,3,582.88,0,2,At-Risk,220.70327530308612,1
15919,20,2,910.61,0,3,New/Occasional,527.9722671541845,0
15920,154,9,571.64,0,2,At-Risk,225.8577006533775,1
15921,173,4,802.11,0,2,At-Risk,412.0919005645415,1
15922,373,1,739.0,2,1,Lost/Inactive,,1
15923,373,1,254.16,0,1,Lost/Inactive,,1
15924,731,1,102.82,0,1,Lost/Inactive,-5.686099569348275,1
15925,194,1,207.15,0,1,Lost/Inactive,,1
15926,542,1,134.44,0,1,Lost/Inactive,,1
15927,647,1,123.39,0,1,Lost/Inactive,-6.345846092405333,1
15928,656,1,293.53,0,1,Lost/Inactive,-6.267901844768549,1
15929,644,1,594.0,0,1,Lost/Inactive,-6.372261544901054,1
15930,67,1,426.63,0,1,Lost/Inactive,,0
15931,428,1,239.9,0,1,Lost/Inactive,,1
15932,4,8,2495.87,4,0,Champions,2283.1599100079725,0
15933,21,3,1107.46,0,3,New/Occasional,2115.607340329605,0
15934,418,2,2190.66,0,2,At-Risk,284.37386159810893,1
15935,239,2,416.86,22,1,Lost/Inactive,119.94205663096244,1
15936,379,2,282.79,0,1,Lost/Inactive,88.72412551563292,1
15937,64,1,145.35000000000002,0,1,Lost/Inactive,,0
15938,112,9,734.8100000000001,0,2,At-Risk,360.5056639074623,1
15939,90,16,9060.39,1,0,Champions,4482.386869285316,1
15940,311,1,35.8,2,1,Lost/Inactive,,1
15941,637,1,405.0,4,1,Lost/Inactive,-6.434764164192352,1
15942,134,1,337.44,0,1,Lost/Inactive,,1
15943,650,2,271.29,0,1,Lost/Inactive,38.36217237557373,1
15944,277,4,2164.24,0,2,At-Risk,795.1964605157289,1
15945,365,4,827.27,0,2,At-Risk,326.36163040252467,1
15946,503,3,2304.18,0,2,At-Risk,671.989593889178,1
15947,83,1,1708.24,0,3,New/Occasional,,1
15948,8,3,1509.09,0,3,New/Occasional,920.9564850719815,0
15949,17,2,364.72,0,3,New/Occasional,575.331614292254,0
15950,32,10,7180.71,7,0,Champions,3224.955161236004,0
15951,9,3,1013.17,2,3,New/Occasional,748.8062353591358,0
15952,34,4,806.57,0,3,New/Occasional,830.312819938475,0
15953,15,18,3669.55,6,0,Champions,1444.1705697302386,0
15954,589,1,190.75,0,1,Lost/Inactive,-6.898901886930485,1
15955,24,22,8658.36,6,0,Champions,4024.481574247906,0
15956,551,2,617.6,0,1,Lost/Inactive,159.58023617128504,1
15957,32,3,930.1,0,3,New/Occasional,546.1500765781117,0
15958,74,4,492.99,0,3,New/Occasional,283.44625674993495,0
15959,682,3,579.49,0,1,Lost/Inactive,-6.053148487918491,1
15960,374,4,410.95,1,1,Lost/Inactive,55.31216261661788,1
15961,379,1,451.29,0,1,Lost/Inactive,,1
15962,449,1,295.83,0,1,Lost/Inactive,,1
15963,20,2,470.76,0,3,New/Occasional,1038.5636155384316,0
15964,663,1,272.96000000000004,0,1,Lost/Inactive,-6.208593992900502,1
15965,17,13,3013.09,2,0,Champions,1284.0765514501925,0
15966,451,1,426.53,5,1,Lost/Inactive,,1
15967,23,12,3041.6,4,0,Champions,1298.801473545279,0
15968,388,1,418.05,0,1,Lost/Inactive,,1
15969,3,5,1127.05,1,3,New/Occasional,701.7478135407587,0
15970,304,2,1017.32,0,2,At-Risk,263.71512461952904,1
15971,18,18,5902.83,3,0,Champions,2526.1499038728066,0
15972,456,5,1810.27,0,2,At-Risk,307.3549357316129,1
15973,367,3,988.44,2,2,At-Risk,456.1046517715116,1
15974,39,7,3442.15,1,0,Champions,2830.0130263795604,0
15975,84,1,371.01,0,1,Lost/Inactive,,1
15976,165,6,1746.64,0,2,At-Risk,929.8461393293644,1
15977,17,2,1054.73,0,3,New/Occasional,3975.095309234582,0
15978,77,3,3279.42,2,2,At-Risk,1768.436399961163,1
15979,603,1,329.22,0,1,Lost/Inactive,-6.766689536921489,1
15980,89,7,6593.68,2,2,At-Risk,2980.2819126922777,1
15981,25,21,9362.77,7,0,Champions,4555.112805102938,0
15982,605,1,324.51,0,1,Lost/Inactive,-6.736898042404881,1
15983,22,8,3958.82,0,0,Champions,1714.4887672482027,0
15984,3,30,8759.32,6,0,Champions,3641.1625591875054,0
15985,123,7,2715.28,1,2,At-Risk,1348.6080443484057,1
15986,30,2,354.42,0,3,New/Occasional,235.5154926753922,0
15987,12,8,1682.13,0,0,Champions,1332.3081217754832,0
15988,19,3,770.09,0,3,New/Occasional,329.8572974483303,0
15989,376,2,372.51,0,1,Lost/Inactive,159.31241413625523,1
15990,44,7,2010.05,0,2,At-Risk,959.8073007996746,0
15991,534,1,150.55,0,1,Lost/Inactive,,1
15992,4,3,896.6,0,3,New/Occasional,526.1748840417208,0
15993,9,7,2797.57,8,0,Champions,5448.392634635649,0
15994,55,3,1202.18,2,3,New/Occasional,536.7659172616752,0
15995,414,1,696.19,0,1,Lost/Inactive,,1
15996,88,7,1686.9,1,2,At-Risk,1058.4129147618544,1
15998,37,16,8308.34,10,0,Champions,3345.822143578319,0
15999,736,1,20.4,0,1,Lost/Inactive,-5.658097402982987,1
16000,3,3,12393.7,0,0,Champions,,0
16001,381,1,583.39,10,1,Lost/Inactive,,1
16002,625,1,169.21,0,1,Lost/Inactive,-6.544823077016814,1
16003,30,10,5613.83,0,0,Champions,2430.3747518568566,0
16004,475,5,2146.39,0,2,At-Risk,569.5072196120706,1
16005,12,10,2436.22,1,0,Champions,1547.7762045668658,0
16006,211,2,347.17,0,1,Lost/Inactive,126.56726984351316,1
16007,48,7,3075.14,0,2,At-Risk,1683.4251007632768,0
16008,24,15,5384.13,0,0,Champions,2588.8636305824352,0
16009,22,4,992.71,0,3,New/Occasional,992.7456223375302,0
16010,246,11,1724.06,1,2,At-Risk,169.14578164851562,1
16011,8,29,5880.46,2,0,Champions,2442.2584953234764,0
16012,35,5,2989.79,0,2,At-Risk,1357.4669485938462,0
16013,4,84,57446.44,31,0,Champions,24066.09061528379,0
16014,38,5,1130.27,3,3,New/Occasional,472.9872880983552,0
16015,4,3,705.39,2,3,New/Occasional,1650.228904740547,0
16016,3,11,2533.94,5,0,Champions,1758.7124718940631,0
16017,47,5,1553.83,0,2,At-Risk,506.38764447655234,0
16018,39,4,698.13,0,3,New/Occasional,268.9702153730785,0
16019,47,27,17465.85,15,0,Champions,7259.039789695415,0
16020,17,3,851.01,0,3,New/Occasional,1536.490850297569,0
16021,395,2,532.25,0,1,Lost/Inactive,292.1100423668385,1
16022,260,1,628.28,0,1,Lost/Inactive,,1
16023,46,3,719.81,0,3,New/Occasional,761.0991035546481,0
16024,12,3,484.2,0,3,New/Occasional,329.5710107880968,0
16025,30,1,439.66,0,3,New/Occasional,,0
16026,43,1,236.09,0,3,New/Occasional,,0
16027,92,15,2048.36,3,2,At-Risk,880.0086608630342,1
16028,596,1,82.2,0,1,Lost/Inactive,-6.837242202811275,1
16029,39,107,122209.14,37,0,Champions,49563.5070052973,0
16030,310,1,331.24,0,1,Lost/Inactive,,1
16031,92,2,548.94,0,3,New/Occasional,459.6458246436056,1
16032,456,6,1970.45,0,2,At-Risk,19.396179225334446,1
16033,6,27,10836.13,17,0,Champions,6598.374171645358,0
16034,196,6,928.72,1,2,At-Risk,480.41123214901495,1
16035,560,1,217.73,0,1,Lost/Inactive,-7.213382267708189,1
16036,87,4,2556.84,0,2,At-Risk,1049.2576923257548,1
16037,270,5,1509.34,2,2,At-Risk,591.3514390802878,1
16038,8,3,471.78,2,3,New/Occasional,277.6265964080562,0
16039,424,2,456.4,1,1,Lost/Inactive,222.56957046111296,1
16040,65,7,2416.9,3,2,At-Risk,1141.2648623441244,0
16041,31,3,3166.4,0,3,New/Occasional,1246.5681151449562,0
16042,22,8,2265.12,11,0,Champions,1211.0836817961094,0
16043,38,8,1856.59,0,2,At-Risk,905.767700981141,0
16044,435,1,340.84000000000003,0,1,Lost/Inactive,,1
16045,120,8,3434.93,11,2,At-Risk,1608.359901807662,1
16046,562,1,235.78,0,1,Lost/Inactive,-7.19077274684045,1
16047,682,1,107.14,0,1,Lost/Inactive,-6.053148487918491,1
16048,373,4,1075.23,2,2,At-Risk,511.7400284966374,1
16049,40,6,1899.68,0,2,At-Risk,1110.9670651248407,0
16050,174,3,300.7,0,1,Lost/Inactive,201.56726709601756,1
16051,682,1,188.44,0,1,Lost/Inactive,-6.061134912759288,1
16052,54,1,362.06,0,3,New/Occasional,,0
16053,33,6,3634.84,3,0,Champions,1782.6905937209578,0
16054,145,4,2111.88,5,2,At-Risk,1010.4471495157512,1
16055,221,1,134.8,0,1,Lost/Inactive,,1
16056,45,1,664.85,0,3,New/Occasional,,0
16057,16,10,3854.85,47,0,Champions,1691.3852595026635,0
16058,406,1,62.7,0,1,Lost/Inactive,,1
16059,66,12,3217.77,0,0,Champions,1681.042354711538,0
16060,401,3,541.95,0,1,Lost/Inactive,93.81246941441977,1
16061,431,1,89.65,2,1,Lost/Inactive,,1
16062,10,8,2863.45,0,0,Champions,1463.1283189209944,0
16063,260,1,335.32,0,1,Lost/Inactive,,1
16064,725,1,111.0,0,1,Lost/Inactive,-5.728627915032002,1
16065,365,8,2382.62,2,2,At-Risk,153.09519920001657,1
16066,17,5,1521.87,0,3,New/Occasional,2519.421401214363,0
16067,563,3,3395.29,9,2,At-Risk,404.30408986354433,1
16068,594,1,122.93,0,1,Lost/Inactive,-6.857672146575975,1
16069,418,1,457.7,0,1,Lost/Inactive,,1
16070,22,2,852.15,0,3,New/Occasional,1009.6548085749544,0
16071,45,4,1076.8,0,3,New/Occasional,479.365029402798,0
16072,288,4,4328.89,0,2,At-Risk,1686.9168611941052,1
16073,297,1,122.4,1,1,Lost/Inactive,,1
16074,390,1,265.25,0,1,Lost/Inactive,,1
16075,503,2,736.9300000000001,1,1,Lost/Inactive,135.4426609700383,1
16076,3,10,2234.73,2,0,Champions,2582.9763816902678,0
16077,626,1,2300.4,1,2,At-Risk,-6.544823077016814,1
16078,284,2,362.99,0,1,Lost/Inactive,64.29986688132013,1
16079,17,3,1352.0,0,3,New/Occasional,3662.780215883453,0
16080,82,4,602.5600000000001,3,2,At-Risk,242.67169296992648,1
16081,56,8,4460.18,0,0,Champions,2186.2818467704,0
16082,670,1,106.75,0,1,Lost/Inactive,-6.150401508035591,1
16083,101,4,2351.42,0,2,At-Risk,1496.5600121300358,1
16084,299,1,436.18,0,1,Lost/Inactive,,1
16085,23,12,2343.53,2,0,Champions,995.6645122968248,0
16086,59,10,2864.99,1,0,Champions,1167.9510771308692,0
16087,389,5,1739.92,0,2,At-Risk,543.8820746170401,1
16088,576,2,1437.43,0,2,At-Risk,203.06615431333603,1
16089,386,2,271.44,0,1,Lost/Inactive,93.40933300540718,1
16090,624,1,205.91,0,1,Lost/Inactive,-6.554165431715739,1
16091,155,2,315.06,0,1,Lost/Inactive,301.8895746764576,1
16092,115,6,1587.94,4,2,At-Risk,684.0605211317965,1
16093,107,1,17.0,0,1,Lost/Inactive,,1
16094,12,11,3695.56,15,0,Champions,1835.6618772018276,0
16095,456,1,447.05,0,1,Lost/Inactive,,1
16096,264,4,1584.97,0,2,At-Risk,560.6484810981627,1
16097,240,1,185.05,0,1,Lost/Inactive,,1
16098,88,14,4448.1,0,0,Champions,1908.1882871573223,1
16099,50,7,1573.2,1,2,At-Risk,764.2168666960814,0
16100,463,1,582.64,0,1,Lost/Inactive,,1
16101,71,4,3229.16,8,2,At-Risk,1617.6153260910132,0
16102,42,3,1842.14,0,3,New/Occasional,2359.919653829927,0
16103,7,22,6191.71,7,0,Champions,2729.0083481082047,0
16104,62,9,2778.61,9,2,At-Risk,972.504369737149,0
16105,249,5,2386.19,0,2,At-Risk,979.896481797526,1
16106,66,1,108.38,0,1,Lost/Inactive,,0
16107,18,7,3204.1600000000003,0,0,Champions,4030.241453186054,0
16108,85,4,2235.92,8,2,At-Risk,1154.6820579472458,1
16109,219,3,939.48,1,2,At-Risk,365.91178209770175,1
16110,45,4,1819.27,0,2,At-Risk,963.205347506701,0
16111,428,1,562.48,0,1,Lost/Inactive,,1
16112,143,4,195.74,0,1,Lost/Inactive,124.70817801296488,1
16113,183,1,161.38,0,1,Lost/Inactive,,1
16114,171,1,135.75000000000003,0,1,Lost/Inactive,,1
16115,10,12,2575.14,0,0,Champions,1337.8625161770758,0
16116,212,1,612.78,1,1,Lost/Inactive,,1
16117,190,3,654.4,1,2,At-Risk,361.98716883516977,1
16118,653,1,4376.25,6,2,At-Risk,-6.302305263938203,1
16119,8,8,1720.81,0,0,Champions,729.1968296575607,0
16120,59,6,3056.91,2,2,At-Risk,1636.4109350647773,0
16121,57,5,1477.09,1,2,At-Risk,886.0662396011571,0
16122,73,6,1001.34,0,2,At-Risk,693.0233227181316,0
16123,52,1,307.78000000000003,0,3,New/Occasional,,0
16124,317,4,1772.49,6,2,At-Risk,639.2601059339802,1
16125,367,14,4587.65,0,2,At-Risk,84.42079157912846,1
16126,29,15,14646.8,0,0,Champions,6376.55247996582,0
16127,39,2,801.3100000000001,0,3,New/Occasional,514.6566193400273,0
16128,18,11,3801.05,5,0,Champions,2194.258957716401,0
16129,407,3,1396.05,0,2,At-Risk,444.5811478033049,1
16130,422,4,987.48,0,2,At-Risk,305.5969189147589,1
16131,52,12,9957.42,6,0,Champions,4002.469846819252,0
16132,544,2,664.1999999999999,0,1,Lost/Inactive,150.66123032912307,1
16133,4,56,22992.26,39,0,Champions,11110.258947242535,0
16134,22,5,2145.34,4,3,New/Occasional,822.1397555096557,0
16135,263,2,819.45,0,1,Lost/Inactive,453.8486165650154,1
16136,60,4,946.8,2,2,At-Risk,413.483419933582,0
16137,680,1,422.7,0,1,Lost/Inactive,-6.069142505936981,1
16138,379,3,910.35,2,2,At-Risk,228.435899298796,1
16139,19,5,1111.15,0,3,New/Occasional,380.6149098294565,0
16140,66,3,1557.6,2,2,At-Risk,783.1552160698343,0
16141,88,2,955.94,0,2,At-Risk,777.1610580321152,1
16142,250,1,535.34,0,1,Lost/Inactive,,1
16143,3,12,4910.83,5,0,Champions,2087.3874837462768,0
16144,247,1,175.2,0,1,Lost/Inactive,,1
16145,9,19,6805.4400000000005,22,0,Champions,3205.179335329531,0
16146,157,4,946.38,0,2,At-Risk,580.1637517785313,1
16147,134,5,2398.91,4,2,At-Risk,924.077588923584,1
16148,296,2,386.62,3,1,Lost/Inactive,79.09929348923777,1
16149,5,3,422.22,0,3,New/Occasional,270.39234045095094,0
16150,43,10,4395.59,35,0,Champions,1869.6535998427912,0
16152,269,1,1829.04,0,2,At-Risk,,1
16153,50,11,5133.49,3,0,Champions,2140.135198012854,0
16155,382,5,796.9,2,2,At-Risk,239.70268835694748,1
16156,9,20,6218.18,17,0,Champions,2589.007197485424,0
16157,16,3,656.69,1,3,New/Occasional,1644.6488399035195,0
16158,522,9,628.32,1,2,At-Risk,8.804818128583893,1
16159,282,4,1232.79,1,2,At-Risk,456.5038861521789,1
16160,65,2,1025.44,2,3,New/Occasional,822.3275434258928,0
16161,2,43,12831.8,44,0,Champions,5872.622684861645,0
16162,252,1,37.4,0,1,Lost/Inactive,,1
16163,232,6,2849.58,12,2,At-Risk,940.2238336676184,1
16164,17,3,822.48,1,3,New/Occasional,2461.543956128139,0
16165,505,1,79.9,0,1,Lost/Inactive,,1
16166,428,2,435.83,4,1,Lost/Inactive,134.80684128013624,1
16167,414,5,1386.12,8,2,At-Risk,387.6072771168814,1
16168,11,66,10636.47,13,0,Champions,4434.658937344624,0
16169,8,4,1822.97,0,3,New/Occasional,3677.786660011162,0
16170,51,20,6869.0,12,0,Champions,3133.731350150545,0
16171,59,1,73.19999999999999,0,1,Lost/Inactive,,0
16172,95,8,1884.55,0,2,At-Risk,1206.3743590256126,1
16173,16,6,1418.32,3,3,New/Occasional,2312.0040542609418,0
16174,126,7,2246.75,0,2,At-Risk,1132.6115080889006,1
16175,94,7,1836.44,0,2,At-Risk,920.3871249726752,1
16176,421,4,2052.69,9,2,At-Risk,523.8671003627898,1
16177,50,8,2247.31,10,2,At-Risk,1011.5851941464188,0
16178,138,2,612.6,0,1,Lost/Inactive,252.5545168016301,1
16179,61,1,215.83,0,1,Lost/Inactive,,0
16180,100,13,16249.87,20,0,Champions,8331.247969268625,1
16181,73,1,305.54,0,1,Lost/Inactive,,0
16182,72,9,9971.65,0,0,Champions,4902.321910147575,0
16183,67,4,1077.81,0,2,At-Risk,555.1829841851128,0
16184,64,6,1158.79,1,2,At-Risk,1365.089268896803,0
16185,17,3,644.72,0,3,New/Occasional,398.7135678003066,0
16186,23,26,9026.11,7,0,Champions,3767.269052579255,0
16187,32,15,6911.4400000000005,2,0,Champions,6370.352061882159,0
16188,45,5,1087.66,1,3,New/Occasional,828.1679090651346,0
16189,16,2,215.48,0,3,New/Occasional,297.89076167055543,0
16190,40,8,2723.55,0,0,Champions,1190.8142193189587,0
16191,3,24,15688.02,23,0,Champions,6805.290217150328,0
16192,736,1,351.3,0,1,Lost/Inactive,-5.658097402982987,1
16193,237,2,630.4300000000001,0,1,Lost/Inactive,358.29824349307955,1
16194,375,1,308.6,0,1,Lost/Inactive,,1
16195,723,1,323.25,0,1,Lost/Inactive,-5.742946166673313,1
16196,489,1,93.3,0,1,Lost/Inactive,,1
16197,469,9,2016.71,0,2,At-Risk,51.86947726887133,1
16198,75,2,1030.0410000000002,0,3,New/Occasional,486.7767276849483,0
16199,392,7,942.75,0,2,At-Risk,153.44835690433777,1
16200,4,12,5643.45,1,0,Champions,2113.639385809988,0
16201,3,5,2112.12,4,3,New/Occasional,1557.2701634547698,0
16202,361,9,2501.99,2,2,At-Risk,723.6448517007924,1
16203,59,6,1114.54,1,2,At-Risk,564.6370039000512,0
16204,23,3,944.24,1,3,New/Occasional,434.9300897312749,0
16205,31,7,1830.61,0,2,At-Risk,1003.8759847670312,0
16206,55,13,2602.32,1,0,Champions,1079.7396655049909,0
16207,25,1,394.38,0,3,New/Occasional,,0
16208,45,10,3440.4500000000003,0,0,Champions,1576.455684279052,0
16209,89,9,4146.78,0,2,At-Risk,2006.37194635308,1
16210,2,35,38489.51,3,0,Champions,16245.015778040228,0
16211,89,3,1090.59,1,2,At-Risk,780.6802089247009,1
16212,19,4,1293.71,2,3,New/Occasional,598.0457174769232,0
16213,79,1,159.0,0,1,Lost/Inactive,,1
16214,171,4,2038.25,0,2,At-Risk,849.0085367498957,1
16215,81,1,242.35,0,1,Lost/Inactive,,1
16216,267,1,914.93,0,1,Lost/Inactive,,1
16217,235,2,304.25,4,1,Lost/Inactive,157.14520190891366,1
16218,30,13,4439.97,22,0,Champions,2473.2871563069043,0
16219,501,1,40.8,0,1,Lost/Inactive,,1
16221,37,9,2235.51,2,0,Champions,1290.0409256032567,0
16222,318,2,1345.22,0,2,At-Risk,611.6837056448437,1
16223,375,2,1102.35,0,2,At-Risk,320.4832369893904,1
16224,57,5,1616.54,0,2,At-Risk,1137.4102657596225,0
16225,45,15,2867.41,5,0,Champions,1300.386270435008,0
16226,203,5,672.17,0,2,At-Risk,250.76305660254025,1
16227,225,3,1027.22,7,2,At-Risk,521.1414312072429,1
16228,385,3,890.81,1,2,At-Risk,252.84434720747797,1
16229,87,6,2867.86,4,2,At-Risk,1491.364125162231,1
16230,190,2,542.03,0,1,Lost/Inactive,421.0164343503145,1
16231,379,4,1078.22,0,2,At-Risk,366.0786297529767,1
16232,44,7,2712.97,3,2,At-Risk,1278.3649918127996,0
16233,71,9,1965.71,6,2,At-Risk,763.5304100040229,0
16234,476,3,333.18,1,1,Lost/Inactive,81.21624653305632,1
16235,41,9,2053.71,7,0,Champions,943.1225053547992,0
16236,78,1,432.2,0,1,Lost/Inactive,,1
16237,437,1,136.65,0,1,Lost/Inactive,,1
16238,423,1,63.66,0,1,Lost/Inactive,,1
16239,57,6,1492.2,2,2,At-Risk,896.541793536801,0
16240,24,2,3718.8,7,3,New/Occasional,7891.496543627994,0
16241,10,16,4329.31,0,0,Champions,2930.5907498998376,0
16242,8,14,7474.400000000001,9,0,Champions,3547.4335495840314,0
16243,34,2,409.1,0,3,New/Occasional,954.000183602155,0
16244,212,2,2579.38,0,2,At-Risk,579.4872213560387,1
16245,24,3,1413.66,3,3,New/Occasional,1395.7414451586385,0
16246,460,2,827.25,0,1,Lost/Inactive,433.1711362013531,1
16247,170,1,114.56,0,1,Lost/Inactive,,1
16248,62,1,152.94,0,1,Lost/Inactive,,0
16249,53,5,1800.07,0,2,At-Risk,1273.4548085331587,0
16250,261,3,791.38,0,2,At-Risk,512.2356912186069,1
16251,512,1,128.31,0,1,Lost/Inactive,,1
16252,383,1,295.09000000000003,42,1,Lost/Inactive,,1
16253,67,7,7310.15,2,0,Champions,3284.7017137383555,0
16254,378,3,985.14,0,2,At-Risk,457.8246382342722,1
16255,17,15,4906.8,6,0,Champions,2177.3531804713543,0
16256,267,3,1629.37,1,2,At-Risk,699.2636948217628,1
16257,177,1,46.95,0,1,Lost/Inactive,,1
16258,45,15,11942.52,1,0,Champions,5644.909083621093,0
16259,410,3,361.94,0,1,Lost/Inactive,149.30337617145042,1
16260,51,1,1035.45,0,3,New/Occasional,,0
16261,17,6,1059.45,0,3,New/Occasional,694.5018238050002,0
16262,378,1,755.15,4,1,Lost/Inactive,,1
16263,423,1,351.01,0,1,Lost/Inactive,,1
16264,438,2,837.53,0,1,Lost/Inactive,121.36008414884007,1
16265,9,12,6935.17,3,0,Champions,5148.252897843563,0
16266,74,14,1757.95,0,0,Champions,774.9563128979215,0
16267,591,1,186.66,0,1,Lost/Inactive,-6.87822500269337,1
16268,71,2,667.65,0,3,New/Occasional,,0
16269,438,1,717.57,1,1,Lost/Inactive,,1
16270,353,1,1141.24,0,1,Lost/Inactive,,1
16271,3,10,3463.02,1,0,Champions,1436.4148462951046,0
16272,117,1,411.7,0,1,Lost/Inactive,,1
16273,648,2,336.04,0,1,Lost/Inactive,16.087139309204606,1
16274,373,1,715.9,0,1,Lost/Inactive,,1
16275,197,3,2151.11,0,2,At-Risk,938.490689773364,1
16276,177,3,2629.3900000000003,0,2,At-Risk,1068.2716059084662,1
16277,734,1,188.69,0,1,Lost/Inactive,-5.672063827180422,1
16278,100,3,1117.84,5,2,At-Risk,705.42674470783,1
16279,21,9,5705.08,2,0,Champions,2901.573534773178,0
16280,725,1,238.05,0,1,Lost/Inactive,-5.728627915032002,1
16281,72,3,3424.02,1,2,At-Risk,1657.808449212594,0
16282,340,3,1307.5800000000002,0,2,At-Risk,570.9181692802824,1
16283,6,8,4403.82,11,0,Champions,1844.8381139741832,0
16284,31,3,1029.77,0,3,New/Occasional,844.2542543611678,0
16285,646,1,176.9,0,1,Lost/Inactive,-6.354626794458289,1
16286,477,2,328.95,2,1,Lost/Inactive,37.288425896298286,1
16287,170,5,1006.98,0,2,At-Risk,406.1290614250232,1
16288,470,1,129.85,0,1,Lost/Inactive,,1
16289,462,1,136.31,1,1,Lost/Inactive,,1
16290,465,4,2069.3,0,2,At-Risk,220.81140246185385,1
16291,682,1,117.72,0,1,Lost/Inactive,-6.053148487918491,1
16292,122,5,1253.76,5,2,At-Risk,556.3907475901339,1
16293,22,15,4657.95,5,0,Champions,1990.4679167103916,0
16294,477,1,126.05,0,1,Lost/Inactive,,1
16295,10,4,1328.55,0,3,New/Occasional,3138.083127756378,0
16296,626,4,1313.67,9,2,At-Risk,70.47014579800089,1
16297,269,1,301.9,3,1,Lost/Inactive,,1
16298,23,7,1085.7,2,3,New/Occasional,673.77328789965,0
16299,477,1,193.65,1,1,Lost/Inactive,,1
16300,430,3,1392.43,0,2,At-Risk,493.9247555307141,1
16301,737,1,107.33,0,1,Lost/Inactive,-5.651140024486398,1
16302,127,1,233.22,1,1,Lost/Inactive,,1
16303,26,7,7928.27,7,0,Champions,3974.911987837488,0
16304,695,1,381.66,0,1,Lost/Inactive,-5.958932371322752,1
16305,139,1,361.22,0,1,Lost/Inactive,,1
16306,214,7,1192.82,3,2,At-Risk,398.0214206640752,1
16307,429,3,1194.92,0,2,At-Risk,370.1620561478404,1
16308,38,7,5120.0,0,0,Champions,1996.219659587009,0
16309,106,2,706.57,2,2,At-Risk,703.6870155440041,1
16310,414,2,460.08,0,1,Lost/Inactive,193.56083866486168,1
16311,18,2,616.26,0,3,New/Occasional,1131.583370033572,0
16312,432,1,171.15,0,1,Lost/Inactive,,1
16313,3,2,274.15000000000003,0,3,New/Occasional,582.2052723773055,0
16314,390,3,1491.4,0,2,At-Risk,512.4148257742637,1
16315,331,2,402.71,0,1,Lost/Inactive,197.7083475047807,1
16316,64,13,5744.91,7,0,Champions,3011.5719567823726,0
16317,120,5,2192.51,1,2,At-Risk,1104.6289316704188,1
16318,35,1,328.15000000000003,0,3,New/Occasional,,0
16319,218,1,404.4,0,1,Lost/Inactive,,1
16320,172,6,5628.99,2,2,At-Risk,2419.84915018317,1
16321,72,7,604.5500000000001,13,2,At-Risk,204.94327321277257,0
16322,1,2,326.75,0,3,New/Occasional,700.036507006582,0
16323,196,2,353.66,0,1,Lost/Inactive,192.2905603730532,1
16324,128,3,428.68,0,1,Lost/Inactive,567.2486978698905,1
16325,47,12,3597.5,7,0,Champions,1536.834131679325,0
16326,6,24,4826.99,2,0,Champions,2120.3020067449675,0
16327,14,16,10731.34,7,0,Champions,4478.16095872454,0
16328,563,1,310.83,0,1,Lost/Inactive,-7.179521261582605,1
16329,428,4,1703.07,0,2,At-Risk,594.4823778760845,1
16330,18,7,634.33,2,3,New/Occasional,323.7503841967555,0
16331,432,6,2037.7,0,2,At-Risk,605.8423116473462,1
16332,28,11,2010.41,2,0,Champions,1049.8546286082028,0
16333,8,22,26626.8,0,0,Champions,24328.445119279568,0
16334,492,1,277.48,0,1,Lost/Inactive,,1
16335,552,7,2774.0,1,2,At-Risk,54.429856725994966,1
16336,421,4,3517.69,0,2,At-Risk,899.4574444975722,1
16337,37,1,151.05,0,3,New/Occasional,,0
16338,157,1,214.8,0,1,Lost/Inactive,,1
16339,284,1,109.95,0,1,Lost/Inactive,,1
16340,107,3,1526.06,0,2,At-Risk,868.3148720134677,1
16341,25,7,3850.79,11,0,Champions,1776.1509934705264,0
16342,75,4,322.41,0,3,New/Occasional,309.68852725401894,0
16343,16,3,687.0699999999999,0,3,New/Occasional,487.2300793850372,0
16344,158,4,842.42,0,2,At-Risk,360.101204026481,1
16345,44,2,1198.74,0,3,New/Occasional,646.5136246792493,0
16346,385,1,224.51,0,1,Lost/Inactive,,1
16347,11,11,3509.41,3,0,Champions,1706.6730950650383,0
16348,32,8,1798.22,0,0,Champions,1120.1016122656354,0
16349,291,1,53.5,0,1,Lost/Inactive,,1
16350,21,9,2253.89,8,0,Champions,1463.103960712103,0
16351,333,13,3330.03,11,2,At-Risk,295.93648961639053,1
16352,18,2,494.44,0,3,New/Occasional,1689.3817818837476,0
16353,4,38,9999.46,3,0,Champions,4093.269782820823,0
16354,63,5,1129.51,0,2,At-Risk,560.2502336894381,0
16355,375,1,416.35,2,1,Lost/Inactive,,1
16356,198,6,415.87,1,2,At-Risk,196.50943282472792,1
16357,33,4,868.37,0,3,New/Occasional,624.8182596717604,0
16358,1,5,2919.65,1,0,Champions,1771.296128890869,0
16359,7,16,2697.75,5,0,Champions,1224.9883634462433,0
16360,5,6,3512.53,9,0,Champions,8244.981582000426,0
16361,10,4,896.66,0,3,New/Occasional,1725.3983358075104,0
16362,32,6,946.94,10,3,New/Occasional,619.9902028774059,0
16363,53,1,109.36,0,1,Lost/Inactive,,0
16364,12,2,707.04,0,3,New/Occasional,1088.3059949126512,0
16365,18,15,3307.2,1,0,Champions,1393.627305727255,0
16366,19,4,1548.13,0,3,New/Occasional,704.614566540335,0
16367,37,3,1362.4,0,3,New/Occasional,841.3245977190279,0
16368,2,3,640.21,0,3,New/Occasional,471.2492046944621,0
16369,18,7,2664.81,0,0,Champions,1369.477791975801,0
16370,82,4,1320.56,0,2,At-Risk,1459.844455437634,1
16371,449,1,157.2,0,1,Lost/Inactive,,1
16372,33,5,1328.61,1,3,New/Occasional,767.3479436914686,0
16373,382,2,309.49,0,1,Lost/Inactive,75.96032241595624,1
16374,66,5,1771.45,0,2,At-Risk,789.9608692159992,0
16375,470,2,104.0,0,1,Lost/Inactive,,1
16376,9,2,987.01,3,3,New/Occasional,842.640907546242,0
16377,267,2,1308.48,0,2,At-Risk,565.8510909698985,1
16378,247,3,362.95,0,1,Lost/Inactive,187.4078328152248,1
16379,4,4,2157.4,1,3,New/Occasional,4900.866443156368,0
16380,61,1,1780.59,0,3,New/Occasional,,0
16381,396,2,258.7,0,1,Lost/Inactive,27.63409775565958,1
16382,408,2,353.1,0,1,Lost/Inactive,118.4211480855218,1
16383,75,7,2974.84,5,2,At-Risk,1283.2621025111605,0
16384,90,4,1358.95,0,2,At-Risk,667.5258429114472,1
16385,60,5,1030.61,0,2,At-Risk,529.780702045725,0
16386,29,3,1102.59,0,3,New/Occasional,331.79963137148565,0
16387,323,5,918.55,0,2,At-Risk,368.53779430780907,1
16388,654,1,186.05,0,1,Lost/Inactive,-6.293668934684785,1
16389,53,4,1382.0700000000002,1,2,At-Risk,1512.5361753445968,0
16390,537,3,467.5,0,1,Lost/Inactive,96.37257844587717,1
16391,401,4,1103.61,0,2,At-Risk,367.9827640880432,1
16392,270,3,763.05,0,2,At-Risk,393.77942561341234,1
16393,2,23,5561.66,28,0,Champions,2248.0080054247064,0
16394,57,5,1555.34,17,2,At-Risk,1383.8731346750392,0
16395,61,14,3537.85,6,0,Champions,1475.3157329540315,0
16396,476,1,137.8,4,1,Lost/Inactive,,1
16397,628,1,127.88,0,1,Lost/Inactive,-6.516955680767672,1
16398,154,2,1705.8,4,2,At-Risk,908.8324178117152,1
16399,19,3,641.82,0,3,New/Occasional,425.2039613116216,0
16400,95,9,3159.44,0,2,At-Risk,1188.035803360542,1
16401,1,23,6849.15,24,0,Champions,3793.9541165900505,0
16402,265,2,511.4,0,1,Lost/Inactive,102.1594787693916,1
16403,312,1,177.5,5,1,Lost/Inactive,,1
16404,70,1,443.05,1,1,Lost/Inactive,,0
16405,302,2,167.25,0,1,Lost/Inactive,130.4435572685601,1
16406,19,3,552.68,2,3,New/Occasional,225.34215002486965,0
16407,13,14,2821.65,0,0,Champions,1818.0248484298,0
16408,591,1,231.93,0,1,Lost/Inactive,-6.87822500269337,1
16409,36,12,5709.04,0,0,Champions,2347.974952598585,0
16410,734,1,130.32,0,1,Lost/Inactive,-5.665071982542515,1
16411,19,4,910.19,0,3,New/Occasional,487.5912286987216,0
16412,54,5,647.23,0,3,New/Occasional,301.37057817140084,0
16413,57,2,528.98,0,3,New/Occasional,365.96598725426384,0
16414,22,5,559.71,0,3,New/Occasional,229.59932584681985,0
16415,44,3,719.44,0,3,New/Occasional,338.7925693926484,0
16416,27,9,2972.88,2,0,Champions,1210.191724366589,0
16417,493,1,35.7,0,1,Lost/Inactive,,1
16418,45,5,1101.94,0,3,New/Occasional,817.4821637493268,0
16419,113,8,1487.42,1,2,At-Risk,644.5818145898493,1
16420,396,1,75.0,0,1,Lost/Inactive,,1
16421,376,3,526.27,0,1,Lost/Inactive,112.78884745505071,1
16422,17,109,63651.47,49,0,Champions,27980.619076135637,0
16423,25,1,346.12,0,3,New/Occasional,,0
16424,191,2,443.06,1,1,Lost/Inactive,170.60233382062242,1
16425,302,1,302.7,0,1,Lost/Inactive,,1
16426,2,10,1908.25,0,0,Champions,1749.4340716074537,0
16427,263,2,241.06,0,1,Lost/Inactive,140.74514993158317,1
16428,414,3,660.28,1,2,At-Risk,168.20301706743595,1
16429,106,1,284.55,0,1,Lost/Inactive,,1
16430,57,7,1117.94,0,2,At-Risk,513.9627446906973,0
16431,213,3,642.81,0,2,At-Risk,412.5920709214234,1
16432,64,1,287.40000000000003,0,1,Lost/Inactive,,0
16433,28,2,384.52,0,3,New/Occasional,243.39369971667665,0
16434,29,12,2741.74,1,0,Champions,1069.3787812219275,0
16435,512,3,1011.57,0,2,At-Risk,177.21084442734505,1
16436,668,3,329.34,2,1,Lost/Inactive,21.190705555360623,1
16437,381,2,301.25,0,1,Lost/Inactive,131.8622587209162,1
16438,6,5,798.35,0,3,New/Occasional,1603.4332293663897,0
16439,722,1,310.70000000000005,0,1,Lost/Inactive,-5.750132244762025,1
16440,8,6,3856.97,0,0,Champions,2528.714821276438,0
16441,67,5,1034.43,1,2,At-Risk,467.9238288765509,0
16442,2,5,899.47,0,3,New/Occasional,380.2502136481247,0
16443,521,1,162.24,0,1,Lost/Inactive,,1
16444,46,17,3656.58,4,0,Champions,1678.3114509130571,0
16445,34,4,602.73,0,3,New/Occasional,430.334969021775,0
16446,1,2,168472.5,2,0,Champions,382132.19324561465,0
16447,136,3,775.14,0,2,At-Risk,364.8161935990344,1
16448,198,2,367.87,0,1,Lost/Inactive,205.11626828539565,1
16449,198,2,707.69,3,1,Lost/Inactive,428.6116078823534,1
16450,150,3,1505.73,1,2,At-Risk,703.7863485160199,1
16451,88,3,1013.15,1,2,At-Risk,414.52174733256055,1
16452,631,2,332.17,0,1,Lost/Inactive,49.99749248891696,1
16453,531,2,251.71,0,1,Lost/Inactive,35.821423265741004,1
16454,45,4,30.950000000000003,4,1,Lost/Inactive,20.677133601874186,0
16455,64,11,4384.37,3,0,Champions,1839.294678071886,0
16456,99,13,6862.91,1,0,Champions,3132.7603260342494,1
16457,218,1,208.36,0,1,Lost/Inactive,,1
16458,3,30,5715.34,0,0,Champions,3072.9895092762044,0
16459,730,1,71.78999999999999,0,1,Lost/Inactive,-5.700205148018591,1
16460,28,3,814.72,0,3,New/Occasional,1736.1114088116024,0
16461,178,3,1615.22,0,2,At-Risk,541.4739052294487,1
16462,74,3,136.0,1,1,Lost/Inactive,138.79499251087623,0
16463,21,4,1422.4,3,3,New/Occasional,1719.9994619700728,0
16464,20,3,1314.68,0,3,New/Occasional,2080.54538668131,0
16465,421,2,746.24,1,1,Lost/Inactive,156.79736257861606,1
16466,34,15,3838.59,1,0,Champions,1677.0046353772914,0
16467,509,7,2869.16,1,2,At-Risk,164.86126873345492,1
16468,74,3,787.52,0,3,New/Occasional,586.6848999212124,0
16469,24,5,828.91,0,3,New/Occasional,477.71672021620856,0
16470,52,11,2458.6,1,0,Champions,1035.2457559722636,0
16471,275,4,1189.98,2,2,At-Risk,474.90218413397946,1
16472,434,2,789.6,0,1,Lost/Inactive,163.59817038910094,1
16473,165,4,470.83,1,2,At-Risk,284.8922078452416,1
16474,7,7,1871.5,8,0,Champions,2770.309442690056,0
16475,88,4,544.3,0,2,At-Risk,286.5808708816315,1
16476,432,1,350.35,2,1,Lost/Inactive,,1
16477,64,11,4320.02,0,0,Champions,2470.127782614496,0
16478,25,3,331.0,0,3,New/Occasional,458.4130855437357,0
16479,10,2,300.83,0,3,New/Occasional,,0
16480,76,1,769.29,0,3,New/Occasional,,1
16481,682,1,453.38,4,1,Lost/Inactive,-6.053148487918491,1
16482,16,1,220.62,0,3,New/Occasional,,0
16483,192,1,139.35,0,1,Lost/Inactive,,1
16484,174,2,404.3,1,1,Lost/Inactive,206.96164475221752,1
16485,77,5,2294.68,10,2,At-Risk,839.5893199942395,1
16486,538,1,134.36,0,1,Lost/Inactive,,1
16487,577,2,209.4,0,1,Lost/Inactive,48.59010452170097,1
16488,33,3,498.8,2,3,New/Occasional,609.4222491107007,0
16489,380,2,303.7,0,1,Lost/Inactive,142.41257219250735,1
16490,436,1,205.41000000000005,3,1,Lost/Inactive,,1
16491,47,2,1533.16,1,3,New/Occasional,937.154076833804,0
16492,541,1,385.56,0,1,Lost/Inactive,,1
16493,80,7,2132.09,6,2,At-Risk,910.83822360622,1
16494,297,1,826.53,0,1,Lost/Inactive,,1
16495,3,3,684.41,0,3,New/Occasional,794.9620703430095,0
16496,9,6,2330.77,2,0,Champions,1313.629217761392,0
16497,50,23,6695.28,0,0,Champions,2796.7488170246343,0
16498,161,2,100.97,1,1,Lost/Inactive,23.86241016473849,1
16499,360,8,2578.34,7,2,At-Risk,185.05521784722333,1
16500,5,9,843.9100000000001,1,3,New/Occasional,428.6273460222224,0
16501,383,1,1237.23,0,1,Lost/Inactive,,1
16502,620,2,266.5,0,1,Lost/Inactive,-6.59180403899118,1
16503,107,11,3614.34,3,2,At-Risk,1965.915198527645,1
16504,25,1,484.38,0,3,New/Occasional,,0
16505,32,1,777.6,0,3,New/Occasional,,0
16506,20,2,90.3,0,3,New/Occasional,216.53494378479456,0
16507,572,1,152.76,0,1,Lost/Inactive,-7.079826354794169,1
16508,630,1,248.8,0,1,Lost/Inactive,-6.498509336323326,1
16509,297,1,363.7000000000001,0,1,Lost/Inactive,,1
16510,372,6,2100.0,0,2,At-Risk,497.4872600763976,1
16511,22,6,1819.02,0,3,New/Occasional,827.4130240133791,0
16513,5,4,874.59,0,3,New/Occasional,2958.2581673918958,0
16515,52,10,3216.3,0,0,Champions,1501.8161361462244,0
16516,30,1,101.7,0,3,New/Occasional,,0
16517,277,1,162.70000000000002,0,1,Lost/Inactive,,1
16518,61,4,959.37,3,2,At-Risk,547.6565797787476,0
16519,25,4,556.26,0,3,New/Occasional,227.20952600747728,0
16520,186,6,2482.62,2,2,At-Risk,1148.7860204845874,1
16521,415,3,1148.01,0,2,At-Risk,744.4828643226383,1
16522,436,2,433.36,0,1,Lost/Inactive,143.84386523732147,1
16523,2,28,11916.33,13,0,Champions,5326.999662949748,0
16524,446,2,308.14,0,1,Lost/Inactive,138.89171576834588,1
16525,2,48,24582.64,21,0,Champions,10251.848402170372,0
16526,172,2,717.21,0,1,Lost/Inactive,267.95967132243186,1
16527,81,2,1272.44,0,2,At-Risk,285.4407302102452,1
16528,4,1,244.41,0,3,New/Occasional,,0
16529,190,4,2012.0,0,2,At-Risk,1095.505858536947,1
16530,668,1,48.35,0,1,Lost/Inactive,-6.166915963527098,1
16531,22,11,2298.33,2,0,Champions,1358.4143579880006,0
16532,18,5,8756.64,0,0,Champions,4624.331837472634,0
16533,19,3,1095.56,4,3,New/Occasional,2475.198648894425,0
16534,642,1,635.9,0,1,Lost/Inactive,-6.389994774908239,1
16535,5,3,1001.59,0,3,New/Occasional,624.0138113481092,0
16536,110,1,548.97,1,1,Lost/Inactive,,1
16537,641,1,23.35,0,1,Lost/Inactive,-6.398898578579876,1
16538,541,3,399.62,0,1,Lost/Inactive,74.34177922192697,1
16539,3,10,3732.01,0,0,Champions,2166.161789055137,0
16540,414,1,226.7,0,1,Lost/Inactive,,1
16541,735,1,424.03,1,1,Lost/Inactive,-5.658097402982987,1
16542,54,2,257.32,0,3,New/Occasional,160.72565654653943,0
16543,592,1,292.21,2,1,Lost/Inactive,-6.87822500269337,1
16544,520,4,376.7000000000001,3,1,Lost/Inactive,64.6162938724784,1
16545,165,2,689.8199999999999,0,1,Lost/Inactive,443.2845222805069,1
16546,291,5,5606.47,13,2,At-Risk,1967.8901742200087,1
16547,546,1,111.71,0,1,Lost/Inactive,,1
16548,599,1,30.15,0,1,Lost/Inactive,-6.796746655934448,1
16549,10,34,13182.19,5,0,Champions,6509.573032785586,0
16550,109,18,9435.13,26,0,Champions,3764.42415634589,1
16551,96,7,2237.12,0,2,At-Risk,924.073384540948,1
16552,243,2,475.02,0,1,Lost/Inactive,337.135298421417,1
16553,163,33,16644.01,5,0,Champions,6638.279758700139,1
16554,42,8,2841.7200000000003,47,0,Champions,1144.748503948026,0
16555,35,6,1915.68,49,2,At-Risk,238.0161849692637,0
16556,67,17,8012.58,18,0,Champions,3421.953427062076,0
16557,24,2,281.85,0,3,New/Occasional,547.1205633541856,0
16558,1,38,13873.51,24,0,Champions,5813.688623715319,0
16559,397,1,185.2,0,1,Lost/Inactive,,1
16560,27,8,3048.38,2,0,Champions,1199.7731929606498,0
16561,6,2,511.12,0,3,New/Occasional,1212.5942150805276,0
16562,477,1,223.86,0,1,Lost/Inactive,,1
16563,54,6,4422.76,1,2,At-Risk,1872.1571165482724,0
16564,569,1,87.80000000000001,0,1,Lost/Inactive,-7.112747725398808,1
16565,364,4,773.05,2,2,At-Risk,219.3677488631424,1
16566,15,5,614.66,1,3,New/Occasional,583.826777407973,0
16567,194,2,865.6,0,2,At-Risk,418.20178082007135,1
16568,428,2,1020.9,0,2,At-Risk,380.1590951529737,1
16569,3,5,1455.23,0,3,New/Occasional,528.8901019665368,0
16570,15,20,7434.31,20,0,Champions,3493.147167651558,0
16571,27,10,4248.74,29,0,Champions,2007.5015952307583,0
16572,127,3,1009.6,1,2,At-Risk,862.4125557474148,1
16573,85,2,663.61,4,3,New/Occasional,623.4495429633157,1
16574,71,3,1301.78,0,2,At-Risk,462.3031691360915,0
16576,420,2,540.87,3,1,Lost/Inactive,220.71000763998524,1
16577,667,1,380.0,0,1,Lost/Inactive,-6.183519630186307,1
16578,626,1,156.6,0,1,Lost/Inactive,-6.535507409848763,1
16579,426,1,295.05,2,1,Lost/Inactive,,1
16581,183,1,105.84,2,1,Lost/Inactive,,1
16582,113,1,313.62,0,1,Lost/Inactive,,1
16583,374,2,531.4,0,1,Lost/Inactive,341.1821328452769,1
16584,80,5,3163.67,9,2,At-Risk,1226.035180428185,1
16585,594,2,341.59000000000003,0,1,Lost/Inactive,114.46540141717983,1
16586,249,3,1462.78,0,2,At-Risk,722.1827297496784,1
16587,232,1,225.15,0,1,Lost/Inactive,,1
16588,386,4,1361.28,0,2,At-Risk,502.7501970512934,1
16589,71,4,612.36,0,3,New/Occasional,375.9567440224477,0
16590,401,2,605.9,4,1,Lost/Inactive,156.16118806855715,1
16591,69,1,213.5,0,1,Lost/Inactive,,0
16592,4,28,7807.91,18,0,Champions,3345.876100776331,0
16593,51,8,1071.14,2,2,At-Risk,462.6323858381813,0
16594,75,1,181.09,0,1,Lost/Inactive,,0
16595,61,5,1810.18,0,2,At-Risk,684.1572640588529,0
16596,16,4,579.63,0,3,New/Occasional,260.82533898113576,0
16597,4,1,90.04,0,3,New/Occasional,,0
16598,286,1,145.05,1,1,Lost/Inactive,,1
16599,386,1,172.8,0,1,Lost/Inactive,,1
16600,4,13,2153.41,8,0,Champions,839.2861087467886,0
16601,41,3,684.25,0,3,New/Occasional,423.531803048957,0
16602,36,2,763.33,7,3,New/Occasional,716.5790054026418,0
16603,75,2,482.47,0,3,New/Occasional,645.1700395236157,0
16604,563,2,432.4500000000001,3,1,Lost/Inactive,33.60402960192061,1
16605,724,1,60.48,0,1,Lost/Inactive,-5.735778079307384,1
16606,404,2,357.66,0,1,Lost/Inactive,73.07807375424814,1
16607,18,25,5706.87,4,0,Champions,2867.001079559495,0
16608,454,2,1288.72,0,2,At-Risk,399.4134998585869,1
16609,15,7,5493.46,4,0,Champions,5848.890595033176,0
16610,219,1,75.66,0,1,Lost/Inactive,,1
16611,186,6,1785.13,1,2,At-Risk,790.4456770979405,1
16612,33,9,3245.4300000000003,1,0,Champions,1255.9010040851886,0
16613,70,1,618.59,0,3,New/Occasional,,0
16614,183,3,1179.79,0,2,At-Risk,627.4593191596322,1
16615,626,1,291.5,1,1,Lost/Inactive,-6.535507409848763,1
16616,15,2,500.42,0,3,New/Occasional,801.3815245742338,0
16617,236,1,151.85,0,1,Lost/Inactive,,1
16618,31,5,2647.59,1,2,At-Risk,2085.759872942925,0
16619,264,4,1938.33,2,2,At-Risk,519.1860152883339,1
16620,4,6,1758.93,0,3,New/Occasional,454.80935929923584,0
16621,52,4,813.48,0,3,New/Occasional,795.5733057988697,0
16622,544,1,225.4,2,1,Lost/Inactive,,1
16623,246,4,1015.24,1,2,At-Risk,472.8769990975808,1
16624,81,2,810.57,0,3,New/Occasional,854.3528873993919,1
16625,275,5,1654.03,1,2,At-Risk,763.5370648709177,1
16626,1,17,4413.1,5,0,Champions,3822.864416310904,0
16627,79,1,322.8,0,1,Lost/Inactive,,1
16628,30,7,2318.1,2,0,Champions,1201.8698215701054,0
16629,74,2,417.73,0,3,New/Occasional,616.9343716659148,0
16630,407,1,106.8,1,1,Lost/Inactive,,1
16631,482,7,1892.52,1,2,At-Risk,123.0905442935318,1
16632,486,2,406.4,0,1,Lost/Inactive,119.00794953951652,1
16633,17,6,2883.1,1,0,Champions,3129.702497163289,0
16634,223,6,1814.61,24,2,At-Risk,735.4376159816696,1
16635,407,1,473.0,0,1,Lost/Inactive,,1
16636,438,4,3802.04,0,2,At-Risk,943.752513421991,1
16637,32,4,1154.47,3,3,New/Occasional,1228.886031752137,0
16638,23,15,2430.53,1,0,Champions,1502.3746619955152,0
16639,31,4,1747.98,2,3,New/Occasional,1120.638976971386,0
16640,398,1,179.4,0,1,Lost/Inactive,,1
16641,106,2,554.5,0,1,Lost/Inactive,186.4957574591535,1
16642,5,3,1077.45,3,3,New/Occasional,677.3740160021575,0
16643,246,2,923.11,3,2,At-Risk,537.5616418501189,1
16644,178,2,833.78,0,2,At-Risk,191.5622867662284,1
16645,736,1,160.39,0,1,Lost/Inactive,-5.658097402982987,1
16646,449,1,678.8,1,1,Lost/Inactive,,1
16647,170,4,541.9,0,2,At-Risk,268.742596593732,1
16648,43,3,672.8,2,3,New/Occasional,303.3402602529875,0
16649,520,1,306.58,0,1,Lost/Inactive,,1
16650,72,7,1916.11,0,2,At-Risk,841.8898298308491,0
16651,587,1,136.2,0,1,Lost/Inactive,-6.930152240212308,1
16652,59,16,17550.39,14,0,Champions,8230.229848536477,0
16653,16,2,1212.66,7,3,New/Occasional,431.3256744684781,0
16654,141,8,1711.47,2,2,At-Risk,768.4117155533279,1
16655,18,13,6548.37,1,0,Champions,2997.672078485341,0
16656,22,30,16833.170000000002,16,0,Champions,7087.17359028297,0
16657,10,4,933.62,0,3,New/Occasional,916.1995637659974,0
16658,368,6,814.07,10,2,At-Risk,274.73853215780065,1
16659,189,1,39.12,0,1,Lost/Inactive,,1
16660,16,7,1879.55,1,0,Champions,889.997832194137,0
16661,540,4,986.63,14,2,At-Risk,171.11158436444296,1
16662,394,1,163.8,0,1,Lost/Inactive,,1
16663,729,1,165.0,0,1,Lost/Inactive,-5.700205148018591,1
16664,569,1,109.2,0,1,Lost/Inactive,-7.112747725398808,1
16665,362,1,135.4,0,1,Lost/Inactive,,1
16666,19,2,225.94,0,3,New/Occasional,110.46017366077554,0
16667,68,2,570.13,0,3,New/Occasional,632.739884935832,0
16668,15,13,862.42,0,0,Champions,374.7662506711316,0
16669,24,3,1374.87,2,3,New/Occasional,2684.8025378396646,0
16670,17,20,8030.150000000001,21,0,Champions,3243.3672430521747,0
16671,28,3,1692.27,0,3,New/Occasional,629.4695407756013,0
16672,2,20,8134.94,3,0,Champions,7328.824005809928,0
16673,679,1,188.83,0,1,Lost/Inactive,-6.077171351933895,1
16674,55,2,319.61,0,3,New/Occasional,700.1914649658399,0
16675,442,2,608.86,0,1,Lost/Inactive,164.69152951254648,1
16676,34,6,2361.9,3,2,At-Risk,1553.179436736791,0
16677,411,2,880.62,2,1,Lost/Inactive,438.9395712634507,1
16678,3,12,3109.99,7,0,Champions,2881.200398976143,0
16679,366,3,793.06,0,2,At-Risk,362.3574710462434,1
16680,43,3,821.45,0,3,New/Occasional,222.7061097030985,0
16681,73,7,1921.84,0,2,At-Risk,944.5412899922512,0
16682,5,5,1028.0,0,3,New/Occasional,798.2443482504945,0
16683,534,1,320.25,1,1,Lost/Inactive,,1
16684,4,55,147142.77,31,0,Champions,62836.49969059635,0
16685,61,2,324.24,0,3,New/Occasional,,0
16686,47,16,5070.92,3,0,Champions,2176.1691932946587,0
16687,391,1,157.63,0,1,Lost/Inactive,,1
16688,1,4,1260.86,0,3,New/Occasional,3601.8839605849903,0
16689,76,2,422.6,3,3,New/Occasional,465.2485206769515,1
16690,72,4,353.03000000000003,1,3,New/Occasional,251.96455167545628,0
16691,418,2,178.83,0,1,Lost/Inactive,105.24079412308323,1
16692,256,4,1914.7,0,2,At-Risk,924.4448886226968,1
16693,69,5,1199.46,0,2,At-Risk,543.5094591382307,0
16694,723,1,98.3,0,1,Lost/Inactive,-5.742946166673313,1
16695,562,2,193.15,0,1,Lost/Inactive,-7.20205969274536,1
16696,135,4,657.9,0,2,At-Risk,748.981409827141,1
16697,241,1,112.75,0,1,Lost/Inactive,,1
16698,227,2,1998.0,0,2,At-Risk,1048.8242275738996,1
16699,380,7,994.6,1,2,At-Risk,253.76114941118516,1
16700,9,25,9167.71,6,0,Champions,3794.605652746535,0
16701,9,26,9916.73,14,0,Champions,4113.266212105383,0
16702,415,4,1110.83,1,2,At-Risk,382.60174315678046,1
16704,618,2,695.66,0,1,Lost/Inactive,43.30829476409866,1
16705,1,42,43515.051,31,0,Champions,17519.98648126219,0
16706,37,3,531.35,0,3,New/Occasional,616.4129544340793,0
16707,400,4,551.11,0,2,At-Risk,162.59641324236938,1
16708,46,1,656.63,0,3,New/Occasional,,0
16709,85,14,9087.46,0,0,Champions,3491.208348188279,1
16710,19,22,6349.09,1,0,Champions,2598.343363282122,0
16711,3,9,2868.48,2,0,Champions,1162.6443206365284,0
16712,9,13,4266.99,0,0,Champions,2841.035970619069,0
16713,19,32,14560.69,16,0,Champions,6095.5923472203685,0
16714,219,4,1529.8,4,2,At-Risk,716.8020892149048,1
16715,78,2,625.52,0,3,New/Occasional,296.3968138168888,1
16716,267,3,2149.6800000000003,1,2,At-Risk,571.8765924596921,1
16717,24,14,6986.2300000000005,42,0,Champions,2971.3875109030378,0
16718,369,5,3647.53,0,2,At-Risk,1239.7399589183271,1
16719,15,14,3973.3,6,0,Champions,1631.0916904971257,0
16720,26,3,795.48,3,3,New/Occasional,374.6446992916048,0
16721,262,1,292.47,0,1,Lost/Inactive,,1
16722,17,22,8989.08,4,0,Champions,3752.990404703038,0
16723,91,4,1301.63,0,2,At-Risk,444.5691460694269,1
16724,405,1,147.35,0,1,Lost/Inactive,,1
16725,302,14,1882.11,2,2,At-Risk,340.03114427397503,1
16726,26,7,2088.41,0,0,Champions,1433.2851490767086,0
16727,364,4,1437.42,0,2,At-Risk,423.1415050279597,1
16728,46,4,1054.67,0,3,New/Occasional,1054.7962460711997,0
16729,38,21,7239.92,8,0,Champions,7418.573614855853,0
16730,52,3,743.11,2,3,New/Occasional,674.5551342083656,0
16731,648,1,174.05,0,1,Lost/Inactive,-6.337089703384038,1
16732,32,4,4387.64,9,2,At-Risk,1916.601261803361,0
16733,530,1,259.68,0,1,Lost/Inactive,,1
16734,52,3,650.51,0,3,New/Occasional,1119.651373039727,0
16735,79,14,6270.56,25,0,Champions,2651.62977112702,1
16736,506,5,2956.56,4,2,At-Risk,371.562724828798,1
16737,53,2,835.2,0,3,New/Occasional,402.0459215734712,0
16738,298,1,3.75,0,1,Lost/Inactive,,1
16739,177,2,786.4300000000001,4,2,At-Risk,318.6621514692408,1
16740,395,1,236.81,0,1,Lost/Inactive,,1
16741,625,1,173.06,0,1,Lost/Inactive,-6.544823077016814,1
16742,47,14,2852.61,3,0,Champions,1183.830324782227,0
16743,29,14,4253.26,2,0,Champions,2125.0000984226817,0
16744,11,7,1304.76,0,3,New/Occasional,1884.503878337546,0
16745,87,17,7194.3,1,0,Champions,5215.487043243707,1
16746,5,42,18066.4,8,0,Champions,7565.378840248959,0
16747,38,2,836.0600000000001,3,3,New/Occasional,1564.5670186008804,0
16748,18,14,3637.33,1,0,Champions,1584.8278743992337,0
16749,591,2,4387.08,0,2,At-Risk,978.6878669509656,1
16750,45,5,623.93,0,3,New/Occasional,673.0927596099842,0
16751,31,1,1764.72,0,3,New/Occasional,,0
16752,373,1,415.0,0,1,Lost/Inactive,,1
16753,58,1,223.92,0,1,Lost/Inactive,,0
16754,372,29,67502.47,25,0,Champions,9.40690700358838,1
16755,114,7,2900.58,7,2,At-Risk,1265.7913868993176,1
16756,215,7,1312.37,3,2,At-Risk,516.7484732919067,1
16757,319,2,270.48,0,1,Lost/Inactive,103.6552186315636,1
16758,65,1,369.34,0,1,Lost/Inactive,,0
16759,8,3,789.79,1,3,New/Occasional,2353.0236752753017,0
16760,430,1,228.0,0,1,Lost/Inactive,,1
16761,97,1,316.62,0,1,Lost/Inactive,,1
16762,20,3,1501.38,0,3,New/Occasional,2629.84064945564,0
16763,199,2,964.7,1,2,At-Risk,456.272753900984,1
16764,4,13,2799.25,12,0,Champions,4455.863182499176,0
16765,294,2,454.75,0,1,Lost/Inactive,38.244265574620286,1
16766,273,2,1145.6,0,2,At-Risk,,1
16767,31,15,8073.8,1,0,Champions,3975.422857311228,0
16768,48,9,1708.12,11,2,At-Risk,684.2005818647673,0
16769,260,4,1141.75,0,2,At-Risk,426.1109088670424,1
16770,58,9,1932.13,3,2,At-Risk,1188.2584684787123,0
16771,33,10,3967.6,0,0,Champions,1723.4172594755464,0
16772,423,3,3723.55,12,2,At-Risk,1424.6002855852598,1
16773,57,3,421.24,0,3,New/Occasional,168.9365126945387,0
16774,68,8,1594.45,1,2,At-Risk,633.6776621735657,0
16775,10,16,3056.89,1,0,Champions,2046.1921371877984,0
16776,60,2,619.85,0,3,New/Occasional,495.2911564156689,0
16777,80,5,1307.76,2,2,At-Risk,628.7109478649465,1
16778,74,2,245.94,0,1,Lost/Inactive,273.5766782446967,0
16779,2,53,33268.24,35,0,Champions,13661.438269216982,0
16780,100,3,605.55,0,2,At-Risk,416.6138866375174,1
16781,372,2,934.25,4,2,At-Risk,456.01328363467417,1
16782,10,38,10438.41,17,0,Champions,4420.091482256369,0
16783,437,1,391.95,0,1,Lost/Inactive,,1
16784,20,5,896.53,0,3,New/Occasional,403.1465708712444,0
16785,410,1,533.78,0,1,Lost/Inactive,,1
16786,394,1,51.84,0,1,Lost/Inactive,,1
16787,398,4,1035.43,0,2,At-Risk,356.99103696092976,1
16788,123,5,1950.3,0,2,At-Risk,825.1674045954036,1
16789,8,1,80.80000000000001,0,3,New/Occasional,,0
16790,4,6,1545.62,2,3,New/Occasional,3297.648349642473,0
16791,29,15,4038.69,7,0,Champions,1656.3967926957785,0
16792,282,5,623.46,0,2,At-Risk,213.4717125231809,1
16793,57,1,243.84,0,1,Lost/Inactive,,0
16794,1,15,2090.91,2,0,Champions,954.6273207507556,0
16795,365,3,2492.39,10,2,At-Risk,1039.4398591669242,1
16796,89,1,305.62,0,1,Lost/Inactive,,1
16797,393,5,1827.77,7,2,At-Risk,645.0072146478592,1
16798,554,3,848.71,2,2,At-Risk,230.16026007498544,1
16799,432,2,495.98,1,1,Lost/Inactive,125.040220141282,1
16800,11,1,1201.49,0,3,New/Occasional,,0
16801,163,4,1619.73,45,2,At-Risk,917.8750635084866,1
16802,679,2,582.61,0,1,Lost/Inactive,94.01097046571924,1
16803,65,1,332.3,0,1,Lost/Inactive,,0
16804,23,3,536.99,0,3,New/Occasional,768.1284912064991,0
16805,174,5,1097.24,0,2,At-Risk,533.9030001740728,1
16806,103,4,801.49,0,2,At-Risk,734.2227982425202,1
16807,143,6,2123.88,2,2,At-Risk,1017.6549115544584,1
16808,99,2,288.42,0,1,Lost/Inactive,215.58074751282544,1
16809,23,9,1727.43,1,0,Champions,805.2853930501782,0
16810,192,2,842.04,4,2,At-Risk,364.3605535931312,1
16811,5,2,547.07,0,3,New/Occasional,1720.50044462123,0
16812,361,4,2392.0,1,2,At-Risk,139.2556355685222,1
16813,8,10,1692.98,0,0,Champions,1998.2987128208647,0
16814,14,36,12499.71,1,0,Champions,5927.704797995267,0
16815,454,2,410.97,0,1,Lost/Inactive,111.70738895628712,1
16816,103,4,417.06,0,2,At-Risk,334.1806043094854,1
16817,3,13,2804.9,15,0,Champions,1825.53915819527,0
16818,11,11,3349.57,2,0,Champions,3706.6714813774215,0
16819,465,2,182.59,0,1,Lost/Inactive,,1
16820,96,1,497.61,0,1,Lost/Inactive,,1
16821,382,1,113.35,0,1,Lost/Inactive,,1
16822,686,1,181.39,2,1,Lost/Inactive,-6.021412797897235,1
16823,227,7,2260.09,1,2,At-Risk,918.787217843694,1
16824,16,3,686.24,0,3,New/Occasional,475.1473148085453,0
16825,39,5,1826.89,0,2,At-Risk,978.3848589810686,0
16826,51,1,341.7,0,3,New/Occasional,,0
16827,393,5,392.13,0,2,At-Risk,109.98934076103636,1
16828,93,2,128.5,0,1,Lost/Inactive,54.261498405484375,1
16829,157,2,513.32,0,1,Lost/Inactive,254.9193056416933,1
16830,39,4,1207.5,3,3,New/Occasional,487.7763863845823,0
16831,565,1,91.8,0,1,Lost/Inactive,-7.1683050696231305,1
16832,184,5,417.61,0,2,At-Risk,219.11524121503464,1
16833,1,6,2409.04,0,0,Champions,1225.8884926619426,0
16834,228,2,898.96,0,2,At-Risk,330.2863320694218,1
16835,128,6,1538.41,5,2,At-Risk,739.4538060219304,1
16836,40,4,782.37,0,3,New/Occasional,373.7489722262117,0
16837,31,11,3170.98,1,0,Champions,3534.3062985024712,0
16838,197,4,1159.61,2,2,At-Risk,461.9500795827752,1
16839,9,44,22310.49,35,0,Champions,10269.669749178214,0
16840,603,2,139.85,1,1,Lost/Inactive,14.039903649384568,1
16841,37,12,4006.06,2,0,Champions,1748.1365144050835,0
16842,101,3,1264.19,1,2,At-Risk,919.3821919353584,1
16843,43,35,19571.43,3,0,Champions,8149.236189312723,0
16844,563,2,614.34,0,1,Lost/Inactive,97.83506325084085,1
16845,618,1,253.88,0,1,Lost/Inactive,-6.610786493744076,1
16846,50,3,842.41,0,3,New/Occasional,326.5759092555681,0
16847,43,2,614.89,0,3,New/Occasional,177.44466306988653,0
16848,53,4,1411.62,0,2,At-Risk,621.6930106157317,0
16849,187,1,124.57,0,1,Lost/Inactive,,1
16850,334,1,332.41,0,1,Lost/Inactive,,1
16851,4,3,342.45,0,3,New/Occasional,933.1060948257232,0
16852,10,2,144.91,0,3,New/Occasional,89.65813546941816,0
16854,417,2,1408.96,0,2,At-Risk,85.97792359105081,1
16855,24,2,328.40000000000003,0,3,New/Occasional,975.465536875718,0
16856,15,3,358.49,0,3,New/Occasional,165.15571718939756,0
16857,443,1,352.8,0,1,Lost/Inactive,,1
16858,369,10,4668.28,18,2,At-Risk,592.527150456251,1
16859,145,7,1932.41,20,2,At-Risk,893.9523912775326,1
16860,453,3,1610.62,1,2,At-Risk,527.1450081304513,1
16861,60,5,946.59,4,2,At-Risk,564.2216184847169,0
16862,547,4,662.33,0,2,At-Risk,100.84675249877216,1
16863,31,3,998.52,2,3,New/Occasional,661.4813242526956,0
16864,434,2,409.25,0,1,Lost/Inactive,208.59323683213603,1
16865,402,1,130.95,0,1,Lost/Inactive,,1
16866,141,3,207.74,0,1,Lost/Inactive,154.84100708005906,1
16867,690,1,76.74000000000001,0,1,Lost/Inactive,-5.997829224297223,1
16868,394,3,393.39,0,1,Lost/Inactive,117.83661686949382,1
16869,23,4,825.4200000000001,1,3,New/Occasional,1034.6074296078386,0
16870,469,1,450.16,0,1,Lost/Inactive,,1
16871,22,6,2812.34,2,0,Champions,2704.0804682256817,0
16872,77,6,1213.13,0,2,At-Risk,796.1801004340786,1
16873,5,12,14617.39,12,0,Champions,6445.267991830049,0
16874,379,1,217.74,0,1,Lost/Inactive,,1
16875,67,11,4234.53,22,0,Champions,1710.3587049912417,0
16876,404,1,136.01,0,1,Lost/Inactive,,1
16877,12,6,853.72,0,3,New/Occasional,1095.6811897925536,0
16878,84,1,13.3,3,1,Lost/Inactive,,1
16880,31,8,1840.86,0,0,Champions,1029.1312687865334,0
16881,67,1,432.0,0,3,New/Occasional,,0
16882,67,3,705.12,0,3,New/Occasional,842.2012986232064,0
16883,187,19,2396.59,1,2,At-Risk,762.5379807839334,1
16884,38,4,1073.92,0,3,New/Occasional,485.1986052453095,0
16885,15,4,710.74,0,3,New/Occasional,445.6996843996528,0
16886,456,1,134.0,8,1,Lost/Inactive,,1
16887,35,3,660.72,0,3,New/Occasional,260.59641826464895,0
16888,401,3,437.15,0,1,Lost/Inactive,126.344282286092,1
16889,195,6,2530.9,0,2,At-Risk,1250.8453272338734,1
16890,477,3,285.41,0,1,Lost/Inactive,44.665629397022016,1
16891,2,11,2056.82,0,0,Champions,787.8345424787173,0
16892,1,7,762.1,2,3,New/Occasional,326.1048010909764,0
16893,367,2,401.77,0,1,Lost/Inactive,176.0649393011386,1
16894,502,3,1324.06,6,2,At-Risk,8.803483333901246,1
16895,65,5,1121.42,0,2,At-Risk,532.9192326544195,0
16896,555,1,103.95,0,1,Lost/Inactive,,1
16897,299,2,289.78,7,1,Lost/Inactive,67.74903283841135,1
16898,26,5,1016.37,2,3,New/Occasional,516.8099857202792,0
16899,8,8,1721.02,0,0,Champions,1160.621569899943,0
16900,17,3,887.11,3,3,New/Occasional,492.70678973253735,0
16901,729,1,204.26,0,1,Lost/Inactive,-5.700205148018591,1
16902,116,1,1706.88,0,2,At-Risk,,1
16903,29,3,1062.28,3,3,New/Occasional,607.9861574211267,0
16904,4,21,5132.37,0,0,Champions,3618.369422496138,0
16905,5,17,5034.15,3,0,Champions,2143.577803421724,0
16906,82,7,1448.8,0,2,At-Risk,661.9365820875466,1
16907,29,9,1707.9,0,0,Champions,996.079659471868,0
16908,722,1,252.59,1,1,Lost/Inactive,-5.750132244762025,1
16909,72,1,379.14,1,1,Lost/Inactive,,0
16910,4,8,1510.06,0,0,Champions,3297.249076405892,0
16911,636,2,255.25,2,1,Lost/Inactive,31.3791359342723,1
16912,29,15,4480.31,4,0,Champions,1876.3084146464375,0
16913,290,3,423.91,0,1,Lost/Inactive,92.37125746677596,1
16914,36,1,208.46,0,3,New/Occasional,,0
16915,9,11,1543.18,0,0,Champions,709.8170777745709,0
16916,24,4,1123.4,0,3,New/Occasional,887.2046831992117,0
16917,277,2,1857.83,1,2,At-Risk,321.32052619431306,1
16918,50,16,3213.29,6,0,Champions,1322.9035851906658,0
16919,156,24,5125.91,5,0,Champions,658.9357725791738,1
16920,411,1,355.45,0,1,Lost/Inactive,,1
16921,61,3,446.67,0,3,New/Occasional,201.83343759051172,0
16922,573,1,611.08,0,1,Lost/Inactive,-7.079826354794169,1
16923,12,32,13378.36,26,0,Champions,5956.427343747597,0
16924,21,3,846.75,6,3,New/Occasional,1775.3093070287548,0
16925,540,1,125.65,0,1,Lost/Inactive,,1
16926,371,5,1421.35,1,2,At-Risk,294.18608302050785,1
16927,116,3,543.05,0,2,At-Risk,349.1502865665038,1
16928,80,29,4113.23,7,0,Champions,1794.244728263834,1
16929,4,7,1295.39,0,3,New/Occasional,1822.7330862605293,0
16930,26,3,380.55,0,3,New/Occasional,781.2853269795469,0
16931,5,23,5233.62,0,0,Champions,3763.84743585019,0
16932,53,3,440.71,0,3,New/Occasional,237.60520571024352,0
16933,1,9,3181.25,17,0,Champions,1222.037137789508,0
16934,55,6,2110.99,3,2,At-Risk,1008.3912930867924,0
16935,382,3,535.1,0,1,Lost/Inactive,96.03929574826071,1
16936,26,2,551.17,0,3,New/Occasional,362.53493161424166,0
16937,499,1,202.1,0,1,Lost/Inactive,,1
16938,9,9,7043.18,1,0,Champions,3134.340236387355,0
16939,489,3,449.0,0,1,Lost/Inactive,117.77577965140848,1
16940,52,8,6427.66,6,0,Champions,2693.6352569189557,0
16941,612,1,33.0,0,1,Lost/Inactive,-6.678097927478468,1
16942,13,9,1920.59,2,0,Champions,2071.251826528857,0
16943,212,5,1299.49,2,2,At-Risk,585.0377056390486,1
16944,610,1,101.36,0,1,Lost/Inactive,-6.697583176459356,1
16945,22,33,8548.16,2,0,Champions,3594.8025192977448,0
16946,383,5,1222.04,1,2,At-Risk,218.3741420186928,1
16947,236,5,955.21,7,2,At-Risk,254.1043311104124,1
16948,139,7,868.77,0,2,At-Risk,390.3902379593744,1
16949,4,6,1286.27,1,3,New/Occasional,1231.3674411126085,0
16950,57,10,3784.37,3,0,Champions,1641.3304834047,0
16951,135,3,1277.75,1,2,At-Risk,271.0972939339831,1
16952,109,5,798.78,0,2,At-Risk,291.3781106314434,1
16953,30,1,20.8,0,1,Lost/Inactive,,0
16954,1,20,6081.88,1,0,Champions,2614.5670569143385,0
16955,185,6,1309.41,3,2,At-Risk,504.1725375157693,1
16956,18,1,308.74,2,3,New/Occasional,,0
16957,239,2,416.64,0,1,Lost/Inactive,375.6685051829596,1
16958,435,1,809.44,0,1,Lost/Inactive,,1
16959,87,1,117.35,0,1,Lost/Inactive,,1
16960,39,8,2043.43,1,2,At-Risk,836.3483696571665,0
16961,116,3,794.56,3,2,At-Risk,491.2562590374428,1
16962,410,1,251.04,0,1,Lost/Inactive,,1
16963,187,1,110.55,0,1,Lost/Inactive,,1
16964,733,2,207.85,0,1,Lost/Inactive,-5.672063827180422,1
16965,227,1,201.19,0,1,Lost/Inactive,,1
16966,8,7,2154.97,3,0,Champions,2155.5551628867656,0
16967,189,1,319.02,0,1,Lost/Inactive,,1
16968,4,2,439.43,0,3,New/Occasional,669.0447249330904,0
16969,39,3,650.41,0,3,New/Occasional,460.6368686427981,0
16970,626,1,71.4,0,1,Lost/Inactive,-6.535507409848763,1
16971,38,1,357.21,1,3,New/Occasional,,0
16972,383,2,786.25,0,1,Lost/Inactive,372.6853654307946,1
16973,386,1,127.0,0,1,Lost/Inactive,,1
16974,523,2,365.5,0,1,Lost/Inactive,118.7695184736206,1
16975,423,3,926.12,2,2,At-Risk,248.3497506221132,1
16976,267,1,251.52,0,1,Lost/Inactive,,1
16977,395,4,496.0,0,2,At-Risk,196.99388658630056,1
16978,78,3,768.88,0,3,New/Occasional,291.0619459926652,1
16979,4,9,2859.74,4,0,Champions,1823.0783610330168,0
16980,255,3,1473.33,0,2,At-Risk,882.1901686460985,1
16982,61,1,384.06,0,3,New/Occasional,,0
16983,13,11,3710.22,1,0,Champions,2497.3171192992622,0
16984,88,9,10754.8,27,0,Champions,4593.20261855939,1
16985,17,23,10923.16,4,0,Champions,4577.974456572689,0
16986,30,11,4888.75,0,0,Champions,1207.306263525984,0
16987,3,11,2535.9,1,0,Champions,1082.6587066214984,0
16988,5,2,382.67,0,3,New/Occasional,180.06152951300487,0
16989,7,6,1133.25,0,3,New/Occasional,497.3739219885457,0
16990,219,2,344.0,0,1,Lost/Inactive,206.5849285417221,1
16991,421,1,1041.21,0,1,Lost/Inactive,,1
16992,11,13,5476.5,3,0,Champions,2618.8491652306657,0
16993,464,2,1950.95,1,2,At-Risk,776.7745437456734,1
16996,30,9,2123.61,12,0,Champions,1325.5312177808166,0
16997,288,3,702.0,0,2,At-Risk,187.24471811568068,1
16998,150,5,402.0,2,2,At-Risk,237.7265194308568,1
16999,23,2,484.82,0,3,New/Occasional,1031.2775303727988,0
17000,396,2,406.3,0,1,Lost/Inactive,116.17433964744735,1
17001,1,19,6640.8,0,0,Champions,3086.523275604592,0
17002,86,7,2571.55,1,2,At-Risk,1283.067309718729,1
17003,402,4,830.16,0,2,At-Risk,371.2265893219612,1
17004,46,4,2425.16,0,2,At-Risk,1597.4461247776646,0
17005,471,2,742.36,1,1,Lost/Inactive,181.65120757587096,1
17006,5,8,1636.32,0,0,Champions,767.0479626435929,0
17007,51,7,1120.1,1,2,At-Risk,683.4828675786275,0
17008,429,1,81.36,0,1,Lost/Inactive,,1
17009,551,1,242.06,0,1,Lost/Inactive,,1
17010,18,1,195.36,1,3,New/Occasional,,0
17011,30,3,671.7,1,3,New/Occasional,225.2156520347087,0
17012,725,1,384.16,0,1,Lost/Inactive,-5.728627915032002,1
17014,8,3,586.33,1,3,New/Occasional,1411.6342175660232,0
17015,29,3,1842.56,0,3,New/Occasional,2440.1942867018524,0
17016,577,1,552.4,0,1,Lost/Inactive,-7.036404142334424,1
17017,3,29,14110.61,25,0,Champions,6008.799560371396,0
17018,41,6,2287.7,0,2,At-Risk,939.9684949469212,0
17019,11,11,4012.2,2,0,Champions,1725.9590763861854,0
17020,542,2,935.62,0,1,Lost/Inactive,316.3693121914617,1
17021,442,6,1182.22,0,2,At-Risk,72.81945512722538,1
17022,31,2,260.0,0,3,New/Occasional,92.06203768682649,0
17023,417,3,800.1800000000001,0,2,At-Risk,339.8768302436207,1
17024,45,3,95.85,0,3,New/Occasional,139.90063624069782,0
17025,61,5,1510.64,0,2,At-Risk,397.7561712467986,0
17026,185,3,208.98,0,1,Lost/Inactive,173.89644411838393,1
17027,79,9,1327.11,2,2,At-Risk,554.8524554878188,1
17028,581,3,1593.83,0,2,At-Risk,387.4331004977138,1
17029,111,7,2137.3,0,2,At-Risk,958.3601347508225,1
17030,64,1,146.87,0,1,Lost/Inactive,,0
17031,12,6,2773.85,0,0,Champions,552.1983050602776,0
17032,548,8,3004.6,7,2,At-Risk,271.4313724227512,1
17033,86,4,1332.79,0,2,At-Risk,928.3203452373756,1
17034,16,5,1283.92,6,3,New/Occasional,754.8711395893376,0
17035,246,4,613.59,4,2,At-Risk,284.5204431633134,1
17036,383,1,176.9,0,1,Lost/Inactive,,1
17037,88,1,1267.32,2,3,New/Occasional,,1
17038,30,2,743.17,0,3,New/Occasional,148.09808457459587,0
17039,604,1,1954.99,0,2,At-Risk,-6.746799245025764,1
17040,138,2,463.25,0,1,Lost/Inactive,440.06166955003584,1
17041,27,6,1686.28,1,3,New/Occasional,885.1196771977066,0
17042,3,5,1044.38,0,3,New/Occasional,989.9240657801736,0
17043,32,8,2616.55,0,0,Champions,1048.4213964834992,0
17044,25,12,11962.3,10,0,Champions,4970.88101045438,0
17045,113,5,827.6800000000001,0,2,At-Risk,370.3929975384803,1
17046,157,5,1906.07,0,2,At-Risk,934.6916007303404,1
17047,85,6,2289.23,0,2,At-Risk,986.5140978351744,1
17048,118,7,2071.68,6,2,At-Risk,919.5976971569696,1
17049,3,19,9947.48,21,0,Champions,4633.514534496564,0
17050,96,11,4691.79,1,0,Champions,2092.2646975290413,1
17051,194,4,714.39,0,2,At-Risk,323.9443784088025,1
17052,28,1,413.75,0,3,New/Occasional,,0
17053,131,1,498.48,1,1,Lost/Inactive,,1
17054,28,5,1356.33,1,3,New/Occasional,1335.6344383619312,0
17055,446,1,239.55,0,1,Lost/Inactive,,1
17056,738,1,128.60000000000002,0,1,Lost/Inactive,-5.6372766162016354,1
17057,596,1,294.74,0,1,Lost/Inactive,-6.827072978046038,1
17058,82,3,1179.89,0,2,At-Risk,891.4648212203467,1
17059,30,9,5602.53,1,0,Champions,2544.6555246896264,0
17060,266,1,234.24,0,1,Lost/Inactive,,1
17061,74,11,5232.2300000000005,2,0,Champions,3798.501777957938,0
17062,314,6,1208.22,1,2,At-Risk,218.70606236710643,1
17063,21,13,3638.53,12,0,Champions,1525.008437866214,0
17064,59,3,859.35,0,3,New/Occasional,843.0593207638605,0
17065,638,2,194.7,1,1,Lost/Inactive,-6.434764164192352,1
17066,726,1,228.34,0,1,Lost/Inactive,-5.721495606554126,1
17067,725,3,454.54,0,1,Lost/Inactive,36.23196999483199,1
17068,12,47,9161.08,3,0,Champions,4421.128741096815,0
17069,28,14,5794.28,15,0,Champions,2370.7150856960534,0
17070,114,2,445.32,0,1,Lost/Inactive,394.048407250276,1
17071,28,13,3801.2,11,0,Champions,1672.5531485050124,0
17072,625,1,282.05,0,1,Lost/Inactive,-6.544823077016814,1
17073,18,4,1446.09,0,3,New/Occasional,2375.3038814890792,0
17074,563,1,203.05,0,1,Lost/Inactive,-7.19077274684045,1
17075,18,10,2241.73,3,0,Champions,948.4938265377704,0
17076,36,6,1242.75,0,3,New/Occasional,570.7114841340131,0
17077,578,1,306.0,0,1,Lost/Inactive,-7.014892920853181,1
17078,36,2,378.2,0,3,New/Occasional,,0
17079,78,1,118.8,0,1,Lost/Inactive,,1
17080,22,7,957.53,1,3,New/Occasional,433.49756833048457,0
17081,25,6,964.39,0,3,New/Occasional,460.08518877412274,0
17082,33,6,4732.03,0,0,Champions,1945.038116081652,0
17083,109,9,4049.79,2,2,At-Risk,1727.6477809122025,1
17084,35,3,5202.97,1,2,At-Risk,3913.7650418246526,0
17085,123,28,7891.41,8,0,Champions,2972.44815285154,1
17086,7,6,2050.08,0,3,New/Occasional,4873.440124569879,0
17087,738,1,221.53,0,1,Lost/Inactive,-5.644199783353973,1
17088,28,4,1991.01,0,3,New/Occasional,1288.1765118197468,0
17089,386,1,128.45,0,1,Lost/Inactive,,1
17090,4,13,3149.48,2,0,Champions,1621.272552557421,0
17091,3,19,7811.1,6,0,Champions,3364.622829241232,0
17092,50,11,5594.96,3,0,Champions,2602.193964392117,0
17093,593,1,235.88,0,1,Lost/Inactive,-6.867933141170937,1
17094,322,2,402.2000000000001,1,1,Lost/Inactive,283.74117620188537,1
17095,23,7,2572.25,5,0,Champions,1091.7923047108222,0
17096,15,11,3759.18,8,0,Champions,1818.4734181452984,0
17097,2,9,1340.45,2,0,Champions,850.6979307447094,0
17098,382,3,591.07,0,1,Lost/Inactive,167.19499434371207,1
17099,533,1,582.17,0,1,Lost/Inactive,,1
17100,18,2,971.74,0,3,New/Occasional,,0
17101,10,7,2507.05,0,0,Champions,1441.3519900626488,0
17102,262,1,25.5,0,1,Lost/Inactive,,1
17103,722,1,424.3,0,1,Lost/Inactive,-5.750132244762025,1
17104,424,1,474.03,0,1,Lost/Inactive,,1
17105,159,2,665.78,0,1,Lost/Inactive,522.4777740370066,1
17106,389,1,491.23,0,1,Lost/Inactive,,1
17107,33,10,16075.42,12,0,Champions,7155.698055527226,0
17108,664,1,174.95,0,1,Lost/Inactive,-6.208593992900502,1
17109,29,8,1295.46,4,3,New/Occasional,765.6865181333643,0
17110,165,3,510.7,0,2,At-Risk,214.95601156652896,1
17111,47,2,476.58,0,3,New/Occasional,313.839364824639,0
17112,503,1,205.17,0,1,Lost/Inactive,,1
17113,574,6,2322.59,13,2,At-Risk,94.42724758337826,1
17114,6,8,808.62,8,3,New/Occasional,622.7608477149963,0
17115,8,7,2761.49,9,0,Champions,1106.5052335173643,0
17116,648,1,389.78,0,1,Lost/Inactive,-6.337089703384038,1
17117,288,1,116.2,0,1,Lost/Inactive,,1
17118,318,1,157.02,0,1,Lost/Inactive,,1
17119,3,2,606.91,3,3,New/Occasional,308.0904259266944,0
17120,233,1,307.46,0,1,Lost/Inactive,,1
17121,403,1,314.74,0,1,Lost/Inactive,,1
17122,119,4,570.5,0,2,At-Risk,346.4266450748867,1
17123,162,3,977.17,0,2,At-Risk,546.8757413431246,1
17124,185,1,298.89,0,1,Lost/Inactive,,1
17125,50,1,259.35,0,3,New/Occasional,,0
17126,152,9,2070.44,2,2,At-Risk,1193.5669919135162,1
17127,429,5,1155.0300000000002,0,2,At-Risk,354.29043683487845,1
17128,335,1,157.09,0,1,Lost/Inactive,,1
17129,520,1,31.85,0,1,Lost/Inactive,,1
17131,5,5,2463.17,0,3,New/Occasional,4986.377106750225,0
17132,452,2,1272.8,0,2,At-Risk,309.5000704110158,1
17133,16,12,14622.33,7,0,Champions,6255.763594340989,0
17134,107,3,637.1,0,2,At-Risk,388.1707119763968,1
17135,16,10,1954.16,1,0,Champions,1030.5991668329862,0
17136,662,1,231.68,0,1,Lost/Inactive,-6.2169975116725,1
17137,416,6,1133.63,0,2,At-Risk,251.0418348942877,1
17138,276,7,4417.27,0,2,At-Risk,1173.2611145526212,1
17139,16,25,19584.46,10,0,Champions,8731.419521688005,0
17140,247,1,465.32,0,1,Lost/Inactive,,1
17141,418,4,754.33,0,2,At-Risk,241.2759051449308,1
17142,239,4,1283.75,0,2,At-Risk,571.2659840074889,1
17143,417,2,924.11,0,1,Lost/Inactive,186.2118072178133,1
17144,1,2,984.57,0,3,New/Occasional,1596.2524503061763,0
17145,513,4,3120.91,6,2,At-Risk,838.748959874023,1
17146,106,13,5860.24,6,0,Champions,2280.3542189196046,1
17147,23,9,3199.95,11,0,Champions,1424.9522763475018,0
17148,52,1,124.88,0,1,Lost/Inactive,,0
17149,451,1,143.10000000000002,0,1,Lost/Inactive,,1
17150,377,6,1375.65,0,2,At-Risk,441.8962771377268,1
17151,735,1,231.90000000000003,0,1,Lost/Inactive,-5.658097402982987,1
17152,195,4,2016.5,2,2,At-Risk,1503.5562180344914,1
17153,24,1,213.78,0,3,New/Occasional,,0
17154,75,1,329.34,0,1,Lost/Inactive,,0
17155,18,7,892.46,0,3,New/Occasional,356.3412519070212,0
17156,492,1,591.87,2,1,Lost/Inactive,,1
17157,8,19,5151.900000000001,2,0,Champions,2114.208302621062,0
17158,32,5,1980.0,2,3,New/Occasional,954.6883832220892,0
17159,22,5,2099.59,1,3,New/Occasional,1040.3473088572705,0
17160,31,17,10209.16,4,0,Champions,4116.098657697458,0
17161,444,1,856.01,0,1,Lost/Inactive,,1
17162,29,10,1715.46,1,0,Champions,1343.1095034161665,0
17163,22,4,699.78,0,3,New/Occasional,322.1925018820343,0
17164,33,7,2467.35,1,0,Champions,2160.6097199935166,0
17165,284,6,1794.32,3,2,At-Risk,624.9619001776698,1
17166,39,2,206.34,2,3,New/Occasional,184.4763576045236,0
17167,380,3,867.11,0,2,At-Risk,274.11341494390825,1
17168,499,1,400.2,0,1,Lost/Inactive,,1
17169,58,3,1156.73,10,3,New/Occasional,610.6913209042946,0
17170,374,2,178.68,1,1,Lost/Inactive,66.04012916245168,1
17171,289,2,384.59,0,1,Lost/Inactive,178.35695554987785,1
17172,79,3,956.57,4,2,At-Risk,368.9300271079517,1
17173,5,8,3766.6,1,0,Champions,6311.479433701736,0
17174,218,1,59.9,0,1,Lost/Inactive,,1
17175,44,4,1443.69,1,3,New/Occasional,1073.6881491709648,0
17176,202,3,902.32,0,2,At-Risk,380.03315867489385,1
17177,505,1,119.5,0,1,Lost/Inactive,,1
17178,731,1,436.71,0,1,Lost/Inactive,-5.686099569348275,1
17179,178,6,1507.26,0,2,At-Risk,770.9412093504723,1
17180,56,11,2256.98,6,0,Champions,1005.4672963533494,0
17181,57,3,465.37,0,3,New/Occasional,283.0080462519522,0
17182,423,2,321.3,0,1,Lost/Inactive,97.75058210605606,1
17183,8,6,3347.31,3,0,Champions,6783.497193928377,0
17184,569,2,198.41000000000005,0,1,Lost/Inactive,78.35517300361658,1
17185,592,3,229.46,0,1,Lost/Inactive,26.06849550925117,1
17186,47,2,144.0,0,3,New/Occasional,337.31649559344163,0
17187,227,2,467.71,0,1,Lost/Inactive,199.8134689906125,1
17188,11,13,4592.93,10,0,Champions,1925.1113139344209,0
17189,106,5,957.63,0,2,At-Risk,362.0958785359273,1
17190,59,7,1743.04,1,2,At-Risk,755.3460460380702,0
17191,28,15,4836.05,1,0,Champions,2043.700156714416,0
17192,536,1,77.83,0,1,Lost/Inactive,,1
17193,36,9,2310.04,4,0,Champions,1070.4634846885094,0
17194,274,3,812.5,0,2,At-Risk,188.67533698826733,1
17195,655,1,562.98,0,1,Lost/Inactive,-6.276467322626419,1
17196,428,1,352.9,0,1,Lost/Inactive,,1
17197,30,1,1013.01,0,3,New/Occasional,,0
17198,24,3,1213.88,0,3,New/Occasional,722.353571305923,0
17199,582,1,145.12,0,1,Lost/Inactive,-6.972264133046616,1
17200,387,4,356.71,0,1,Lost/Inactive,142.11043274378392,1
17201,54,4,1242.04,1,2,At-Risk,441.4947283110764,0
17202,421,1,160.65,0,1,Lost/Inactive,,1
17203,36,10,5575.88,0,0,Champions,3311.8201185144026,0
17204,175,9,5504.6900000000005,13,2,At-Risk,3010.4963140222576,1
17205,54,3,999.35,0,3,New/Occasional,541.5931547545213,0
17206,53,1,204.24,0,1,Lost/Inactive,,0
17207,652,1,303.22,0,1,Lost/Inactive,-6.302305263938203,1
17208,396,1,115.35,0,1,Lost/Inactive,,1
17209,649,3,611.6,0,1,Lost/Inactive,51.206828999618985,1
17210,393,1,253.37,0,1,Lost/Inactive,,1
17211,27,13,4046.65,3,0,Champions,1651.1314680664968,0
17212,253,3,794.41,0,2,At-Risk,267.1515309043396,1
17213,40,13,5182.3,17,0,Champions,2214.358718122809,0
17214,60,6,1069.12,1,2,At-Risk,810.7003580374006,0
17215,464,1,186.15,0,1,Lost/Inactive,,1
17216,554,1,65.05,0,1,Lost/Inactive,,1
17217,234,2,218.0,0,1,Lost/Inactive,99.05421644765724,1
17218,4,18,4192.68,0,0,Champions,1785.0952228494266,0
17219,32,2,259.13,0,3,New/Occasional,150.0827070823281,0
17220,24,21,4481.75,0,0,Champions,1950.3960564273536,0
17221,7,5,978.52,0,3,New/Occasional,366.2766741036016,0
17222,65,6,1605.01,0,2,At-Risk,715.2268556478986,0
17223,310,3,873.53,0,2,At-Risk,447.93779867762777,1
17224,501,1,100.86,0,1,Lost/Inactive,,1
17225,582,1,131.15,0,1,Lost/Inactive,-6.982872499969936,1
17226,309,3,900.12,0,2,At-Risk,282.6846362630903,1
17227,19,12,2022.03,0,0,Champions,860.0072760899126,0
17228,16,13,3177.24,0,0,Champions,1550.5001083929983,0
17229,96,2,318.76,0,1,Lost/Inactive,427.91761734758313,1
17230,264,18,9924.95,7,0,Champions,2219.4362402311376,1
17231,12,25,7197.04,15,0,Champions,3015.7349744957883,0
17232,3,2,421.52,0,3,New/Occasional,1648.1278877470995,0
17233,35,3,560.86,0,3,New/Occasional,229.7371626594193,0
17234,183,1,149.89,0,1,Lost/Inactive,,1
17235,25,8,1904.88,0,0,Champions,1076.6807482426498,0
17236,13,12,1929.26,0,0,Champions,862.9786633004026,0
17237,11,4,1002.08,0,3,New/Occasional,401.1551238256933,0
17238,3,32,7783.1,0,0,Champions,3235.1323964764333,0
17239,313,4,1189.45,2,2,At-Risk,503.06264746971647,1
17240,596,1,130.60000000000002,0,1,Lost/Inactive,-6.827072978046038,1
17241,385,12,2744.14,0,2,At-Risk,65.08888490294645,1
17242,108,5,2889.28,0,2,At-Risk,1297.8548375652538,1
17243,1,69,20889.86,21,0,Champions,8605.909404751885,0
17244,53,5,1826.04,0,2,At-Risk,923.4982374793244,0
17245,205,2,371.63,0,1,Lost/Inactive,137.33677774158906,1
17246,547,2,38.92,0,1,Lost/Inactive,10.519049301544902,1
17247,15,1,282.19,0,3,New/Occasional,,0
17248,120,2,546.16,0,1,Lost/Inactive,352.1232085572348,1
17249,429,1,68.03,0,1,Lost/Inactive,,1
17250,4,2,384.52,0,3,New/Occasional,424.4382431805966,0
17251,363,3,812.4300000000001,2,2,At-Risk,273.13677829458913,1
17252,117,2,353.86,0,1,Lost/Inactive,33.54263319213908,1
17253,18,1,178.26,0,3,New/Occasional,,0
17254,5,3,470.73,0,3,New/Occasional,278.30874264440405,0
17255,41,4,799.13,0,3,New/Occasional,347.3817096301571,0
17256,107,5,498.93,0,2,At-Risk,219.2996773502924,1
17257,436,2,192.73,0,1,Lost/Inactive,,1
17258,397,2,417.3,0,1,Lost/Inactive,97.80007516327552,1
17259,148,6,1889.34,0,2,At-Risk,862.1765656931078,1
17260,411,1,120.95,0,1,Lost/Inactive,,1
17261,510,1,230.44,0,1,Lost/Inactive,,1
17262,52,11,2757.62,0,0,Champions,1203.8741444966072,0
17263,208,1,63.440000000000005,0,1,Lost/Inactive,,1
17264,424,1,279.59,0,1,Lost/Inactive,,1
17265,139,2,562.9,0,1,Lost/Inactive,373.71335560703255,1
17266,2,5,517.73,0,3,New/Occasional,230.6074475013097,0
17267,127,2,317.62,0,1,Lost/Inactive,,1
17268,108,11,1733.89,0,2,At-Risk,706.0512585607048,1
17269,386,1,537.46,0,1,Lost/Inactive,,1
17270,469,2,604.4,0,1,Lost/Inactive,137.0142205865803,1
17271,736,1,210.39,0,1,Lost/Inactive,-5.651140024486398,1
17272,42,4,2148.63,2,2,At-Risk,1904.822797745387,0
17273,424,1,141.12,0,1,Lost/Inactive,,1
17274,35,2,577.38,0,3,New/Occasional,153.59564980864425,0
17275,383,1,114.52,0,1,Lost/Inactive,,1
17276,402,1,508.39,3,1,Lost/Inactive,,1
17277,228,2,1065.35,0,2,At-Risk,450.46590672585177,1
17278,241,2,271.24,0,1,Lost/Inactive,225.601593057813,1
17279,58,1,187.83,0,1,Lost/Inactive,,0
17280,438,1,118.86,0,1,Lost/Inactive,,1
17281,374,6,797.85,0,2,At-Risk,233.76314400114995,1
17282,130,5,2339.66,0,2,At-Risk,1267.4882644868756,1
17283,379,1,188.46,0,1,Lost/Inactive,,1
17284,60,8,2793.16,4,2,At-Risk,1850.8458944826816,0
17285,628,2,428.34,0,1,Lost/Inactive,63.96327727862679,1
17286,22,3,395.48,0,3,New/Occasional,207.96771590851137,0
17287,26,21,4111.96,2,0,Champions,1689.178705876819,0
17288,9,11,2499.98,0,0,Champions,1806.5695477290285,0
17289,32,9,2079.39,2,0,Champions,1057.8968014814309,0
17290,4,8,1501.44,0,0,Champions,694.828116274133,0
17291,308,1,550.8000000000001,0,1,Lost/Inactive,,1
17292,472,2,271.75,0,1,Lost/Inactive,81.7694101266731,1
17293,8,17,3774.23,0,0,Champions,1612.6229911463415,0
17294,669,2,467.79,0,1,Lost/Inactive,-6.158647629496283,1
17295,29,3,556.95,0,3,New/Occasional,1272.3994189684042,0
17296,730,1,338.13,0,1,Lost/Inactive,-5.693143596510228,1
17297,17,1,131.78,0,3,New/Occasional,,0
17298,101,5,957.56,1,2,At-Risk,471.1865128034249,1
17299,12,6,1016.08,0,3,New/Occasional,561.2807278978314,0
17300,391,2,393.64,0,1,Lost/Inactive,181.1272507390238,1
17301,21,2,330.43,0,3,New/Occasional,180.4407825554137,0
17302,15,5,1135.63,2,3,New/Occasional,1030.028928329756,0
17303,361,1,250.04,0,1,Lost/Inactive,,1
17304,534,1,111.5,0,1,Lost/Inactive,,1
17305,649,1,2135.46,0,2,At-Risk,-6.337089703384038,1
17306,11,21,9782.35,3,0,Champions,6727.5125073502495,0
17307,395,11,3999.89,5,2,At-Risk,123.98495785973228,1
17308,393,2,4511.76,0,2,At-Risk,468.1764240256793,1
17309,95,3,330.59,0,1,Lost/Inactive,72.12882273163592,1
17310,387,2,1025.1,0,2,At-Risk,204.4142471186555,1
17311,78,6,3566.56,2,2,At-Risk,1594.019973406269,1
17312,139,3,644.3,0,2,At-Risk,770.7283512202935,1
17313,31,1,2328.84,4,3,New/Occasional,,0
17314,25,17,4904.43,30,0,Champions,2083.6971395565165,0
17315,2,43,9650.6,15,0,Champions,6027.313923803754,0
17316,420,1,124.45,0,1,Lost/Inactive,,1
17317,46,3,2600.34,2,2,At-Risk,1656.720687361098,0
17318,725,1,164.28,0,1,Lost/Inactive,-5.728627915032002,1
17319,669,1,29.1,0,1,Lost/Inactive,-6.158647629496283,1
17320,100,6,2895.77,0,2,At-Risk,1313.6307903956513,1
17321,8,6,1741.18,0,3,New/Occasional,830.5791435846344,0
17322,376,5,922.59,3,2,At-Risk,329.8205112459981,1
17323,15,12,1565.59,4,0,Champions,668.4736536260335,0
17324,18,12,2301.87,1,0,Champions,1013.0310059660544,0
17325,280,3,609.5699999999999,0,2,At-Risk,316.2944290020615,1
17326,408,2,321.95,0,1,Lost/Inactive,111.82067893664392,1
17327,410,2,152.35,0,1,Lost/Inactive,111.42956201516878,1
17328,673,1,104.7,0,1,Lost/Inactive,-6.125795525343355,1
17329,14,5,1004.43,0,3,New/Occasional,386.317493542547,0
17330,23,4,423.8,0,3,New/Occasional,224.7521057921632,0
17331,124,1,175.2,0,1,Lost/Inactive,,1
17332,528,5,838.27,0,2,At-Risk,44.25767567112783,1
17333,86,1,494.25,0,1,Lost/Inactive,,1
17334,302,3,635.1500000000001,1,2,At-Risk,219.1745272857769,1
17335,384,2,508.0,0,1,Lost/Inactive,253.9849126537906,1
17336,472,1,81.12,0,1,Lost/Inactive,,1
17337,151,4,2027.87,5,2,At-Risk,1027.6586530837078,1
17338,17,17,12142.57,6,0,Champions,5919.843185025247,0
17339,94,3,362.36,1,3,New/Occasional,247.65302207350223,1
17340,30,18,22404.82,36,0,Champions,10443.32972483101,0
17341,157,5,1889.83,0,2,At-Risk,977.836461880966,1
17342,380,4,1227.54,5,2,At-Risk,429.9320434896288,1
17343,355,6,1259.94,0,2,At-Risk,407.0872926337355,1
17344,46,2,468.11,1,3,New/Occasional,127.62201437513114,0
17345,15,10,1604.68,13,0,Champions,603.5365155987478,0
17346,4,26,5323.0,3,0,Champions,2679.529666188901,0
17347,86,1,228.96,0,1,Lost/Inactive,,1
17348,15,9,2476.41,0,0,Champions,1070.5840663378408,0
17349,179,5,852.25,0,2,At-Risk,400.0044644486263,1
17350,8,7,1906.041,1,0,Champions,820.859644993634,0
17351,36,12,1988.23,0,0,Champions,843.7622294828174,0
17352,696,1,36.25,0,1,Lost/Inactive,-5.943514953680621,1
17353,129,4,3242.0,3,2,At-Risk,1754.416143454432,1
17354,51,4,3143.46,0,2,At-Risk,1725.5639407135875,0
17355,386,1,285.11,0,1,Lost/Inactive,,1
17356,312,5,946.47,0,2,At-Risk,303.13399963881824,1
17357,24,2,388.14,0,3,New/Occasional,,0
17358,303,5,866.05,0,2,At-Risk,364.96959987726353,1
17359,11,2,284.46,0,3,New/Occasional,114.191844119617,0
17360,17,6,1231.38,1,3,New/Occasional,835.4716555412351,0
17361,49,5,880.64,0,3,New/Occasional,280.64622687152536,0
17362,239,7,1024.04,2,2,At-Risk,396.9217195008303,1
17363,395,3,940.86,0,2,At-Risk,102.22161273276642,1
17364,1,28,12070.42,5,0,Champions,5044.693213014993,0
17365,13,15,8224.98,2,0,Champions,3726.1875090180274,0
17366,432,2,1096.24,1,2,At-Risk,313.4549372017378,1
17367,238,1,168.4,0,1,Lost/Inactive,,1
17368,23,14,2826.14,18,0,Champions,1186.1540432109782,0
17369,456,1,979.2,0,1,Lost/Inactive,,1
17370,73,4,446.18,0,3,New/Occasional,578.6401222162244,0
17371,17,6,662.55,0,3,New/Occasional,273.0246612957328,0
17372,41,28,4377.56,12,0,Champions,1812.0672876250928,0
17373,40,7,1167.5,0,2,At-Risk,533.0003723517603,0
17374,219,3,727.11,1,2,At-Risk,451.5901207980253,1
17375,199,4,660.55,2,2,At-Risk,313.6369380805171,1
17376,71,4,453.64,0,3,New/Occasional,225.9915795365172,0
17377,24,78,18319.41,20,0,Champions,7271.804007931486,0
17378,374,1,10.95,1,1,Lost/Inactive,,1
17379,11,1,404.66,0,3,New/Occasional,,0
17380,434,3,645.0,1,2,At-Risk,128.62692434908345,1
17381,9,38,40002.37,1,0,Champions,17896.026887147425,0
17382,65,8,902.28,0,2,At-Risk,405.5270691248873,0
17383,4,2,309.99,0,3,New/Occasional,241.90814334211765,0
17384,19,3,507.55,0,3,New/Occasional,299.9928974355388,0
17385,15,1,261.11,0,3,New/Occasional,,0
17386,8,7,2812.77,0,0,Champions,2390.3526753132883,0
17387,20,2,784.11,0,3,New/Occasional,2630.325366297261,0
17388,78,11,2691.57,0,2,At-Risk,1112.6706213336877,1
17389,1,61,57224.68,18,0,Champions,23969.47266023544,0
17390,421,1,149.3,0,1,Lost/Inactive,,1
17391,164,2,508.8,0,1,Lost/Inactive,184.65732281580787,1
17392,307,3,626.56,0,2,At-Risk,327.23371148667223,1
17393,411,2,381.15,0,1,Lost/Inactive,131.60957686507064,1
17394,219,1,203.87,0,1,Lost/Inactive,,1
17395,508,1,97.5,0,1,Lost/Inactive,,1
17396,39,14,8807.1,7,0,Champions,6100.267049126644,0
17397,22,3,1233.18,0,3,New/Occasional,893.4052009905462,0
17398,115,3,653.38,0,2,At-Risk,482.82144920955386,1
17400,126,8,4677.05,0,2,At-Risk,1803.9906791872545,1
17401,541,1,114.85,0,1,Lost/Inactive,,1
17402,5,23,5096.18,4,0,Champions,2197.3798991010035,0
17403,36,2,400.57,0,3,New/Occasional,339.1900123697308,0
17404,4,23,47781.12,5,0,Champions,21643.28167765819,0
17405,1,3,1031.41,12,3,New/Occasional,1389.2081178450114,0
17406,333,13,4905.05,10,2,At-Risk,790.7568114590146,1
17407,412,1,552.9,0,1,Lost/Inactive,,1
17408,163,3,316.09000000000003,1,1,Lost/Inactive,38.3894425981139,1
17409,185,10,7793.51,0,2,At-Risk,3100.432308814821,1
17410,16,5,1214.72,0,3,New/Occasional,1297.5892273447046,0
17411,12,5,1425.38,10,3,New/Occasional,544.022114158305,0
17412,3,16,4417.52,6,0,Champions,1749.057301466392,0
17413,405,2,560.14,0,1,Lost/Inactive,255.2209160065368,1
17414,44,6,2249.52,0,2,At-Risk,972.9943996256447,0
17415,80,1,507.84,0,1,Lost/Inactive,,1
17416,30,22,17298.45,3,0,Champions,7441.100965816113,0
17417,549,1,164.18,0,1,Lost/Inactive,,1
17418,42,3,670.0600000000001,0,3,New/Occasional,481.5239391932014,0
17419,11,18,6500.52,2,0,Champions,2953.841686227138,0
17420,50,6,1084.43,2,2,At-Risk,747.0688152775676,0
17421,386,3,1059.41,0,2,At-Risk,484.7665589197272,1
17422,16,11,3594.76,28,0,Champions,1980.244158250622,0
17423,46,3,1118.95,2,3,New/Occasional,713.7435896302162,0
17425,19,2,759.1700000000001,0,3,New/Occasional,349.4402163591077,0
17426,8,13,8077.77,13,0,Champions,3951.878234711532,0
17427,72,1,100.8,0,1,Lost/Inactive,,0
17428,1,45,31819.76,19,0,Champions,13064.565932886382,0
17429,128,5,1357.46,4,2,At-Risk,649.1082872289579,1
17430,33,4,735.17,0,3,New/Occasional,409.59410879986535,0
17431,313,1,403.3,0,1,Lost/Inactive,,1
17432,18,9,1751.39,0,0,Champions,747.6638419373717,0
17433,88,2,569.96,0,3,New/Occasional,407.83783018403045,1
17434,2,7,2373.82,4,0,Champions,4672.61403746708,0
17435,411,1,331.35,0,1,Lost/Inactive,,1
17436,2,5,534.0600000000001,4,3,New/Occasional,232.6934021608013,0
17437,530,1,373.17,0,1,Lost/Inactive,,1
17438,254,5,1422.77,2,2,At-Risk,607.3802769458835,1
17439,656,1,325.74,0,1,Lost/Inactive,-6.276467322626419,1
17440,157,4,323.58,3,1,Lost/Inactive,141.178072709738,1
17441,732,1,293.35,0,1,Lost/Inactive,-5.679073001230779,1
17442,37,15,4620.3,11,0,Champions,1999.813714909468,0
17443,220,1,534.24,0,1,Lost/Inactive,,1
17444,148,3,2940.04,0,2,At-Risk,2553.629390691641,1
17446,177,2,120.9,0,1,Lost/Inactive,81.63989077440166,1
17447,40,2,541.53,0,3,New/Occasional,726.998073873692,0
17448,497,46,14556.97,17,0,Champions,0.0011978018054805,1
17449,2,13,4951.15,2,0,Champions,2103.892886766353,0
17450,8,51,246973.09,23,0,Champions,141552.48561291915,0
17451,1,7,1721.4,7,0,Champions,3211.0975935037445,0
17453,18,2,486.72,0,3,New/Occasional,682.9852278679812,0
17454,192,10,1547.94,1,2,At-Risk,616.0986216721054,1
17455,204,1,131.7,0,1,Lost/Inactive,,1
17456,365,2,1225.42,0,2,At-Risk,407.1513557703001,1
17457,127,14,5984.81,8,0,Champions,2426.231223066413,1
17458,15,2,529.58,0,3,New/Occasional,440.9403254887261,0
17459,43,2,657.3,0,3,New/Occasional,1621.844931609151,0
17460,94,16,2228.27,17,0,Champions,914.9074323059656,1
17461,23,3,757.46,0,3,New/Occasional,2328.950584601788,0
17462,60,2,675.69,1,3,New/Occasional,370.5557135118034,0
17463,16,7,2557.91,5,0,Champions,1222.0162053722856,0
17464,158,3,1000.94,3,2,At-Risk,454.78283827319706,1
17465,426,7,2542.79,2,2,At-Risk,598.883167951668,1
17466,10,2,763.28,0,3,New/Occasional,1287.577582416667,0
17467,395,1,102.6,0,1,Lost/Inactive,,1
17468,10,3,194.8,0,3,New/Occasional,149.91187755497373,0
17469,16,17,5051.25,10,0,Champions,2125.629042458692,0
17470,45,11,2804.87,0,0,Champions,1558.8755168811765,0
17471,475,1,321.65000000000003,0,1,Lost/Inactive,,1
17472,191,4,935.1,0,2,At-Risk,420.7183612012636,1
17473,409,2,607.0,1,1,Lost/Inactive,199.66999226229456,1
17474,600,1,1047.0,0,1,Lost/Inactive,-6.796746655934448,1
17475,79,1,194.37,0,1,Lost/Inactive,,1
17476,396,2,489.86,3,1,Lost/Inactive,157.02781172086986,1
17477,613,2,1144.3,3,2,At-Risk,127.3518169988236,1
17478,408,2,1272.8000000000002,0,2,At-Risk,409.34107810561113,1
17479,633,1,389.2600000000001,0,1,Lost/Inactive,-6.480167478704159,1
17480,78,2,902.03,2,3,New/Occasional,611.9307006208375,1
17481,4,4,1255.59,1,3,New/Occasional,2638.1266878509987,0
17482,487,2,778.19,0,1,Lost/Inactive,301.3512322862477,1
17483,65,4,591.73,0,3,New/Occasional,364.59027737523775,0
17484,576,2,209.57,0,1,Lost/Inactive,29.71485141570493,1
17486,261,1,396.87,0,1,Lost/Inactive,,1
17487,728,1,160.55,0,1,Lost/Inactive,-5.707284289501995,1
17488,641,1,336.5,0,1,Lost/Inactive,-6.398898578579876,1
17489,59,2,376.64,0,3,New/Occasional,367.172229684605,0
17490,1,9,2750.5,10,0,Champions,1410.7933814740752,0
17491,1,17,5981.07,1,0,Champions,2998.133246876626,0
17492,248,3,1122.42,0,2,At-Risk,568.7474938625551,1
17493,385,1,100.91,0,1,Lost/Inactive,,1
17494,502,1,54.7,0,1,Lost/Inactive,,1
17495,8,3,806.72,5,3,New/Occasional,517.015113627381,0
17496,359,4,1412.89,2,2,At-Risk,509.920199285508,1
17497,390,2,287.25,0,1,Lost/Inactive,64.47870970551907,1
17498,76,1,272.22,0,1,Lost/Inactive,,1
17499,290,2,1341.39,2,2,At-Risk,548.9169605873908,1
17500,17,3,1138.0,0,3,New/Occasional,4098.058689357206,0
17501,221,2,288.6,0,1,Lost/Inactive,,1
17502,9,4,689.1,0,3,New/Occasional,2044.0306057413331,0
17503,3,2,558.96,0,3,New/Occasional,1298.5631557694894,0
17504,206,18,9565.12,13,0,Champions,3092.34003113407,1
17505,162,5,2435.48,0,2,At-Risk,931.398433782736,1
17506,76,1,302.2,2,1,Lost/Inactive,,1
17507,262,2,605.58,0,1,Lost/Inactive,302.0061248773944,1
17508,281,8,4579.23,1,2,At-Risk,1562.7307642818273,1
17509,58,8,6115.14,3,0,Champions,5826.113443257217,0
17510,25,2,514.56,0,3,New/Occasional,394.9131836189218,0
17511,3,60,175603.55,223,0,Champions,73265.1107111864,0
17512,29,18,5467.820000000001,2,0,Champions,2035.845625202075,0
17513,72,3,1158.8,0,2,At-Risk,662.4155235301324,0
17514,128,2,542.83,0,1,Lost/Inactive,174.74731635009738,1
17515,31,9,1617.46,0,0,Champions,868.4823880785214,0
17516,15,6,957.55,0,3,New/Occasional,695.6141514167499,0
17517,309,1,153.94,0,1,Lost/Inactive,,1
17518,426,2,329.42,0,1,Lost/Inactive,126.11284371922804,1
17519,17,15,5109.47,2,0,Champions,2116.3159814416417,0
17520,54,1,546.81,0,3,New/Occasional,,0
17521,30,5,1278.06,1,3,New/Occasional,828.8369561259923,0
17522,2,5,1070.71,0,3,New/Occasional,1304.423086588866,0
17523,11,4,652.74,0,3,New/Occasional,2201.400596295436,0
17524,361,3,539.14,2,1,Lost/Inactive,119.86461740047034,1
17525,360,3,1161.9,0,2,At-Risk,366.3169919277695,1
17526,5,12,4166.04,4,0,Champions,1580.6502030950212,0
17527,54,4,939.37,2,3,New/Occasional,948.754318085595,0
17528,1,8,3628.5,7,0,Champions,6925.152285272135,0
17529,610,2,1240.25,0,2,At-Risk,158.26681390796705,1
17530,1,12,3141.51,1,0,Champions,1305.9311480016515,0
17531,190,3,1266.82,7,2,At-Risk,472.1333316504498,1
17532,386,1,65.34,0,1,Lost/Inactive,,1
17533,435,1,34.8,0,1,Lost/Inactive,,1
17534,54,5,1668.83,0,2,At-Risk,652.2399688466749,0
17535,280,1,164.4,0,1,Lost/Inactive,,1
17536,177,3,364.83,0,1,Lost/Inactive,204.7974452790848,1
17537,30,2,897.62,0,3,New/Occasional,447.66413735885607,0
17538,26,1,98.42,0,3,New/Occasional,,0
17539,618,4,1226.57,3,2,At-Risk,82.5082018214151,1
17540,25,6,1590.6,1,3,New/Occasional,742.1879144501187,0
17541,510,1,124.46,0,1,Lost/Inactive,,1
17542,270,3,341.7,0,1,Lost/Inactive,140.8858009538327,1
17543,550,1,120.05,0,1,Lost/Inactive,,1
17544,390,3,960.69,0,2,At-Risk,,1
17545,43,6,1448.54,0,2,At-Risk,812.2871302520657,0
17547,376,2,727.85,7,1,Lost/Inactive,238.28227106456777,1
17548,234,4,731.26,19,2,At-Risk,414.7381885724797,1
17549,24,2,148.86,0,3,New/Occasional,627.0740566076045,0
17550,197,9,2547.64,17,2,At-Risk,1096.718379053044,1
17551,359,1,306.84,0,1,Lost/Inactive,,1
17552,60,12,3085.29,6,0,Champions,1411.0547933899882,0
17553,130,4,3757.6,0,2,At-Risk,1814.9633416883044,1
17554,1,5,1952.45,0,3,New/Occasional,2205.762120338213,0
17555,20,5,1057.74,0,3,New/Occasional,556.9799058558469,0
17556,206,2,300.67,0,1,Lost/Inactive,198.6408167622137,1
17557,14,4,575.46,0,3,New/Occasional,290.4463610620167,0
17558,393,1,259.17,0,1,Lost/Inactive,,1
17559,513,1,167.62,0,1,Lost/Inactive,,1
17560,95,8,1895.8,0,2,At-Risk,850.6445937206545,1
17561,19,4,722.34,0,3,New/Occasional,283.8978765476454,0
17562,14,7,1122.38,1,3,New/Occasional,1297.33581054566,0
17563,578,2,392.38,6,1,Lost/Inactive,12.077709976583863,1
17564,24,3,454.01,0,3,New/Occasional,1062.0377146047324,0
17565,587,1,131.83,0,1,Lost/Inactive,-6.930152240212308,1
17566,8,2,901.21,0,3,New/Occasional,3242.9988094399864,0
17567,7,9,5356.03,12,0,Champions,3518.460125615603,0
17568,633,1,382.79,0,1,Lost/Inactive,-6.471035454678373,1
17569,332,1,344.14,0,1,Lost/Inactive,,1
17570,382,1,100.0,1,1,Lost/Inactive,,1
17571,50,5,1703.75,0,2,At-Risk,986.8568837441308,0
17572,71,10,723.0100000000001,0,2,At-Risk,304.5445734637033,0
17573,29,3,380.6,1,3,New/Occasional,602.3278938064801,0
17574,243,1,185.65,0,1,Lost/Inactive,,1
17575,667,1,171.7,0,1,Lost/Inactive,-6.175206600227606,1
17576,8,41,9056.81,7,0,Champions,3732.582620482677,0
17577,645,2,348.75,0,1,Lost/Inactive,59.176123787157685,1
17578,218,7,1047.33,5,2,At-Risk,551.1017549014679,1
17579,5,4,753.28,2,3,New/Occasional,298.6210056571752,0
17580,253,5,545.27,0,2,At-Risk,233.1830048769682,1
17581,1,43,18757.75,31,0,Champions,8003.872165015329,0
17582,236,5,1450.7,1,2,At-Risk,622.8763332344058,1
17583,560,1,135.95,0,1,Lost/Inactive,-7.213382267708189,1
17584,7,6,5309.42,1,0,Champions,2517.0270556919,0
17585,109,7,2093.3,0,2,At-Risk,1184.9638143282823,1
17586,619,1,167.4,0,1,Lost/Inactive,-6.601281572091574,1
17587,628,1,181.66,0,1,Lost/Inactive,-6.516955680767672,1
17588,100,7,2939.55,4,2,At-Risk,1352.1591824435927,1
17589,60,18,14049.87,10,0,Champions,6635.258656943296,0
17590,2,3,1479.22,0,3,New/Occasional,4972.532626914729,0
17591,73,8,2776.67,1,2,At-Risk,1289.820276653661,0
17592,739,1,148.3,13,1,Lost/Inactive,-5.6372766162016354,1
17593,4,11,8095.8,10,0,Champions,3280.095558144687,0
17594,85,4,2497.88,0,2,At-Risk,1185.843849860649,1
17595,12,2,388.79,0,3,New/Occasional,1363.85885389776,0
17596,23,13,4920.67,2,0,Champions,2009.8356062674093,0
17597,214,5,3484.09,6,2,At-Risk,1836.765588660881,1
17598,381,1,409.98,0,1,Lost/Inactive,,1
17599,478,1,52.05,2,1,Lost/Inactive,,1
17600,18,1,161.67000000000002,0,3,New/Occasional,,0
17601,239,2,421.48,0,1,Lost/Inactive,139.65102250787305,1
17602,2,14,7451.13,10,0,Champions,3675.324744504231,0
17603,78,4,1793.48,9,2,At-Risk,800.5391876498287,1
17604,217,6,945.93,0,2,At-Risk,388.8438853002476,1
17605,590,1,160.75,0,1,Lost/Inactive,-6.888547871033615,1
17606,737,1,87.30000000000001,0,1,Lost/Inactive,-5.644199783353973,1
17607,376,1,333.81,0,1,Lost/Inactive,,1
17608,33,4,498.53,0,3,New/Occasional,235.7835914136391,0
17609,41,11,1894.34,3,0,Champions,838.4352742822967,0
17610,540,5,1529.49,15,2,At-Risk,164.8775248805783,1
17611,7,28,8371.98,9,0,Champions,3387.6191630795065,0
17612,53,18,5394.86,28,0,Champions,2293.2414642445906,0
17613,23,14,4559.150000000001,7,0,Champions,3846.201321002211,0
17614,57,1,390.07,0,3,New/Occasional,,0
17615,130,6,733.2,1,2,At-Risk,417.299192261089,1
17616,174,4,1060.8,0,2,At-Risk,696.9007285426417,1
17617,559,1,395.33,2,1,Lost/Inactive,,1
17618,6,11,4073.24,5,0,Champions,1756.6780205189316,0
17619,312,1,218.52,0,1,Lost/Inactive,,1
17620,60,1,81.44,0,1,Lost/Inactive,,0
17621,21,6,3175.12,2,0,Champions,1476.2731144381453,0
17622,598,2,1130.21,1,2,At-Risk,84.17788886492343,1
17623,33,7,2383.67,0,0,Champions,1049.3116307358596,0
17624,15,4,1568.63,0,3,New/Occasional,679.9055633509734,0
17625,18,8,6067.8,0,0,Champions,2548.152421848718,0
17626,603,1,254.0,0,1,Lost/Inactive,-6.766689536921489,1
17627,479,1,296.36,1,1,Lost/Inactive,,1
17628,81,1,75.75,0,1,Lost/Inactive,,1
17629,6,10,2455.52,1,0,Champions,1583.500300812563,0
17630,170,2,503.6,0,1,Lost/Inactive,289.8802191403565,1
17631,2,7,998.49,0,3,New/Occasional,448.0296936524445,0
17633,31,7,2057.39,2,2,At-Risk,1405.0260122711234,0
17634,36,9,2361.9700000000003,0,0,Champions,1428.888968504467,0
17635,424,3,1265.58,1,2,At-Risk,367.5023395618493,1
17636,19,1,285.56,4,3,New/Occasional,,0
17637,31,2,547.0600000000001,0,3,New/Occasional,697.1230252214954,0
17638,647,2,842.4000000000001,0,1,Lost/Inactive,84.50934332117022,1
17639,276,6,615.17,0,2,At-Risk,278.8088439065358,1
17640,87,6,3168.94,2,2,At-Risk,1498.6833006088118,1
17642,120,5,1824.49,0,2,At-Risk,767.5852396188164,1
17643,373,2,541.25,0,1,Lost/Inactive,166.20006211716594,1
17644,1,20,6028.6,17,0,Champions,2618.970778164629,0
17646,219,12,4149.79,9,2,At-Risk,1417.188597734141,1
17647,65,3,331.66,0,3,New/Occasional,114.19704216064072,0
17648,61,5,2216.37,1,2,At-Risk,1672.85069308436,0
17649,138,3,1578.89,3,2,At-Risk,751.7165681050561,1
17650,21,1,166.07999999999998,0,3,New/Occasional,,0
17651,12,16,5703.52,9,0,Champions,3235.679995570616,0
17652,25,12,4867.72,11,0,Champions,4766.102987368023,0
17653,37,4,1207.56,6,3,New/Occasional,2320.7729512135056,0
17654,277,1,117.55,0,1,Lost/Inactive,,1
17655,11,9,3652.48,2,0,Champions,2547.0537793408325,0
17656,73,5,1674.69,0,2,At-Risk,2470.912105175149,0
17657,430,1,126.0,0,1,Lost/Inactive,,1
17658,26,2,595.42,4,3,New/Occasional,617.194100703721,0
17659,17,14,3834.79,4,0,Champions,2563.754337466361,0
17660,141,2,359.47,0,1,Lost/Inactive,150.49129174180706,1
17662,662,2,412.92,0,1,Lost/Inactive,20.4103996160691,1
17663,26,17,5175.83,11,0,Champions,2287.853076422748,0
17664,19,4,1166.23,0,3,New/Occasional,532.8328158807587,0
17665,493,1,563.1,0,1,Lost/Inactive,,1
17666,4,5,2047.8,0,3,New/Occasional,1178.9473077666344,0
17667,66,9,3950.7,3,0,Champions,1800.86314195668,0
17668,1,2,347.75,0,3,New/Occasional,1109.2638236485534,0
17669,43,10,6142.35,0,0,Champions,2466.912430917553,0
17670,228,1,205.7,0,1,Lost/Inactive,,1
17671,16,5,2403.34,8,3,New/Occasional,1788.1042408320836,0
17672,50,7,5778.63,5,0,Champions,2931.9089846017964,0
17673,2,13,4233.58,2,0,Champions,1881.687571393436,0
17674,74,2,851.7,0,3,New/Occasional,352.49345551329674,0
17675,1,70,38259.6,36,0,Champions,16229.6058488201,0
17676,4,10,2765.84,5,0,Champions,1277.86866277675,0
17677,2,54,36692.91,49,0,Champions,15528.040503619795,0
17678,264,2,599.76,1,1,Lost/Inactive,256.1450728793286,1
17679,53,7,3577.61,24,2,At-Risk,1504.4375678534293,0
17680,24,3,497.4500000000001,1,3,New/Occasional,224.2111359473868,0
17681,597,5,731.2,1,2,At-Risk,34.3943032173116,1
17682,10,11,4456.78,1,0,Champions,2090.466369026691,0
17683,386,3,819.01,0,2,At-Risk,178.06664120097986,1
17684,44,1,239.41,0,3,New/Occasional,,0
17685,17,12,5943.17,2,0,Champions,2604.956804454713,0
17686,7,9,8296.81,0,0,Champions,4433.762020819494,0
17687,421,1,432.68,0,1,Lost/Inactive,,1
17688,394,1,304.2,1,1,Lost/Inactive,,1
17689,388,2,317.08,0,1,Lost/Inactive,116.02865367937429,1
17690,30,20,7448.1,2,0,Champions,3377.0968460022523,0
17691,358,4,780.0500000000001,1,2,At-Risk,295.4995946007036,1
17692,127,12,2975.8,2,2,At-Risk,1489.045244376252,1
17693,137,1,200.47,2,1,Lost/Inactive,,1
17694,142,3,1695.97,0,2,At-Risk,796.6144342644913,1
17695,132,5,1746.04,1,2,At-Risk,765.5910842526674,1
17696,38,27,7679.59,35,0,Champions,3154.307853735876,0
17697,236,1,338.95,0,1,Lost/Inactive,,1
17698,261,1,154.95,0,1,Lost/Inactive,,1
17699,477,2,442.0,0,1,Lost/Inactive,152.31821210839323,1
17700,17,14,6679.97,8,0,Champions,2660.6935396658123,0
17701,253,1,417.95,0,1,Lost/Inactive,,1
17702,30,6,3144.04,15,0,Champions,1919.9892824799083,0
17703,35,4,1094.84,0,3,New/Occasional,699.3922298388876,0
17704,169,2,885.19,0,2,At-Risk,839.740064791027,1
17705,3,11,2083.9,5,0,Champions,1125.9909518445056,0
17706,4,31,20749.98,37,0,Champions,8505.176765216105,0
17707,185,8,609.3,1,2,At-Risk,251.33908906330623,1
17708,188,4,887.9300000000001,0,2,At-Risk,466.9501243761372,1
17709,170,5,671.01,0,2,At-Risk,245.27318920289872,1
17710,424,1,293.5,0,1,Lost/Inactive,,1
17711,11,2,385.1,0,3,New/Occasional,291.2167849997506,0
17712,45,1,522.91,0,3,New/Occasional,,0
17713,382,4,1198.09,0,2,At-Risk,382.83308219385015,1
17714,321,5,1410.18,4,2,At-Risk,478.6429904994311,1
17715,201,2,489.6,0,1,Lost/Inactive,293.8447446582405,1
17716,23,24,15956.97,13,0,Champions,6710.516842582945,0
17717,421,1,376.92,0,1,Lost/Inactive,,1
17718,232,2,439.18,1,1,Lost/Inactive,117.26149455998986,1
17719,38,15,5396.04,4,0,Champions,5200.765422132538,0
17720,26,10,2768.91,3,0,Champions,1490.9669099504274,0
17721,659,1,307.21000000000004,0,1,Lost/Inactive,-6.242345564784637,1
17722,96,5,4430.36,5,2,At-Risk,2953.088744070359,1
17723,127,7,3378.4000000000005,0,2,At-Risk,2622.7205536700862,1
17724,71,3,1033.0,5,2,At-Risk,1430.7532825849391,0
17725,16,11,3439.08,6,0,Champions,3347.844772069705,0
17726,395,7,1092.06,1,2,At-Risk,220.8073466610095,1
17727,15,1,1060.25,1,3,New/Occasional,,0
17728,4,5,4238.76,7,0,Champions,2515.289083093428,0
17729,596,1,438.65,0,1,Lost/Inactive,-6.827072978046038,1
17730,3,20,7773.8,3,0,Champions,3970.109533766367,0
17731,79,6,1708.99,16,2,At-Risk,727.8665405212107,1
17732,373,8,2470.39,3,2,At-Risk,86.68936212396365,1
17733,39,2,692.19,0,3,New/Occasional,887.567223826774,0
17734,54,6,1442.32,0,2,At-Risk,613.8417045834673,0
17735,2,26,17244.93,5,0,Champions,10436.809769781705,0
17736,9,3,377.44,1,3,New/Occasional,191.2733727387087,0
17737,9,2,168.24,0,3,New/Occasional,411.6187911925102,0
17738,19,13,4183.56,3,0,Champions,1973.885866136048,0
17739,12,18,7730.59,3,0,Champions,3220.851620089072,0
17740,389,6,426.9,0,2,At-Risk,119.8262233226309,1
17741,407,2,101.1,0,1,Lost/Inactive,46.86580665053721,1
17742,113,11,2098.48,0,2,At-Risk,831.9273432065563,1
17743,448,1,229.2,2,1,Lost/Inactive,,1
17744,4,7,2649.14,1,0,Champions,1974.0374777891543,0
17745,478,2,600.34,0,1,Lost/Inactive,65.13713828548252,1
17746,240,4,904.18,4,2,At-Risk,330.83331079918526,1
17747,113,1,71.4,1,1,Lost/Inactive,,1
17748,527,1,358.15,0,1,Lost/Inactive,,1
17749,178,3,1026.18,0,2,At-Risk,501.7081755664277,1
17750,5,9,1797.57,0,0,Champions,2348.893526209228,0
17751,421,1,157.86,0,1,Lost/Inactive,,1
17752,359,1,80.64,0,1,Lost/Inactive,,1
17753,464,4,390.56,1,1,Lost/Inactive,171.06686512098156,1
17754,1,13,4577.53,4,0,Champions,1946.1602665723235,0
17756,376,3,733.7,0,2,At-Risk,153.35236596241265,1
17757,1,56,9422.45,5,0,Champions,4165.579684705003,0
17758,19,12,5012.53,0,0,Champions,2630.045142966248,0
17759,17,5,1276.91,0,3,New/Occasional,750.9107921477504,0
17760,22,6,918.93,1,3,New/Occasional,438.70189725619343,0
17761,33,1,712.78,0,3,New/Occasional,,0
17762,456,1,129.75,0,1,Lost/Inactive,,1
17763,263,4,86.15,6,1,Lost/Inactive,43.89816651563961,1
17764,51,5,1623.64,0,2,At-Risk,716.0184855858804,0
17765,159,4,530.8,0,2,At-Risk,295.11728290068714,1
17766,381,2,299.61,0,1,Lost/Inactive,,1
17767,15,2,413.05,0,3,New/Occasional,355.8234315616695,0
17768,8,7,3509.51,1,0,Champions,1503.2941160229998,0
17769,13,17,7103.08,12,0,Champions,3185.3409691123966,0
17770,199,5,1143.27,0,2,At-Risk,476.2322563367544,1
17771,57,4,387.41,0,3,New/Occasional,241.8024045740287,0
17772,11,3,384.77,0,3,New/Occasional,251.04946839436468,0
17773,514,2,585.27,0,1,Lost/Inactive,124.14613958505068,1
17774,97,9,3328.05,4,2,At-Risk,1376.9303773990107,1
17775,255,1,56.4,0,1,Lost/Inactive,,1
17776,387,2,338.56,1,1,Lost/Inactive,86.82358478018816,1
17777,25,3,665.86,0,3,New/Occasional,1315.075183295763,0
17778,662,1,197.7,0,1,Lost/Inactive,-6.22542388409647,1
17779,21,3,658.57,2,3,New/Occasional,751.6712077584858,0
17780,667,3,352.91,0,1,Lost/Inactive,42.40681696370023,1
17781,159,2,188.02,0,1,Lost/Inactive,149.5787474280456,1
17782,383,2,679.02,0,1,Lost/Inactive,,1
17783,72,3,379.91,0,3,New/Occasional,231.6069298757561,0
17784,550,1,112.86,0,1,Lost/Inactive,,1
17785,53,3,403.38,0,3,New/Occasional,216.72968412139,0
17786,85,2,278.74,0,1,Lost/Inactive,260.2616631036964,1
17787,153,4,2601.4700000000003,0,2,At-Risk,1028.5181301695818,1
17788,74,2,1117.9,0,3,New/Occasional,3189.7985914533847,0
17789,281,2,397.15,0,1,Lost/Inactive,179.94342333581017,1
17790,27,20,2783.61,0,0,Champions,1477.922894854453,0
17791,30,1,106.1,0,3,New/Occasional,,0
17792,467,2,370.05,0,1,Lost/Inactive,48.38724252057232,1
17793,25,1,323.04,0,3,New/Occasional,,0
17794,687,2,147.3,0,1,Lost/Inactive,2.768172139267752,1
17795,180,2,350.39,0,1,Lost/Inactive,297.82039159240986,1
17796,40,7,1361.99,0,2,At-Risk,945.644760702602,0
17797,22,8,1985.87,0,0,Champions,855.0197787017221,0
17798,582,1,183.09,0,1,Lost/Inactive,-6.982872499969936,1
17799,22,20,6341.89,7,0,Champions,2662.0625482019914,0
17800,37,9,1199.01,0,2,At-Risk,971.3913242214584,0
17801,451,3,798.33,1,2,At-Risk,189.8115260945929,1
17802,82,10,5053.12,19,0,Champions,2090.679640563949,1
17803,392,1,184.66,0,1,Lost/Inactive,,1
17804,376,3,385.23,1,1,Lost/Inactive,138.14032512744143,1
17805,74,2,927.03,0,3,New/Occasional,466.7679012309309,0
17806,11,1,546.04,0,3,New/Occasional,,0
17807,395,3,437.87,0,1,Lost/Inactive,132.735627970537,1
17808,549,4,262.64,0,1,Lost/Inactive,4.732870848323257,1
17809,16,20,11337.39,5,0,Champions,4646.830392288459,0
17810,669,2,374.81,1,1,Lost/Inactive,14.142159550029684,1
17811,4,47,9609.8,22,0,Champions,6257.466476779404,0
17812,13,7,1165.89,0,3,New/Occasional,679.0519306456451,0
17813,14,5,1770.88,7,3,New/Occasional,4225.575090596404,0
17814,375,2,1617.32,0,2,At-Risk,585.4902074638796,1
17815,393,1,591.96,0,1,Lost/Inactive,,1
17816,37,6,112.32,0,3,New/Occasional,44.84967076047394,0
17817,4,6,807.85,2,3,New/Occasional,581.5062071215807,0
17818,738,1,130.18,0,1,Lost/Inactive,-5.644199783353973,1
17819,72,12,6612.52,1,0,Champions,2733.102133933055,0
17820,374,1,183.56,5,1,Lost/Inactive,,1
17821,406,1,334.62,0,1,Lost/Inactive,,1
17822,420,5,2188.5,0,2,At-Risk,779.1865115933048,1
17823,421,2,494.25,0,1,Lost/Inactive,,1
17824,51,1,298.4,0,3,New/Occasional,,0
17825,599,4,731.96,0,2,At-Risk,125.04779659516213,1
17826,374,1,134.59,0,1,Lost/Inactive,,1
17827,5,6,2388.05,1,0,Champions,1236.9411331603428,0
17828,23,4,1820.09,15,3,New/Occasional,1659.9737565045282,0
17829,299,5,4756.74,1,2,At-Risk,1684.1049264630665,1
17830,2,3,398.7,0,3,New/Occasional,283.81754316821355,0
17831,33,1,35.400000000000006,0,1,Lost/Inactive,,0
17832,50,1,155.37,0,1,Lost/Inactive,,0
17833,723,1,342.36,0,1,Lost/Inactive,-5.742946166673313,1
17834,415,2,730.47,0,1,Lost/Inactive,184.45443768852724,1
17835,3,3,350.64,0,3,New/Occasional,1277.0490657846665,0
17836,47,1,110.21,0,1,Lost/Inactive,,0
17837,42,8,1593.38,3,2,At-Risk,2325.8664924719687,0
17838,27,13,6722.900000000001,18,0,Champions,3230.213155467497,0
17839,42,1,338.8,0,3,New/Occasional,,0
17840,444,1,185.72,0,1,Lost/Inactive,,1
17841,2,211,70884.07,207,0,Champions,29546.783147763657,0
17842,602,1,430.69,0,1,Lost/Inactive,-6.766689536921489,1
17843,303,2,326.23,0,1,Lost/Inactive,205.87199996474135,1
17844,107,1,51.56,0,1,Lost/Inactive,,1
17845,555,4,598.19,0,2,At-Risk,47.6374434166213,1
17846,85,1,2033.1,0,2,At-Risk,,1
17847,516,2,129.69,0,1,Lost/Inactive,52.37531133051895,1
17848,81,30,3650.9,1,0,Champions,1455.984938116913,1
17849,218,8,1063.76,0,2,At-Risk,434.50638256184646,1
17850,372,155,56600.08,31,0,Champions,6.778015786611968,1
17851,422,6,1563.34,0,2,At-Risk,356.8879955639516,1
17852,12,5,663.21,0,3,New/Occasional,308.8665029201451,0
17853,407,3,1608.19,0,2,At-Risk,522.6705831987273,1
17854,185,6,1071.45,0,2,At-Risk,460.04512246731616,1
17855,373,1,417.94,0,1,Lost/Inactive,,1
17856,2,4,1418.03,2,3,New/Occasional,1144.6327767202454,0
17857,4,24,28682.24,2,0,Champions,13914.889662486286,0
17858,6,30,12797.65,2,0,Champions,5303.46750467924,0
17859,305,1,148.21,0,1,Lost/Inactive,,1
17860,369,4,1015.54,0,2,At-Risk,405.18110287141246,1
17861,3,18,5127.69,5,0,Champions,2127.2414297200567,0
17862,324,4,1279.09,0,2,At-Risk,619.9087456058742,1
17863,59,12,5745.2,0,0,Champions,2690.0439043475817,0
17864,13,5,924.32,0,3,New/Occasional,581.9526012758231,0
17865,31,46,26374.39,44,0,Champions,10976.17064994966,0
17866,143,3,1134.95,1,2,At-Risk,579.9534070057873,1
17867,30,15,1621.2800000000002,22,0,Champions,687.750829453285,0
17868,386,1,234.65,0,1,Lost/Inactive,,1
17869,107,7,1036.16,0,2,At-Risk,549.5154316208826,1
17870,2,13,3108.15,1,0,Champions,1810.4628601503648,0
17871,205,5,1118.99,0,2,At-Risk,451.1999471560564,1
17872,382,1,235.87,0,1,Lost/Inactive,,1
17873,80,18,6515.88,9,0,Champions,2628.411241310087,1
17874,185,6,683.46,1,2,At-Risk,720.7528087746813,1
17875,688,1,167.1,0,1,Lost/Inactive,-6.005669799020108,1
17876,400,3,3424.02,0,2,At-Risk,1414.3814063334132,1
17877,170,1,237.61,0,1,Lost/Inactive,,1
17878,44,3,1412.33,0,3,New/Occasional,507.4657692474344,0
17879,174,1,178.52,0,1,Lost/Inactive,,1
17880,365,3,824.9200000000001,0,2,At-Risk,349.64395983555363,1
17881,304,1,133.35,0,1,Lost/Inactive,,1
17882,379,2,313.46,0,1,Lost/Inactive,,1
17883,3,7,995.85,1,3,New/Occasional,449.8519935834904,0
17884,4,20,3072.89,7,0,Champions,1290.9579361931528,0
17885,12,1,190.19,0,3,New/Occasional,,0
17886,32,6,1608.38,1,3,New/Occasional,867.951344488737,0
17887,129,1,111.35,0,1,Lost/Inactive,,1
17888,21,25,1820.44,43,0,Champions,777.0220129987248,0
17889,212,7,774.87,0,2,At-Risk,422.7656687786831,1
17890,323,2,602.09,0,1,Lost/Inactive,110.03457702071664,1
17891,162,1,203.86,0,1,Lost/Inactive,,1
17892,56,3,244.1,0,3,New/Occasional,216.2599681445013,0
17893,225,1,112.25,0,1,Lost/Inactive,,1
17894,72,18,2453.38,8,0,Champions,1482.3098279245587,0
17895,44,1,98.0,0,1,Lost/Inactive,,0
17896,23,1,256.32,0,3,New/Occasional,,0
17897,173,9,2585.0,2,2,At-Risk,1259.264826146799,1
17898,85,4,299.18,0,3,New/Occasional,124.68651324321372,1
17899,159,1,155.8,0,1,Lost/Inactive,,1
17900,190,2,112.2,5,1,Lost/Inactive,,1
17901,29,3,260.08,0,3,New/Occasional,119.69622347297332,0
17902,547,1,216.4,0,1,Lost/Inactive,,1
17903,394,1,381.09,0,1,Lost/Inactive,,1
17904,21,1,191.67,1,3,New/Occasional,,0
17905,71,13,2383.52,1,0,Champions,1055.2677502309143,0
17906,247,1,72.9,0,1,Lost/Inactive,,1
17907,641,1,291.76,0,1,Lost/Inactive,-6.407827313905342,1
17908,374,5,1411.54,3,2,At-Risk,415.7594415421855,1
17909,737,1,132.55,0,1,Lost/Inactive,-5.644199783353973,1
17910,726,1,261.7,0,1,Lost/Inactive,-5.721495606554126,1
17911,9,1,366.23,0,3,New/Occasional,,0
17912,310,6,375.5,2,2,At-Risk,56.836438155702965,1
17913,59,14,3479.64,0,0,Champions,1420.803088281603,0
17914,4,1,336.43,0,3,New/Occasional,,0
17915,551,1,242.13,0,1,Lost/Inactive,,1
17916,629,2,43.87,0,1,Lost/Inactive,9.17837784803852,1
17917,45,3,341.28,0,3,New/Occasional,254.87176058852725,0
17918,501,3,396.39,0,1,Lost/Inactive,24.74974601542756,1
17919,88,2,1840.32,0,2,At-Risk,1563.6781161031972,1
17920,4,54,24516.46,3,0,Champions,10087.228299576353,0
17921,64,10,2423.5,2,2,At-Risk,1409.6507751316128,0
17922,543,1,170.4,0,1,Lost/Inactive,,1
17923,282,3,497.0,0,1,Lost/Inactive,216.24655127749776,1
17924,12,8,3536.7000000000003,9,0,Champions,2617.939326174284,0
17925,373,1,488.16,0,1,Lost/Inactive,,1
17926,133,5,1035.49,0,2,At-Risk,523.583172074253,1
17927,722,1,294.0,0,1,Lost/Inactive,-5.757336381547099,1
17928,45,3,341.24,0,3,New/Occasional,159.30193708536643,0
17929,11,12,3082.1,1,0,Champions,1224.3668196109902,0
17930,36,13,4275.22,3,0,Champions,2021.8377948276716,0
17931,134,14,3437.29,6,2,At-Risk,1478.3240892602298,1
17932,29,3,1331.57,0,3,New/Occasional,1250.56513800495,0
17933,632,1,114.69,0,1,Lost/Inactive,-6.480167478704159,1
17934,52,3,1049.15,0,3,New/Occasional,699.4110010294866,0
17935,138,7,686.14,2,2,At-Risk,277.99265094757453,1
17936,5,1,389.84,0,3,New/Occasional,,0
17937,9,7,4301.22,0,0,Champions,2572.0046643389937,0
17938,420,1,144.29,0,1,Lost/Inactive,,1
17939,160,1,99.14,0,1,Lost/Inactive,,1
17940,49,16,30393.19,6,0,Champions,11490.675529848597,0
17941,131,4,1433.28,0,2,At-Risk,556.8670818616887,1
17942,8,1,77.50000000000001,0,3,New/Occasional,,0
17944,423,1,75.41,0,1,Lost/Inactive,,1
17945,697,3,360.35,0,1,Lost/Inactive,-5.943514953680621,1
17946,233,2,149.57999999999998,0,1,Lost/Inactive,167.19737171242943,1
17947,37,1,176.68,0,3,New/Occasional,,0
17948,147,1,358.56000000000006,0,1,Lost/Inactive,,1
17949,1,118,118628.08,26,0,Champions,49380.66676001933,0
17950,72,7,1432.81,2,2,At-Risk,653.3301279126425,0
17951,40,4,1636.0800000000002,1,3,New/Occasional,1172.315356711615,0
17952,378,4,819.61,0,2,At-Risk,349.13333509444567,1
17953,540,1,160.82,0,1,Lost/Inactive,,1
17954,5,19,3966.05,14,0,Champions,1608.6741912160487,0
17955,199,6,949.9,0,2,At-Risk,489.88822066335865,1
17956,249,1,12.75,0,1,Lost/Inactive,,1
17957,66,1,111.68,0,1,Lost/Inactive,,0
17958,117,2,973.88,0,2,At-Risk,392.45970865560327,1
17959,592,1,140.75,0,1,Lost/Inactive,-6.867933141170937,1
17960,171,3,135.08,0,1,Lost/Inactive,82.8926420769748,1
17961,21,100,2995.54,2,0,Champions,1257.350373130219,0
17962,142,4,687.42,2,2,At-Risk,187.5009077680914,1
17963,471,4,651.51,0,2,At-Risk,166.33354451866262,1
17964,32,2,733.46,0,3,New/Occasional,298.639050669738,0
17965,38,29,7240.98,9,0,Champions,3030.563370662256,0
17966,38,10,1974.42,0,0,Champions,794.1038933500178,0
17967,372,2,357.29,0,1,Lost/Inactive,180.17554669469945,1
17968,374,4,888.04,0,2,At-Risk,311.0501223976775,1
17969,166,20,2369.94,15,2,At-Risk,793.7804004591588,1
17970,211,1,582.59,0,1,Lost/Inactive,,1
17971,548,1,161.94,0,1,Lost/Inactive,,1
17972,242,1,136.04,0,1,Lost/Inactive,,1
17973,52,1,337.04,0,3,New/Occasional,,0
17974,25,6,1858.06,0,3,New/Occasional,1340.4597063018136,0
17975,15,24,7028.83,2,0,Champions,4301.763477948582,0
17976,372,1,706.38,0,1,Lost/Inactive,,1
17977,29,2,1565.63,2,3,New/Occasional,384.17156673252674,0
17978,365,4,1461.76,0,2,At-Risk,623.3843058345221,1
17979,36,4,757.71,1,3,New/Occasional,743.2036468382584,0
17980,166,4,1033.42,0,2,At-Risk,701.2007058595345,1
17981,411,1,239.12,0,1,Lost/Inactive,,1
17982,681,1,138.18,0,1,Lost/Inactive,-6.069142505936981,1
17983,395,1,171.71,0,1,Lost/Inactive,,1
17984,145,5,1191.27,0,2,At-Risk,474.1731888721624,1
17985,22,1,634.95,0,3,New/Occasional,,0
17986,56,1,20.8,0,1,Lost/Inactive,,0
17987,185,5,1003.64,3,2,At-Risk,500.7126465131181,1
17988,12,14,489.54,1,3,New/Occasional,148.94579514950826,0
17989,379,1,228.83,0,1,Lost/Inactive,,1
17990,237,6,1527.61,1,2,At-Risk,549.146284223263,1
17991,225,3,320.55,0,1,Lost/Inactive,65.89835589121769,1
17992,389,1,254.13,0,1,Lost/Inactive,,1
17993,617,1,235.19,0,1,Lost/Inactive,-6.620318923169691,1
17994,122,11,2313.32,4,2,At-Risk,888.8230846179342,1
17995,282,3,495.48,0,1,Lost/Inactive,127.24880410712636,1
17996,380,3,482.33,0,1,Lost/Inactive,175.47913444732507,1
17997,74,8,1970.67,14,2,At-Risk,2327.845412027312,0
17998,380,3,639.24,1,2,At-Risk,215.56188344580931,1
17999,37,3,730.9,0,3,New/Occasional,606.3495439845008,0
18000,564,1,124.25,0,1,Lost/Inactive,-7.1683050696231305,1
18001,12,6,953.84,0,3,New/Occasional,391.19395228198505,0
18002,376,4,249.92,0,1,Lost/Inactive,95.92923673030688,1
18003,376,1,358.61,0,1,Lost/Inactive,,1
18004,362,1,169.47,0,1,Lost/Inactive,,1
18005,4,2,249.72,0,3,New/Occasional,609.7234909039931,0
18006,23,4,997.86,0,3,New/Occasional,501.4001737618983,0
18007,393,1,220.32,0,1,Lost/Inactive,,1
18008,70,23,19787.13,0,0,Champions,8829.404357768177,0
18009,235,8,2155.83,7,2,At-Risk,908.8041035115872,1
18010,257,1,174.8,0,1,Lost/Inactive,,1
18011,373,2,527.03,0,1,Lost/Inactive,164.71121846857892,1
18012,723,1,115.3,0,1,Lost/Inactive,-5.742946166673313,1
18013,155,2,187.29,0,1,Lost/Inactive,,1
18014,28,1,166.42,0,3,New/Occasional,,0
18015,4,1,120.03,0,3,New/Occasional,,0
18016,32,7,1960.46,0,2,At-Risk,893.8884062465428,0
18017,81,4,688.0,0,2,At-Risk,442.4115625026136,1
18018,108,4,297.99,4,1,Lost/Inactive,136.31524704130862,1
18019,52,1,38.45,0,1,Lost/Inactive,,0
18020,544,1,190.48,2,1,Lost/Inactive,,1
18021,510,2,227.06,0,1,Lost/Inactive,36.24276445427943,1
18022,36,5,1651.79,0,3,New/Occasional,952.8865686134864,0
18024,153,2,389.78,1,1,Lost/Inactive,,1
18025,380,6,1177.72,0,2,At-Risk,349.4194022899106,1
18026,501,2,2074.07,0,2,At-Risk,428.47132934212016,1
18027,99,1,115.31,0,1,Lost/Inactive,,1
18028,583,1,192.05,0,1,Lost/Inactive,-6.961688070923086,1
18029,642,1,433.77,0,1,Lost/Inactive,-6.389994774908239,1
18030,4,2,230.65,1,3,New/Occasional,635.7754545231774,0
18031,379,1,462.1,0,1,Lost/Inactive,,1
18032,334,1,73.5,0,1,Lost/Inactive,,1
18033,65,1,97.97,0,1,Lost/Inactive,,0
18034,22,3,793.7,0,3,New/Occasional,594.2347109423222,0
18035,36,5,1276.74,0,3,New/Occasional,761.210273327215,0
18036,32,11,1563.64,0,0,Champions,692.3207006843759,0
18037,154,15,167.42,0,2,At-Risk,61.98584731562933,1
18038,556,1,149.41,0,1,Lost/Inactive,,1
18039,374,4,579.17,0,2,At-Risk,219.7185302541155,1
18040,19,2,357.20000000000005,0,3,New/Occasional,239.3666891457794,0
18041,12,38,8752.38,3,0,Champions,3716.143847238986,0
18042,54,2,281.15,0,3,New/Occasional,170.36131244533067,0
18043,25,3,875.97,0,3,New/Occasional,267.5755975978467,0
18044,4,18,3505.61,1,0,Champions,1935.9360805048148,0
18045,45,1,189.4,0,3,New/Occasional,,0
18046,650,1,189.63,0,1,Lost/Inactive,-6.328357526291001,1
18047,381,2,342.69,0,1,Lost/Inactive,,1
18048,203,3,401.73,0,1,Lost/Inactive,180.5136610570183,1
18049,437,2,556.52,0,1,Lost/Inactive,197.6424805314992,1
18050,359,2,412.06,0,1,Lost/Inactive,56.33035281663285,1
18051,634,7,2282.28,3,2,At-Risk,2.4620489846286806,1
18052,565,1,10877.18,0,2,At-Risk,-7.1683050696231305,1
18053,71,3,571.07,3,3,New/Occasional,262.4854994318785,0
18054,393,1,176.5,0,1,Lost/Inactive,,1
18055,7,14,11195.57,3,0,Champions,7298.315575210747,0
18056,288,2,554.6,1,1,Lost/Inactive,301.28966706536403,1
18057,393,3,1203.56,0,2,At-Risk,485.19629071619767,1
18058,10,3,774.06,0,3,New/Occasional,306.99576477109656,0
18059,23,3,306.46,2,3,New/Occasional,639.4416545142689,0
18060,408,2,1185.46,0,2,At-Risk,533.2771320550069,1
18061,22,28,6488.97,1,0,Champions,2663.919265216259,0
18062,173,6,1632.67,3,2,At-Risk,679.7774611175564,1
18063,391,2,186.6,0,1,Lost/Inactive,64.91840683592521,1
18064,133,11,4495.03,4,2,At-Risk,1955.2614347667936,1
18065,6,29,5866.63,4,0,Champions,2460.919237268108,0
18066,75,3,1440.4,0,2,At-Risk,667.6952842424677,0
18067,40,1,396.33,0,3,New/Occasional,,0
18068,289,1,101.7,0,1,Lost/Inactive,,1
18069,26,11,4540.56,2,0,Champions,2112.146209419176,0
18070,669,1,314.1,1,1,Lost/Inactive,-6.158647629496283,1
18071,258,6,1428.63,0,2,At-Risk,569.0309017936183,1
18072,186,1,247.44,18,1,Lost/Inactive,,1
18073,114,12,3877.52,3,2,At-Risk,2100.950339313041,1
18074,374,2,1509.04,0,2,At-Risk,789.9868953734159,1
18075,23,20,5783.29,27,0,Champions,3182.326716119008,0
18076,380,1,151.49,0,1,Lost/Inactive,,1
18077,8,18,4338.56,0,0,Champions,1817.1735484033404,0
18078,217,4,844.6,0,2,At-Risk,276.9077811098262,1
18079,45,5,4242.75,0,2,At-Risk,2769.3717381776105,0
18080,19,2,1231.5,0,3,New/Occasional,780.8944617835508,0
18081,36,3,343.45,0,3,New/Occasional,538.2709267769261,0
18082,26,1,703.37,0,3,New/Occasional,,0
18083,398,1,470.73,0,1,Lost/Inactive,,1
18084,16,3,812.9300000000001,3,3,New/Occasional,207.22612756154547,0
18085,330,4,1645.75,0,2,At-Risk,727.0050597083398,1
18086,274,1,101.34,0,1,Lost/Inactive,,1
18087,98,17,14761.52,7,0,Champions,6247.955805908756,1
18088,61,1,167.67000000000002,0,1,Lost/Inactive,,0
18089,447,1,428.45,0,1,Lost/Inactive,,1
18090,422,1,349.4,0,1,Lost/Inactive,,1
18091,593,1,360.85,0,1,Lost/Inactive,-6.857672146575975,1
18092,2,18,16179.44,2,0,Champions,6641.637096666141,0
18093,93,8,4452.71,2,2,At-Risk,2208.8040679460937,1
18094,82,13,6391.52,5,0,Champions,2608.9684526454243,1
18095,313,5,2303.09,0,2,At-Risk,628.2714895016046,1
18096,12,6,1805.28,0,3,New/Occasional,1034.0423230792512,0
18097,8,11,4663.32,3,0,Champions,2081.777117964286,0
18098,396,1,550.84,0,1,Lost/Inactive,,1
18099,127,1,168.31,0,1,Lost/Inactive,,1
18100,550,1,451.56,0,1,Lost/Inactive,,1
18101,11,5,629.16,0,3,New/Occasional,282.7209847521144,0
18102,1,145,608821.65,10,0,Champions,256377.2926897496,0
18103,549,1,105.8,0,1,Lost/Inactive,,1
18104,37,1,754.64,0,3,New/Occasional,,0
18105,38,1,113.48000000000002,0,1,Lost/Inactive,,0
18106,330,6,1461.46,0,2,At-Risk,578.53226559935,1
18107,442,1,167.13,0,1,Lost/Inactive,,1
18108,254,3,848.8100000000001,2,2,At-Risk,201.56122976061215,1
18109,2,38,9893.96,14,0,Champions,5599.978246420222,0
18110,20,2,435.43,3,3,New/Occasional,309.6640328006517,0
18111,589,1,405.85,3,1,Lost/Inactive,-6.898901886930485,1
18112,12,4,775.96,0,3,New/Occasional,431.7319745217443,0
18113,369,1,152.64,0,1,Lost/Inactive,,1
18114,290,1,220.1,0,1,Lost/Inactive,,1
18115,698,1,9.7,0,1,Lost/Inactive,-5.935836213760541,1
18116,68,13,2154.3,0,0,Champions,1410.3553966380648,0
18117,26,1,320.72,0,3,New/Occasional,,0
18118,11,29,6733.22,6,0,Champions,5078.564450545704,0
18119,368,1,362.24,0,1,Lost/Inactive,,1
18120,214,1,111.15,0,1,Lost/Inactive,,1
18121,149,2,673.1,0,1,Lost/Inactive,52.60678805003863,1
18122,8,6,1826.21,0,3,New/Occasional,3046.0804792986514,0
18123,24,3,684.59,0,3,New/Occasional,481.712030952932,0
18124,472,1,111.53,0,1,Lost/Inactive,,1
18125,30,4,1142.99,1,3,New/Occasional,650.3470327422261,0
18126,61,1,206.83,0,1,Lost/Inactive,,0
18127,19,4,561.53,0,3,New/Occasional,352.76435882390655,0
18128,537,1,420.04,0,1,Lost/Inactive,,1
18129,243,1,112.55,0,1,Lost/Inactive,,1
18130,15,3,1059.39,1,3,New/Occasional,2803.2236630839398,0
18131,632,1,222.96,0,1,Lost/Inactive,-6.48932540237404,1
18132,504,1,226.9,0,1,Lost/Inactive,,1
18133,212,1,931.5,1,1,Lost/Inactive,,1
18134,598,2,445.0,0,1,Lost/Inactive,63.70034973775935,1
18135,29,10,1249.62,3,0,Champions,552.2078915701558,0
18136,63,5,1631.36,6,2,At-Risk,731.6710629433634,0
18137,551,2,145.99,0,1,Lost/Inactive,,1
18138,295,1,152.65,0,1,Lost/Inactive,,1
18139,18,6,8438.34,3,0,Champions,12812.356875909883,0
18140,474,1,536.41,0,1,Lost/Inactive,,1
18141,402,2,882.47,2,1,Lost/Inactive,317.4482656851279,1
18142,157,2,1019.52,3,2,At-Risk,1334.4173151021942,1
18143,117,2,1000.16,0,2,At-Risk,1270.191615690838,1
18144,8,19,5058.0,0,0,Champions,1986.353357927462,0
18145,13,11,5617.79,1,0,Champions,2411.4434790839423,0
18146,141,2,160.35,0,1,Lost/Inactive,163.18057796653014,1
18147,46,2,179.34,0,3,New/Occasional,282.26927863485906,0
18148,647,1,114.1,0,1,Lost/Inactive,-6.354626794458289,1
18149,51,7,1624.71,0,2,At-Risk,679.4644024551181,0
18150,32,3,566.58,0,3,New/Occasional,594.5065276989408,0
18151,135,6,1879.44,1,2,At-Risk,704.8959117574749,1
18152,646,1,426.69,0,1,Lost/Inactive,-6.354626794458289,1
18153,659,1,246.22,0,1,Lost/Inactive,-6.242345564784637,1
18154,3,5,932.6,0,3,New/Occasional,539.5368669290501,0
18155,75,3,371.62,3,3,New/Occasional,335.5945158284155,0
18156,13,2,941.17,0,3,New/Occasional,753.7749976882118,0
18157,571,1,215.35,0,1,Lost/Inactive,-7.090766100189274,1
18158,9,2,453.4,1,3,New/Occasional,445.9041008037402,0
18159,301,1,530.15,0,1,Lost/Inactive,,1
18160,57,3,1003.88,0,3,New/Occasional,660.4038315088059,0
18161,15,6,1803.1,1,3,New/Occasional,1409.9308515224125,0
18162,732,1,379.16,0,1,Lost/Inactive,-5.679073001230779,1
18163,584,1,728.84,5,1,Lost/Inactive,-6.951144165835234,1
18164,37,1,399.65,1,3,New/Occasional,,0
18165,177,1,302.46,0,1,Lost/Inactive,,1
18166,624,1,175.5,0,1,Lost/Inactive,-6.56353458910395,1
18167,23,3,1384.86,6,3,New/Occasional,2396.780898050164,0
18168,176,16,3770.27,26,2,At-Risk,1339.181360005695,1
18169,61,1,202.65,0,1,Lost/Inactive,,0
18170,33,9,2878.0,0,0,Champions,1259.112598140399,0
18171,59,9,2437.31,2,2,At-Risk,1019.3831257260596,0
18172,15,52,17479.84,16,0,Champions,7454.551057920263,0
18173,87,5,2696.36,0,2,At-Risk,1238.0075448482835,1
18174,7,2,162.5,0,3,New/Occasional,99.77044303545844,0
18175,676,1,176.10000000000002,0,1,Lost/Inactive,-6.1095009696104245,1
18176,358,1,476.35,3,1,Lost/Inactive,,1
18177,31,9,2216.87,1,0,Champions,878.1618733593159,0
18178,129,11,6103.74,4,2,At-Risk,2713.527361893457,1
18179,9,8,2547.55,0,0,Champions,1150.018860208492,0
18180,5,6,1843.75,0,3,New/Occasional,2863.066823908709,0
18181,24,5,1205.94,2,3,New/Occasional,456.83577994670856,0
18182,463,1,291.13,0,1,Lost/Inactive,,1
18183,227,2,632.07,7,1,Lost/Inactive,421.1338937915971,1
18184,15,1,49.8,0,3,New/Occasional,,0
18185,249,1,304.25,0,1,Lost/Inactive,,1
18186,723,1,329.58000000000004,0,1,Lost/Inactive,-5.750132244762025,1
18187,632,1,724.89,6,1,Lost/Inactive,-6.48932540237404,1
18188,15,6,3280.59,2,0,Champions,1681.2846076706571,0
18189,78,3,1403.73,2,2,At-Risk,740.1899226906514,1
18190,192,5,745.62,1,2,At-Risk,276.6326495885967,1
18191,262,2,529.4,0,1,Lost/Inactive,211.15049080682255,1
18192,72,1,957.97,0,3,New/Occasional,,0
18193,165,3,1207.35,3,2,At-Risk,464.3483637051468,1
18194,82,6,4162.04,2,2,At-Risk,1825.469016359452,1
18195,387,1,101.16,0,1,Lost/Inactive,,1
18196,95,4,1464.31,0,2,At-Risk,707.1279537677482,1
18197,576,1,230.1,2,1,Lost/Inactive,-7.047209492487372,1
18198,4,17,5425.56,7,0,Champions,4474.495106274319,0
18199,684,1,344.75,1,1,Lost/Inactive,-6.045183147380313,1
18200,106,1,163.8,0,1,Lost/Inactive,,1
18201,723,1,447.53,0,1,Lost/Inactive,-5.750132244762025,1
18202,200,3,1396.99,0,2,At-Risk,1267.4696453579477,1
18203,157,4,504.42,0,2,At-Risk,208.55769206029237,1
18204,71,3,1993.7,2,2,At-Risk,2529.3369963776204,0
18205,36,2,517.36,0,3,New/Occasional,1228.4947016257724,0
18206,553,1,314.66,0,1,Lost/Inactive,,1
18207,499,1,544.47,3,1,Lost/Inactive,,1
18208,566,1,360.08,0,1,Lost/Inactive,-7.157124004667104,1
18209,29,1,139.10000000000002,0,3,New/Occasional,,0
18210,2,7,2768.83,0,0,Champions,2218.467992768945,0
18211,26,5,600.07,0,3,New/Occasional,539.1600532336538,0
18212,326,2,546.72,0,1,Lost/Inactive,188.8974765451148,1
18213,237,1,232.48,0,1,Lost/Inactive,,1
18214,531,4,1780.34,4,2,At-Risk,29.71773590138821,1
18215,89,5,2247.49,1,2,At-Risk,838.3187105546235,1
18216,31,1,481.75,0,3,New/Occasional,,0
18217,29,4,945.04,4,3,New/Occasional,463.29587848619377,0
18218,211,4,1142.0,3,2,At-Risk,473.2747406106821,1
18219,3,17,3562.89,3,0,Champions,1511.7633028000682,0
18220,227,6,1921.76,7,2,At-Risk,777.6946180847722,1
18221,22,6,1424.94,4,3,New/Occasional,885.6703023729012,0
18222,93,1,443.0,0,1,Lost/Inactive,,1
18223,5,26,14000.85,76,0,Champions,5548.153990981341,0
18224,264,1,158.95000000000002,0,1,Lost/Inactive,,1
18225,3,26,13054.26,25,0,Champions,5626.049704053543,0
18226,44,26,11878.88,16,0,Champions,5550.52225683186,0
18227,218,2,388.75,1,1,Lost/Inactive,100.3170768547207,1
18228,57,2,779.9,2,3,New/Occasional,1397.0605286162347,0
18229,12,28,10803.71,0,0,Champions,4493.407772286279,0
18230,9,9,4291.06,4,0,Champions,2494.04179752866,0
18231,192,28,6880.97,4,0,Champions,819.4106028347672,1
18232,82,4,592.97,3,2,At-Risk,745.6233625424363,1
18233,326,1,440.0,0,1,Lost/Inactive,,1
18234,552,1,179.6,0,1,Lost/Inactive,,1
18235,72,3,1796.48,0,2,At-Risk,2195.665120855469,0
18236,30,12,1795.35,0,0,Champions,849.377226649045,0
18237,3,5,987.1,0,3,New/Occasional,1329.6403388104204,0
18238,515,1,270.92,0,1,Lost/Inactive,,1
18239,219,6,2150.36,0,2,At-Risk,1235.8661433825312,1
18240,46,1,422.58,0,3,New/Occasional,,0
18241,10,21,2986.99,2,0,Champions,1415.2772241173975,0
18242,72,8,3605.21,0,2,At-Risk,1621.5160832651736,0
18243,414,1,515.78,0,1,Lost/Inactive,,1
18244,431,2,568.64,0,1,Lost/Inactive,173.03128431142972,1
18245,7,20,6324.9800000000005,5,0,Champions,3014.715266448097,0
18246,24,3,758.8199999999999,0,3,New/Occasional,418.5941931254808,0
18247,415,3,839.73,10,2,At-Risk,346.08411753452384,1
18248,123,2,804.02,2,2,At-Risk,660.4782606028149,1
18249,17,1,95.34,0,3,New/Occasional,,0
18250,310,1,349.27,1,1,Lost/Inactive,,1
18251,87,9,26278.86,0,0,Champions,10857.915641272511,1
18252,51,7,1542.09,1,2,At-Risk,561.7444982364319,0
18253,643,1,317.88,0,1,Lost/Inactive,-6.389994774908239,1
18254,581,1,267.9,0,1,Lost/Inactive,-6.982872499969936,1
18255,89,2,303.15,0,1,Lost/Inactive,123.65353610548668,1
18256,388,1,110.7,4,1,Lost/Inactive,,1
18257,39,12,4600.15,12,0,Champions,2110.25547324377,0
18258,464,6,2059.67,3,2,At-Risk,109.32089775913312,1
18259,25,7,4318.2,0,0,Champions,1886.9471002463376,0
18260,173,23,9962.11,19,0,Champions,2868.558372421412,1
18261,43,2,324.24,0,3,New/Occasional,372.6733319710397,0
18262,140,3,577.54,0,2,At-Risk,261.6363142045007,1
18263,26,3,1213.16,1,3,New/Occasional,1332.7740297749692,0
18264,499,1,603.25,0,1,Lost/Inactive,,1
18265,72,2,801.51,0,3,New/Occasional,812.7841696360775,0
18266,434,1,251.1,0,1,Lost/Inactive,,1
18267,673,1,269.37,3,1,Lost/Inactive,-6.1339755448511575,1
18268,134,6,1490.23,4,2,At-Risk,537.9666222573695,1
18269,366,1,337.20000000000005,1,1,Lost/Inactive,,1
18270,38,3,444.55,2,3,New/Occasional,269.62556357205807,0
18271,610,2,680.85,0,1,Lost/Inactive,221.8615205474227,1
18272,3,9,4385.9800000000005,6,0,Champions,1946.077809959068,0
18273,2,4,357.0,0,3,New/Occasional,134.5699728951395,0
18274,30,1,175.92,11,3,New/Occasional,,0
18275,578,2,741.85,0,1,Lost/Inactive,187.900033161471,1
18276,44,6,1656.52,5,2,At-Risk,702.9669602553541,0
18277,58,5,1180.05,4,2,At-Risk,636.4578145523856,0
18278,74,2,414.2000000000001,0,3,New/Occasional,228.3614963181596,0
18279,519,1,231.34,0,1,Lost/Inactive,,1
18280,278,2,488.15,2,1,Lost/Inactive,195.85812976464277,1
18281,181,2,201.14,0,1,Lost/Inactive,77.48981947717914,1
18282,8,2,178.05,1,3,New/Occasional,258.75816623355865,0
18283,4,22,2736.65,0,0,Champions,1276.348186195699,0
18284,432,1,461.68,1,1,Lost/Inactive,,1
18285,661,1,427.0,0,1,Lost/Inactive,-6.233873203765293,1
18286,477,2,1296.43,3,2,At-Risk,522.1905404464019,1
18287,43,7,4182.99,1,0,Champions,1890.7003002117335,0
